--------- beginning of main
I/adbd    ( 1256): adbd service requested 'shell,v2,TERM=dumb,raw:am broadcast -n com.example.ollamataskerbridge/.bridge.OllamaBridgeReceiver -a com.example.ollamataskerbridge.action.GENERATE --es backend local --es model smollm2:135m --es prompt TESTONE --es system_prompt plain --ei max_tokens 16 --ef temperature 0.2 --es request_id local-cpu-1'
I/ActivityManager( 1509): Broadcasting: Intent { act=com.example.ollamataskerbridge.action.GENERATE flg=0x400000 cmp=com.example.ollamataskerbridge/.bridge.OllamaBridgeReceiver (has extras) }
--------- beginning of system
I/ActivityManager( 1509): Enqueued broadcast Intent { act=com.example.ollamataskerbridge.action.GENERATE flg=0x400000 cmp=com.example.ollamataskerbridge/.bridge.OllamaBridgeReceiver (has extras) }: 0
V/GrammaticalInflectionUtils( 1509): AttributionSource: android.content.AttributionSource@44eda2e6 does not have READ_SYSTEM_GRAMMATICAL_GENDER permission.
D/Zygote  (  941): Forked child process 4224
I/ActivityManager( 1509): Start proc 4224:com.example.ollamataskerbridge/u0a480 for broadcast {com.example.ollamataskerbridge/com.example.ollamataskerbridge.bridge.OllamaBridgeReceiver}
I/libprocessgroup( 4224): Created cgroup /sys/fs/cgroup/apps/uid_10480/pid_4224
I/Zygote  ( 4224): Process 4224 created for com.example.ollamataskerbridge
I/amataskerbridge( 4224): Late-enabling -Xcheck:jni
I/amataskerbridge( 4224): Using generational CollectorTypeCMC GC.
I/adbd    ( 1256): jdwp connection from 4224
D/nativeloader( 4224): Load libframework-connectivity-tiramisu-jni.so using APEX ns com_android_tethering for caller /apex/com.android.tethering/javalib/framework-connectivity-t.jar: ok
D/ApplicationLoaders( 4224): Returning zygote-cached class loader: /system_ext/framework/androidx.window.extensions.jar
D/ApplicationLoaders( 4224): Returning zygote-cached class loader: /system_ext/framework/androidx.window.sidecar.jar
D/nativeloader( 4224): Configuring clns-9 for other apk /data/app/~~0TirYOKk7cIcLwG1kr7zGA==/com.example.ollamataskerbridge-QeScb-30bO72zJamaxYIcg==/base.apk. target_sdk_version=36, uses_libraries=, library_path=/data/app/~~0TirYOKk7cIcLwG1kr7zGA==/com.example.ollamataskerbridge-QeScb-30bO72zJamaxYIcg==/lib/arm64:/data/app/~~0TirYOKk7cIcLwG1kr7zGA==/com.example.ollamataskerbridge-QeScb-30bO72zJamaxYIcg==/base.apk!/lib/arm64-v8a, permitted_path=/data:/mnt/expand:/data/user/0/com.example.ollamataskerbridge
V/GraphicsEnvironment( 4224): Currently set values for:
V/GraphicsEnvironment( 4224):   angle_gl_driver_selection_pkgs=[com.android.angle]
V/GraphicsEnvironment( 4224):   angle_gl_driver_selection_values=[angle]
V/GraphicsEnvironment( 4224): com.example.ollamataskerbridge is not listed in per-application setting
V/GraphicsEnvironment( 4224): No special selections for ANGLE, returning default driver choice
V/GraphicsEnvironment( 4224): Neither updatable production driver nor prerelease driver is supported.
I/InferenceEngineImpl( 4224): Instantiating InferenceEngineImpl,,,
I/InferenceEngineImpl( 4224): Loading native library...
D/nativeloader( 4224): Load /data/app/~~0TirYOKk7cIcLwG1kr7zGA==/com.example.ollamataskerbridge-QeScb-30bO72zJamaxYIcg==/base.apk!/lib/arm64-v8a/libai-chat.so using class loader ns clns-9 (caller=/data/app/~~0TirYOKk7cIcLwG1kr7zGA==/com.example.ollamataskerbridge-QeScb-30bO72zJamaxYIcg==/base.apk!classes4.dex): ok
I/InferenceEngineImpl( 4224): SUPPORTED_ABIS=arm64-v8a
I/InferenceEngineImpl( 4224): nativeLibraryDir=/data/app/~~0TirYOKk7cIcLwG1kr7zGA==/com.example.ollamataskerbridge-QeScb-30bO72zJamaxYIcg==/lib/arm64 files=
I/ai-chat ( 4224): Native library/backend path: /data/app/~~0TirYOKk7cIcLwG1kr7zGA==/com.example.ollamataskerbridge-QeScb-30bO72zJamaxYIcg==/lib/arm64
I/ai-chat ( 4224): Static CPU backend build: dynamic backend loading is disabled
I/ai-chat ( 4224): Backend registry count = 1
I/ai-chat ( 4224): Backend[0] = CPU
I/ai-chat ( 4224): Backend initiated; Log handler set.
I/InferenceEngineImpl( 4224): Native library loaded! System info: 
I/InferenceEngineImpl( 4224): CPU : NEON = 1 | ARM_FMA = 1 | REPACK = 1 | 
I/InferenceEngineImpl( 4224): Checking access to model file... 
I/InferenceEngineImpl( 4224): /data/user/0/com.example.ollamataskerbridge/files/models/smollm2_135m.gguf
I/InferenceEngineImpl( 4224): Loading model... 
I/InferenceEngineImpl( 4224): /data/user/0/com.example.ollamataskerbridge/files/models/smollm2_135m.gguf
I/ai-chat ( 4224): Model path=/data/user/0/com.example.ollamataskerbridge/files/models/smollm2_135m.gguf size=105454432 stat=0
D/ai-chat ( 4224): Java_com_arm_aichat_internal_InferenceEngineImpl_load: Loading model from: 
D/ai-chat ( 4224): /data/user/0/com.example.ollamataskerbridge/files/models/smollm2_135m.gguf
I/ai-chat ( 4224): llama_model_loader: loaded meta data with 37 key-value pairs and 272 tensors from /data/user/0/com.example.ollamataskerbridge/files/models/smollm2_135m.gguf (version GGUF V3 (latest))
I/ai-chat ( 4224): llama_model_loader: Dumping metadata keys/values. Note: KV overrides do not apply in this output.
I/ai-chat ( 4224): llama_model_loader: - kv   0:                       general.architecture str              = llama
I/ai-chat ( 4224): llama_model_loader: - kv   1:                               general.type str              = model
I/ai-chat ( 4224): llama_model_loader: - kv   2:                               general.name str              = Smollm2 135M 8k Lc100K Mix1 Ep2
I/ai-chat ( 4224): llama_model_loader: - kv   3:                       general.organization str              = HuggingFaceTB
I/ai-chat ( 4224): llama_model_loader: - kv   4:                           general.finetune str              = 8k-lc100k-mix1-ep2
I/ai-chat ( 4224): llama_model_loader: - kv   5:                           general.basename str              = smollm2
I/ai-chat ( 4224): llama_model_loader: - kv   6:                         general.size_label str              = 135M
I/ai-chat ( 4224): llama_model_loader: - kv   7:                            general.license str              = apache-2.0
I/ai-chat ( 4224): llama_model_loader: - kv   8:                          general.languages arr[str,1]       = ["en"]
I/ai-chat ( 4224): llama_model_loader: - kv   9:                          llama.block_count u32              = 30
I/ai-chat ( 4224): llama_model_loader: - kv  10:                       llama.context_length u32              = 8192
I/ai-chat ( 4224): llama_model_loader: - kv  11:                     llama.embedding_length u32              = 576
I/ai-chat ( 4224): llama_model_loader: - kv  12:                  llama.feed_forward_length u32              = 1536
I/ai-chat ( 4224): llama_model_loader: - kv  13:                 llama.attention.head_count u32              = 9
I/ai-chat ( 4224): llama_model_loader: - kv  14:              llama.attention.head_count_kv u32              = 3
I/ai-chat ( 4224): llama_model_loader: - kv  15:                       llama.rope.freq_base f32              = 100000.000000
I/ai-chat ( 4224): llama_model_loader: - kv  16:     llama.attention.layer_norm_rms_epsilon f32              = 0.000010
I/ai-chat ( 4224): llama_model_loader: - kv  17:                          general.file_type u32              = 15
I/ai-chat ( 4224): llama_model_loader: - kv  18:                           llama.vocab_size u32              = 49152
I/ai-chat ( 4224): llama_model_loader: - kv  19:                 llama.rope.dimension_count u32              = 64
I/ai-chat ( 4224): llama_model_loader: - kv  20:            tokenizer.ggml.add_space_prefix bool             = false
I/ai-chat ( 4224): llama_model_loader: - kv  21:               tokenizer.ggml.add_bos_token bool             = false
I/ai-chat ( 4224): llama_model_loader: - kv  22:                       tokenizer.ggml.model str              = gpt2
I/ai-chat ( 4224): llama_model_loader: - kv  23:                         tokenizer.ggml.pre str              = smollm
I/ai-chat ( 4224): llama_model_loader: - kv  24:                      tokenizer.ggml.tokens arr[str,49152]   = ["<|endoftext|>", "<|im_start|>", "<|...
I/ai-chat ( 4224): llama_model_loader: - kv  25:                  tokenizer.ggml.token_type arr[i32,49152]   = [3, 3, 3, 3, 3, 3, 3, 3, 3, 3, 3, 3, ...
I/ai-chat ( 4224): llama_model_loader: - kv  26:                      tokenizer.ggml.merges arr[str,48900]   = ["Ġ t", "Ġ a", "i n", "h e", "Ġ Ġ...
I/ai-chat ( 4224): llama_model_loader: - kv  27:                tokenizer.ggml.bos_token_id u32              = 1
I/ai-chat ( 4224): llama_model_loader: - kv  28:                tokenizer.ggml.eos_token_id u32              = 2
I/ai-chat ( 4224): llama_model_loader: - kv  29:            tokenizer.ggml.unknown_token_id u32              = 0
I/ai-chat ( 4224): llama_model_loader: - kv  30:            tokenizer.ggml.padding_token_id u32              = 2
I/ai-chat ( 4224): llama_model_loader: - kv  31:                    tokenizer.chat_template str              = {% for message in messages %}{% if lo...
I/ai-chat ( 4224): llama_model_loader: - kv  32:               general.quantization_version u32              = 2
I/ai-chat ( 4224): llama_model_loader: - kv  33:                      quantize.imatrix.file str              = /models_out/SmolLM2-135M-Instruct-GGU...
I/ai-chat ( 4224): llama_model_loader: - kv  34:                   quantize.imatrix.dataset str              = /training_dir/calibration_datav3.txt
I/ai-chat ( 4224): llama_model_loader: - kv  35:             quantize.imatrix.entries_count i32              = 210
I/ai-chat ( 4224): llama_model_loader: - kv  36:              quantize.imatrix.chunks_count i32              = 141
I/ai-chat ( 4224): llama_model_loader: - type  f32:   61 tensors
I/ai-chat ( 4224): llama_model_loader: - type q5_0:  166 tensors
I/ai-chat ( 4224): llama_model_loader: - type q8_0:   15 tensors
I/ai-chat ( 4224): llama_model_loader: - type q4_K:   16 tensors
I/ai-chat ( 4224): llama_model_loader: - type q6_K:   14 tensors
I/ai-chat ( 4224): print_info: file format = GGUF V3 (latest)
I/ai-chat ( 4224): print_info: file type   = Q4_K - Medium
I/ai-chat ( 4224): print_info: file size   = 98.87 MiB (6.17 BPW) 
D/BoundBrokerSvc( 2764): onUnbind: Intent { act=com.google.android.gms.findmydevice.spot.service.locationreport.START dat=chimera-action:/... xflg=0x4 cmp=com.google.android.gms/.chimera.PersistentApiService }
I/pixel-thermal( 1798): charger_therm:36.313 raw data: charger_therm:36313 
I/pixel-thermal( 1798): VIRTUAL-SKIN-CHARGE:35.513 raw data: VIRTUAL-SKIN-CHARGE:35513 VIRTUAL-SKIN-CHARGE-SUB-1:34676.4 VIRTUAL-SKIN-CHARGE-SUB-2:35513 charger_therm:36313 modem_therm:35690 quiet_therm:34644 rffe_therm:33820 soc_therm:35133 
I/pixel-thermal( 1798): VIRTUAL-SKIN-CHARGE power_budget=4737.23 err=2.48695 s_power=2200 time_elapsed_ms=7015 p=994.781 i=1600 d=-0 dt_per_min=nan compensation=0 budget transient=0 control target=2 excluded power budget=57.5534 (PARTIAL_SYSTEM_POWER: 1151.07 mW, cdev_weight: 0.050000)
I/pixel-thermal( 1798): VIRTUAL-SKIN-SPEAKER:34.6718 raw data: VIRTUAL-SKIN-SPEAKER:34671.8 VIRTUAL-SKIN-SPEAKER-SUB-1:32178.8 VIRTUAL-SKIN-SPEAKER-SUB-2:34671.8 battery:34400 gnss_tcxo_therm:35668 quiet_therm:34644 soc_therm:35133 usb_conn_therm:33597 
I/pixel-thermal( 1798): VIRTUAL-SKIN-CHARGE-WLC:35.2512 raw data: VIRTUAL-SKIN-CHARGE-WLC:35251.2 charger_therm:36313 modem_therm:35690 rffe_therm:33820 soc_therm:35133 
I/pixel-thermal( 1798): VIRTUAL-SKIN-CHARGE-WLC power_budget=2234.66 err=2.74884 s_power=1400 time_elapsed_ms=7015 p=549.767 i=400 d=-0 dt_per_min=nan compensation=0 budget transient=0 control target=2 excluded power budget=115.107 (PARTIAL_SYSTEM_POWER: 1151.07 mW, cdev_weight: 0.100000)
D/ai-chat ( 4224): init_tokenizer: initializing tokenizer for type 2
I/ai-chat ( 4224): load: 0 unused tokens
D/ai-chat ( 4224): load: control token:     15 '<jupyter_script>' is not marked as EOG
D/ai-chat ( 4224): load: control token:      7 '<gh_stars>' is not marked as EOG
D/ai-chat ( 4224): load: control token:      5 '<file_sep>' is not marked as EOG
D/ai-chat ( 4224): load: control token:     12 '<jupyter_text>' is not marked as EOG
D/ai-chat ( 4224): load: control token:     10 '<issue_closed>' is not marked as EOG
D/ai-chat ( 4224): load: control token:     11 '<jupyter_start>' is not marked as EOG
D/ai-chat ( 4224): load: control token:      1 '<|im_start|>' is not marked as EOG
D/ai-chat ( 4224): load: control token:      9 '<issue_comment>' is not marked as EOG
D/ai-chat ( 4224): load: control token:      8 '<issue_start>' is not marked as EOG
D/ai-chat ( 4224): load: control token:     13 '<jupyter_code>' is not marked as EOG
D/ai-chat ( 4224): load: control token:      3 '<repo_name>' is not marked as EOG
D/ai-chat ( 4224): load: control token:      6 '<filename>' is not marked as EOG
D/ai-chat ( 4224): load: control token:     14 '<jupyter_output>' is not marked as EOG
D/ai-chat ( 4224): load: control token:     16 '<empty_output>' is not marked as EOG
I/ai-chat ( 4224): load: printing all EOG tokens:
I/ai-chat ( 4224): load:   - 0 ('<|endoftext|>')
I/ai-chat ( 4224): load:   - 2 ('<|im_end|>')
I/ai-chat ( 4224): load:   - 4 ('<reponame>')
I/ai-chat ( 4224): load: special tokens cache size = 17
I/ai-chat ( 4224): load: token to piece cache size = 0.3170 MB
I/ai-chat ( 4224): print_info: arch                  = llama
I/ai-chat ( 4224): print_info: vocab_only            = 0
I/ai-chat ( 4224): print_info: no_alloc              = 0
I/ai-chat ( 4224): print_info: n_ctx_train           = 8192
I/ai-chat ( 4224): print_info: n_embd_inp            = 576
I/ai-chat ( 4224): print_info: n_embd                = 576
I/ai-chat ( 4224): print_info: n_embd_out            = 576
I/ai-chat ( 4224): print_info: n_layer               = 30
I/ai-chat ( 4224): print_info: n_layer_all           = 30
I/ai-chat ( 4224): print_info: n_head                = 9
I/ai-chat ( 4224): print_info: n_head_kv             = 3
I/ai-chat ( 4224): print_info: n_rot                 = 64
I/ai-chat ( 4224): print_info: n_swa                 = 0
I/ai-chat ( 4224): print_info: is_swa_any            = 0
I/ai-chat ( 4224): print_info: n_embd_head_k         = 64
I/ai-chat ( 4224): print_info: n_embd_head_v         = 64
I/ai-chat ( 4224): print_info: n_gqa                 = 3
I/ai-chat ( 4224): print_info: n_embd_k_gqa          = 192
I/ai-chat ( 4224): print_info: n_embd_v_gqa          = 192
I/ai-chat ( 4224): print_info: f_norm_eps            = 0.0e+00
I/ai-chat ( 4224): print_info: f_norm_rms_eps        = 1.0e-05
I/ai-chat ( 4224): print_info: f_clamp_kqv           = 0.0e+00
I/ai-chat ( 4224): print_info: f_max_alibi_bias      = 0.0e+00
I/ai-chat ( 4224): print_info: f_logit_scale         = 0.0e+00
I/ai-chat ( 4224): print_info: f_attn_scale          = 0.0e+00
I/ai-chat ( 4224): print_info: f_attn_value_scale    = 0.0000
I/ai-chat ( 4224): print_info: n_ff                  = 1536
I/ai-chat ( 4224): print_info: n_expert              = 0
I/ai-chat ( 4224): print_info: n_expert_used         = 0
I/ai-chat ( 4224): print_info: n_expert_groups       = 0
I/ai-chat ( 4224): print_info: n_group_used          = 0
I/ai-chat ( 4224): print_info: causal attn           = 1
I/ai-chat ( 4224): print_info: pooling type          = -1
I/ai-chat ( 4224): print_info: rope type             = 0
I/ai-chat ( 4224): print_info: rope scaling          = linear
I/ai-chat ( 4224): print_info: freq_base_train       = 100000.0
I/ai-chat ( 4224): print_info: freq_scale_train      = 1
I/ai-chat ( 4224): print_info: n_ctx_orig_yarn       = 8192
I/ai-chat ( 4224): print_info: rope_yarn_log_mul     = 0.0000
I/ai-chat ( 4224): print_info: rope_finetuned        = unknown
I/ai-chat ( 4224): print_info: model type            = 256M
I/ai-chat ( 4224): print_info: model params          = 134.52 M
I/ai-chat ( 4224): print_info: general.name          = Smollm2 135M 8k Lc100K Mix1 Ep2
I/ai-chat ( 4224): print_info: vocab type            = BPE
I/ai-chat ( 4224): print_info: n_vocab               = 49152
I/ai-chat ( 4224): print_info: n_merges              = 48900
I/ai-chat ( 4224): print_info: BOS token             = 1 '<|im_start|>'
I/ai-chat ( 4224): print_info: EOS token             = 2 '<|im_end|>'
I/ai-chat ( 4224): print_info: EOT token             = 2 '<|im_end|>'
I/ai-chat ( 4224): print_info: UNK token             = 0 '<|endoftext|>'
I/ai-chat ( 4224): print_info: PAD token             = 2 '<|im_end|>'
I/ai-chat ( 4224): print_info: LF token              = 198 'Ċ'
I/ai-chat ( 4224): print_info: FIM REP token         = 4 '<reponame>'
I/ai-chat ( 4224): print_info: EOG token             = 0 '<|endoftext|>'
I/ai-chat ( 4224): print_info: EOG token             = 2 '<|im_end|>'
I/ai-chat ( 4224): print_info: EOG token             = 4 '<reponame>'
I/ai-chat ( 4224): print_info: max token length      = 162
I/ai-chat ( 4224): load_tensors: loading model tensors, this can take a while... (load_mode = mmap)
D/ai-chat ( 4224): load_tensors: layer   0 assigned to device CPU, is_swa = 0
D/ai-chat ( 4224): load_tensors: layer   1 assigned to device CPU, is_swa = 0
D/ai-chat ( 4224): load_tensors: layer   2 assigned to device CPU, is_swa = 0
D/ai-chat ( 4224): load_tensors: layer   3 assigned to device CPU, is_swa = 0
D/ai-chat ( 4224): load_tensors: layer   4 assigned to device CPU, is_swa = 0
D/ai-chat ( 4224): load_tensors: layer   5 assigned to device CPU, is_swa = 0
D/ai-chat ( 4224): load_tensors: layer   6 assigned to device CPU, is_swa = 0
D/ai-chat ( 4224): load_tensors: layer   7 assigned to device CPU, is_swa = 0
D/ai-chat ( 4224): load_tensors: layer   8 assigned to device CPU, is_swa = 0
D/ai-chat ( 4224): load_tensors: layer   9 assigned to device CPU, is_swa = 0
D/ai-chat ( 4224): load_tensors: layer  10 assigned to device CPU, is_swa = 0
D/ai-chat ( 4224): load_tensors: layer  11 assigned to device CPU, is_swa = 0
D/ai-chat ( 4224): load_tensors: layer  12 assigned to device CPU, is_swa = 0
D/ai-chat ( 4224): load_tensors: layer  13 assigned to device CPU, is_swa = 0
D/ai-chat ( 4224): load_tensors: layer  14 assigned to device CPU, is_swa = 0
D/ai-chat ( 4224): load_tensors: layer  15 assigned to device CPU, is_swa = 0
D/ai-chat ( 4224): load_tensors: layer  16 assigned to device CPU, is_swa = 0
D/ai-chat ( 4224): load_tensors: layer  17 assigned to device CPU, is_swa = 0
D/ai-chat ( 4224): load_tensors: layer  18 assigned to device CPU, is_swa = 0
D/ai-chat ( 4224): load_tensors: layer  19 assigned to device CPU, is_swa = 0
D/ai-chat ( 4224): load_tensors: layer  20 assigned to device CPU, is_swa = 0
D/ai-chat ( 4224): load_tensors: layer  21 assigned to device CPU, is_swa = 0
D/ai-chat ( 4224): load_tensors: layer  22 assigned to device CPU, is_swa = 0
D/ai-chat ( 4224): load_tensors: layer  23 assigned to device CPU, is_swa = 0
D/ai-chat ( 4224): load_tensors: layer  24 assigned to device CPU, is_swa = 0
D/ai-chat ( 4224): load_tensors: layer  25 assigned to device CPU, is_swa = 0
D/ai-chat ( 4224): load_tensors: layer  26 assigned to device CPU, is_swa = 0
D/ai-chat ( 4224): load_tensors: layer  27 assigned to device CPU, is_swa = 0
D/ai-chat ( 4224): load_tensors: layer  28 assigned to device CPU, is_swa = 0
D/ai-chat ( 4224): load_tensors: layer  29 assigned to device CPU, is_swa = 0
D/ai-chat ( 4224): load_tensors: layer  30 assigned to device CPU, is_swa = 0
D/ai-chat ( 4224): create_tensor: loading tensor token_embd.weight
D/ai-chat ( 4224): create_tensor: loading tensor output_norm.weight
D/ai-chat ( 4224): create_tensor: loading tensor output.weight
D/ai-chat ( 4224): create_tensor: loading tensor token_embd.weight
D/ai-chat ( 4224): create_tensor: loading tensor blk.0.attn_norm.weight
D/ai-chat ( 4224): create_tensor: loading tensor blk.0.attn_qkv.weight
D/ai-chat ( 4224): create_tensor: loading tensor blk.0.attn_q.weight
D/ai-chat ( 4224): create_tensor: loading tensor blk.0.attn_k.weight
D/ai-chat ( 4224): create_tensor: loading tensor blk.0.attn_v.weight
D/ai-chat ( 4224): create_tensor: loading tensor blk.0.attn_q.bias
D/ai-chat ( 4224): create_tensor: loading tensor blk.0.attn_k.bias
D/ai-chat ( 4224): create_tensor: loading tensor blk.0.attn_v.bias
D/ai-chat ( 4224): create_tensor: loading tensor blk.0.attn_output.weight
D/ai-chat ( 4224): create_tensor: loading tensor blk.0.attn_output.bias
D/ai-chat ( 4224): create_tensor: loading tensor blk.0.ffn_norm.weight
D/ai-chat ( 4224): create_tensor: loading tensor rope_freqs.weight
D/ai-chat ( 4224): create_tensor: loading tensor blk.0.ffn_gate.weight
D/ai-chat ( 4224): create_tensor: loading tensor blk.0.ffn_down.weight
D/ai-chat ( 4224): create_tensor: loading tensor blk.0.ffn_up.weight
D/ai-chat ( 4224): create_tensor: loading tensor blk.0.ffn_gate.bias
D/ai-chat ( 4224): create_tensor: loading tensor blk.0.ffn_down.bias
D/ai-chat ( 4224): create_tensor: loading tensor blk.0.ffn_up.bias
D/ai-chat ( 4224): create_tensor: loading tensor blk.1.attn_norm.weight
D/ai-chat ( 4224): create_tensor: loading tensor blk.1.attn_qkv.weight
D/ai-chat ( 4224): create_tensor: loading tensor blk.1.attn_q.weight
D/ai-chat ( 4224): create_tensor: loading tensor blk.1.attn_k.weight
D/ai-chat ( 4224): create_tensor: loading tensor blk.1.attn_v.weight
D/ai-chat ( 4224): create_tensor: loading tensor blk.1.attn_q.bias
D/ai-chat ( 4224): create_tensor: loading tensor blk.1.attn_k.bias
D/ai-chat ( 4224): create_tensor: loading tensor blk.1.attn_v.bias
D/ai-chat ( 4224): create_tensor: loading tensor blk.1.attn_output.weight
D/ai-chat ( 4224): create_tensor: loading tensor blk.1.attn_output.bias
D/ai-chat ( 4224): create_tensor: loading tensor blk.1.ffn_norm.weight
D/ai-chat ( 4224): create_tensor: loading tensor rope_freqs.weight
D/ai-chat ( 4224): create_tensor: loading tensor blk.1.ffn_gate.weight
D/ai-chat ( 4224): create_tensor: loading tensor blk.1.ffn_down.weight
D/ai-chat ( 4224): create_tensor: loading tensor blk.1.ffn_up.weight
D/ai-chat ( 4224): create_tensor: loading tensor blk.1.ffn_gate.bias
D/ai-chat ( 4224): create_tensor: loading tensor blk.1.ffn_down.bias
D/ai-chat ( 4224): create_tensor: loading tensor blk.1.ffn_up.bias
D/ai-chat ( 4224): create_tensor: loading tensor blk.2.attn_norm.weight
D/ai-chat ( 4224): create_tensor: loading tensor blk.2.attn_qkv.weight
D/ai-chat ( 4224): create_tensor: loading tensor blk.2.attn_q.weight
D/ai-chat ( 4224): create_tensor: loading tensor blk.2.attn_k.weight
D/ai-chat ( 4224): create_tensor: loading tensor blk.2.attn_v.weight
D/ai-chat ( 4224): create_tensor: loading tensor blk.2.attn_q.bias
D/ai-chat ( 4224): create_tensor: loading tensor blk.2.attn_k.bias
D/ai-chat ( 4224): create_tensor: loading tensor blk.2.attn_v.bias
D/ai-chat ( 4224): create_tensor: loading tensor blk.2.attn_output.weight
D/ai-chat ( 4224): create_tensor: loading tensor blk.2.attn_output.bias
D/ai-chat ( 4224): create_tensor: loading tensor blk.2.ffn_norm.weight
D/ai-chat ( 4224): create_tensor: loading tensor rope_freqs.weight
D/ai-chat ( 4224): create_tensor: loading tensor blk.2.ffn_gate.weight
D/ai-chat ( 4224): create_tensor: loading tensor blk.2.ffn_down.weight
D/ai-chat ( 4224): create_tensor: loading tensor blk.2.ffn_up.weight
D/ai-chat ( 4224): create_tensor: loading tensor blk.2.ffn_gate.bias
D/ai-chat ( 4224): create_tensor: loading tensor blk.2.ffn_down.bias
D/ai-chat ( 4224): create_tensor: loading tensor blk.2.ffn_up.bias
D/ai-chat ( 4224): create_tensor: loading tensor blk.3.attn_norm.weight
D/ai-chat ( 4224): create_tensor: loading tensor blk.3.attn_qkv.weight
D/ai-chat ( 4224): create_tensor: loading tensor blk.3.attn_q.weight
D/ai-chat ( 4224): create_tensor: loading tensor blk.3.attn_k.weight
D/ai-chat ( 4224): create_tensor: loading tensor blk.3.attn_v.weight
D/ai-chat ( 4224): create_tensor: loading tensor blk.3.attn_q.bias
D/ai-chat ( 4224): create_tensor: loading tensor blk.3.attn_k.bias
D/ai-chat ( 4224): create_tensor: loading tensor blk.3.attn_v.bias
D/ai-chat ( 4224): create_tensor: loading tensor blk.3.attn_output.weight
D/ai-chat ( 4224): create_tensor: loading tensor blk.3.attn_output.bias
D/ai-chat ( 4224): create_tensor: loading tensor blk.3.ffn_norm.weight
D/ai-chat ( 4224): create_tensor: loading tensor rope_freqs.weight
D/ai-chat ( 4224): create_tensor: loading tensor blk.3.ffn_gate.weight
D/ai-chat ( 4224): create_tensor: loading tensor blk.3.ffn_down.weight
D/ai-chat ( 4224): create_tensor: loading tensor blk.3.ffn_up.weight
D/ai-chat ( 4224): create_tensor: loading tensor blk.3.ffn_gate.bias
D/ai-chat ( 4224): create_tensor: loading tensor blk.3.ffn_down.bias
D/ai-chat ( 4224): create_tensor: loading tensor blk.3.ffn_up.bias
D/ai-chat ( 4224): create_tensor: loading tensor blk.4.attn_norm.weight
D/ai-chat ( 4224): create_tensor: loading tensor blk.4.attn_qkv.weight
D/ai-chat ( 4224): create_tensor: loading tensor blk.4.attn_q.weight
D/ai-chat ( 4224): create_tensor: loading tensor blk.4.attn_k.weight
D/ai-chat ( 4224): create_tensor: loading tensor blk.4.attn_v.weight
D/ai-chat ( 4224): create_tensor: loading tensor blk.4.attn_q.bias
D/ai-chat ( 4224): create_tensor: loading tensor blk.4.attn_k.bias
D/ai-chat ( 4224): create_tensor: loading tensor blk.4.attn_v.bias
D/ai-chat ( 4224): create_tensor: loading tensor blk.4.attn_output.weight
D/ai-chat ( 4224): create_tensor: loading tensor blk.4.attn_output.bias
D/ai-chat ( 4224): create_tensor: loading tensor blk.4.ffn_norm.weight
D/ai-chat ( 4224): create_tensor: loading tensor rope_freqs.weight
D/ai-chat ( 4224): create_tensor: loading tensor blk.4.ffn_gate.weight
D/ai-chat ( 4224): create_tensor: loading tensor blk.4.ffn_down.weight
D/ai-chat ( 4224): create_tensor: loading tensor blk.4.ffn_up.weight
D/ai-chat ( 4224): create_tensor: loading tensor blk.4.ffn_gate.bias
D/ai-chat ( 4224): create_tensor: loading tensor blk.4.ffn_down.bias
D/ai-chat ( 4224): create_tensor: loading tensor blk.4.ffn_up.bias
D/ai-chat ( 4224): create_tensor: loading tensor blk.5.attn_norm.weight
D/ai-chat ( 4224): create_tensor: loading tensor blk.5.attn_qkv.weight
D/ai-chat ( 4224): create_tensor: loading tensor blk.5.attn_q.weight
D/ai-chat ( 4224): create_tensor: loading tensor blk.5.attn_k.weight
D/ai-chat ( 4224): create_tensor: loading tensor blk.5.attn_v.weight
D/ai-chat ( 4224): create_tensor: loading tensor blk.5.attn_q.bias
D/ai-chat ( 4224): create_tensor: loading tensor blk.5.attn_k.bias
D/ai-chat ( 4224): create_tensor: loading tensor blk.5.attn_v.bias
D/ai-chat ( 4224): create_tensor: loading tensor blk.5.attn_output.weight
D/ai-chat ( 4224): create_tensor: loading tensor blk.5.attn_output.bias
D/ai-chat ( 4224): create_tensor: loading tensor blk.5.ffn_norm.weight
D/ai-chat ( 4224): create_tensor: loading tensor rope_freqs.weight
D/ai-chat ( 4224): create_tensor: loading tensor blk.5.ffn_gate.weight
D/ai-chat ( 4224): create_tensor: loading tensor blk.5.ffn_down.weight
D/ai-chat ( 4224): create_tensor: loading tensor blk.5.ffn_up.weight
D/ai-chat ( 4224): create_tensor: loading tensor blk.5.ffn_gate.bias
D/ai-chat ( 4224): create_tensor: loading tensor blk.5.ffn_down.bias
D/ai-chat ( 4224): create_tensor: loading tensor blk.5.ffn_up.bias
D/ai-chat ( 4224): create_tensor: loading tensor blk.6.attn_norm.weight
D/ai-chat ( 4224): create_tensor: loading tensor blk.6.attn_qkv.weight
D/ai-chat ( 4224): create_tensor: loading tensor blk.6.attn_q.weight
D/ai-chat ( 4224): create_tensor: loading tensor blk.6.attn_k.weight
D/ai-chat ( 4224): create_tensor: loading tensor blk.6.attn_v.weight
D/ai-chat ( 4224): create_tensor: loading tensor blk.6.attn_q.bias
D/ai-chat ( 4224): create_tensor: loading tensor blk.6.attn_k.bias
D/ai-chat ( 4224): create_tensor: loading tensor blk.6.attn_v.bias
D/ai-chat ( 4224): create_tensor: loading tensor blk.6.attn_output.weight
D/ai-chat ( 4224): create_tensor: loading tensor blk.6.attn_output.bias
D/ai-chat ( 4224): create_tensor: loading tensor blk.6.ffn_norm.weight
D/ai-chat ( 4224): create_tensor: loading tensor rope_freqs.weight
D/ai-chat ( 4224): create_tensor: loading tensor blk.6.ffn_gate.weight
D/ai-chat ( 4224): create_tensor: loading tensor blk.6.ffn_down.weight
D/ai-chat ( 4224): create_tensor: loading tensor blk.6.ffn_up.weight
D/ai-chat ( 4224): create_tensor: loading tensor blk.6.ffn_gate.bias
D/ai-chat ( 4224): create_tensor: loading tensor blk.6.ffn_down.bias
D/ai-chat ( 4224): create_tensor: loading tensor blk.6.ffn_up.bias
D/ai-chat ( 4224): create_tensor: loading tensor blk.7.attn_norm.weight
D/ai-chat ( 4224): create_tensor: loading tensor blk.7.attn_qkv.weight
D/ai-chat ( 4224): create_tensor: loading tensor blk.7.attn_q.weight
D/ai-chat ( 4224): create_tensor: loading tensor blk.7.attn_k.weight
D/ai-chat ( 4224): create_tensor: loading tensor blk.7.attn_v.weight
D/ai-chat ( 4224): create_tensor: loading tensor blk.7.attn_q.bias
D/ai-chat ( 4224): create_tensor: loading tensor blk.7.attn_k.bias
D/ai-chat ( 4224): create_tensor: loading tensor blk.7.attn_v.bias
D/ai-chat ( 4224): create_tensor: loading tensor blk.7.attn_output.weight
D/ai-chat ( 4224): create_tensor: loading tensor blk.7.attn_output.bias
D/ai-chat ( 4224): create_tensor: loading tensor blk.7.ffn_norm.weight
D/ai-chat ( 4224): create_tensor: loading tensor rope_freqs.weight
D/ai-chat ( 4224): create_tensor: loading tensor blk.7.ffn_gate.weight
D/ai-chat ( 4224): create_tensor: loading tensor blk.7.ffn_down.weight
D/ai-chat ( 4224): create_tensor: loading tensor blk.7.ffn_up.weight
D/ai-chat ( 4224): create_tensor: loading tensor blk.7.ffn_gate.bias
D/ai-chat ( 4224): create_tensor: loading tensor blk.7.ffn_down.bias
D/ai-chat ( 4224): create_tensor: loading tensor blk.7.ffn_up.bias
D/ai-chat ( 4224): create_tensor: loading tensor blk.8.attn_norm.weight
D/ai-chat ( 4224): create_tensor: loading tensor blk.8.attn_qkv.weight
D/ai-chat ( 4224): create_tensor: loading tensor blk.8.attn_q.weight
D/ai-chat ( 4224): create_tensor: loading tensor blk.8.attn_k.weight
D/ai-chat ( 4224): create_tensor: loading tensor blk.8.attn_v.weight
D/ai-chat ( 4224): create_tensor: loading tensor blk.8.attn_q.bias
D/ai-chat ( 4224): create_tensor: loading tensor blk.8.attn_k.bias
D/ai-chat ( 4224): create_tensor: loading tensor blk.8.attn_v.bias
D/ai-chat ( 4224): create_tensor: loading tensor blk.8.attn_output.weight
D/ai-chat ( 4224): create_tensor: loading tensor blk.8.attn_output.bias
D/ai-chat ( 4224): create_tensor: loading tensor blk.8.ffn_norm.weight
D/ai-chat ( 4224): create_tensor: loading tensor rope_freqs.weight
D/ai-chat ( 4224): create_tensor: loading tensor blk.8.ffn_gate.weight
D/ai-chat ( 4224): create_tensor: loading tensor blk.8.ffn_down.weight
D/ai-chat ( 4224): create_tensor: loading tensor blk.8.ffn_up.weight
D/ai-chat ( 4224): create_tensor: loading tensor blk.8.ffn_gate.bias
D/ai-chat ( 4224): create_tensor: loading tensor blk.8.ffn_down.bias
D/ai-chat ( 4224): create_tensor: loading tensor blk.8.ffn_up.bias
D/ai-chat ( 4224): create_tensor: loading tensor blk.9.attn_norm.weight
D/ai-chat ( 4224): create_tensor: loading tensor blk.9.attn_qkv.weight
D/ai-chat ( 4224): create_tensor: loading tensor blk.9.attn_q.weight
D/ai-chat ( 4224): create_tensor: loading tensor blk.9.attn_k.weight
D/ai-chat ( 4224): create_tensor: loading tensor blk.9.attn_v.weight
D/ai-chat ( 4224): create_tensor: loading tensor blk.9.attn_q.bias
D/ai-chat ( 4224): create_tensor: loading tensor blk.9.attn_k.bias
D/ai-chat ( 4224): create_tensor: loading tensor blk.9.attn_v.bias
D/ai-chat ( 4224): create_tensor: loading tensor blk.9.attn_output.weight
D/ai-chat ( 4224): create_tensor: loading tensor blk.9.attn_output.bias
D/ai-chat ( 4224): create_tensor: loading tensor blk.9.ffn_norm.weight
D/ai-chat ( 4224): create_tensor: loading tensor rope_freqs.weight
D/ai-chat ( 4224): create_tensor: loading tensor blk.9.ffn_gate.weight
D/ai-chat ( 4224): create_tensor: loading tensor blk.9.ffn_down.weight
D/ai-chat ( 4224): create_tensor: loading tensor blk.9.ffn_up.weight
D/ai-chat ( 4224): create_tensor: loading tensor blk.9.ffn_gate.bias
D/ai-chat ( 4224): create_tensor: loading tensor blk.9.ffn_down.bias
D/ai-chat ( 4224): create_tensor: loading tensor blk.9.ffn_up.bias
D/ai-chat ( 4224): create_tensor: loading tensor blk.10.attn_norm.weight
D/ai-chat ( 4224): create_tensor: loading tensor blk.10.attn_qkv.weight
D/ai-chat ( 4224): create_tensor: loading tensor blk.10.attn_q.weight
D/ai-chat ( 4224): create_tensor: loading tensor blk.10.attn_k.weight
D/ai-chat ( 4224): create_tensor: loading tensor blk.10.attn_v.weight
D/ai-chat ( 4224): create_tensor: loading tensor blk.10.attn_q.bias
D/ai-chat ( 4224): create_tensor: loading tensor blk.10.attn_k.bias
D/ai-chat ( 4224): create_tensor: loading tensor blk.10.attn_v.bias
D/ai-chat ( 4224): create_tensor: loading tensor blk.10.attn_output.weight
D/ai-chat ( 4224): create_tensor: loading tensor blk.10.attn_output.bias
D/ai-chat ( 4224): create_tensor: loading tensor blk.10.ffn_norm.weight
D/ai-chat ( 4224): create_tensor: loading tensor rope_freqs.weight
D/ai-chat ( 4224): create_tensor: loading tensor blk.10.ffn_gate.weight
D/ai-chat ( 4224): create_tensor: loading tensor blk.10.ffn_down.weight
D/ai-chat ( 4224): create_tensor: loading tensor blk.10.ffn_up.weight
D/ai-chat ( 4224): create_tensor: loading tensor blk.10.ffn_gate.bias
D/ai-chat ( 4224): create_tensor: loading tensor blk.10.ffn_down.bias
D/ai-chat ( 4224): create_tensor: loading tensor blk.10.ffn_up.bias
D/ai-chat ( 4224): create_tensor: loading tensor blk.11.attn_norm.weight
D/ai-chat ( 4224): create_tensor: loading tensor blk.11.attn_qkv.weight
D/ai-chat ( 4224): create_tensor: loading tensor blk.11.attn_q.weight
D/ai-chat ( 4224): create_tensor: loading tensor blk.11.attn_k.weight
D/ai-chat ( 4224): create_tensor: loading tensor blk.11.attn_v.weight
D/ai-chat ( 4224): create_tensor: loading tensor blk.11.attn_q.bias
D/ai-chat ( 4224): create_tensor: loading tensor blk.11.attn_k.bias
D/ai-chat ( 4224): create_tensor: loading tensor blk.11.attn_v.bias
D/ai-chat ( 4224): create_tensor: loading tensor blk.11.attn_output.weight
D/ai-chat ( 4224): create_tensor: loading tensor blk.11.attn_output.bias
D/ai-chat ( 4224): create_tensor: loading tensor blk.11.ffn_norm.weight
D/ai-chat ( 4224): create_tensor: loading tensor rope_freqs.weight
D/ai-chat ( 4224): create_tensor: loading tensor blk.11.ffn_gate.weight
D/ai-chat ( 4224): create_tensor: loading tensor blk.11.ffn_down.weight
D/ai-chat ( 4224): create_tensor: loading tensor blk.11.ffn_up.weight
D/ai-chat ( 4224): create_tensor: loading tensor blk.11.ffn_gate.bias
D/ai-chat ( 4224): create_tensor: loading tensor blk.11.ffn_down.bias
D/ai-chat ( 4224): create_tensor: loading tensor blk.11.ffn_up.bias
D/ai-chat ( 4224): create_tensor: loading tensor blk.12.attn_norm.weight
D/ai-chat ( 4224): create_tensor: loading tensor blk.12.attn_qkv.weight
D/ai-chat ( 4224): create_tensor: loading tensor blk.12.attn_q.weight
D/ai-chat ( 4224): create_tensor: loading tensor blk.12.attn_k.weight
D/ai-chat ( 4224): create_tensor: loading tensor blk.12.attn_v.weight
D/ai-chat ( 4224): create_tensor: loading tensor blk.12.attn_q.bias
D/ai-chat ( 4224): create_tensor: loading tensor blk.12.attn_k.bias
D/ai-chat ( 4224): create_tensor: loading tensor blk.12.attn_v.bias
D/ai-chat ( 4224): create_tensor: loading tensor blk.12.attn_output.weight
D/ai-chat ( 4224): create_tensor: loading tensor blk.12.attn_output.bias
D/ai-chat ( 4224): create_tensor: loading tensor blk.12.ffn_norm.weight
D/ai-chat ( 4224): create_tensor: loading tensor rope_freqs.weight
D/ai-chat ( 4224): create_tensor: loading tensor blk.12.ffn_gate.weight
D/ai-chat ( 4224): create_tensor: loading tensor blk.12.ffn_down.weight
D/ai-chat ( 4224): create_tensor: loading tensor blk.12.ffn_up.weight
D/ai-chat ( 4224): create_tensor: loading tensor blk.12.ffn_gate.bias
D/ai-chat ( 4224): create_tensor: loading tensor blk.12.ffn_down.bias
D/ai-chat ( 4224): create_tensor: loading tensor blk.12.ffn_up.bias
D/ai-chat ( 4224): create_tensor: loading tensor blk.13.attn_norm.weight
D/ai-chat ( 4224): create_tensor: loading tensor blk.13.attn_qkv.weight
D/ai-chat ( 4224): create_tensor: loading tensor blk.13.attn_q.weight
D/ai-chat ( 4224): create_tensor: loading tensor blk.13.attn_k.weight
D/ai-chat ( 4224): create_tensor: loading tensor blk.13.attn_v.weight
D/ai-chat ( 4224): create_tensor: loading tensor blk.13.attn_q.bias
D/ai-chat ( 4224): create_tensor: loading tensor blk.13.attn_k.bias
D/ai-chat ( 4224): create_tensor: loading tensor blk.13.attn_v.bias
D/ai-chat ( 4224): create_tensor: loading tensor blk.13.attn_output.weight
D/ai-chat ( 4224): create_tensor: loading tensor blk.13.attn_output.bias
D/ai-chat ( 4224): create_tensor: loading tensor blk.13.ffn_norm.weight
D/ai-chat ( 4224): create_tensor: loading tensor rope_freqs.weight
D/ai-chat ( 4224): create_tensor: loading tensor blk.13.ffn_gate.weight
D/ai-chat ( 4224): create_tensor: loading tensor blk.13.ffn_down.weight
D/ai-chat ( 4224): create_tensor: loading tensor blk.13.ffn_up.weight
D/ai-chat ( 4224): create_tensor: loading tensor blk.13.ffn_gate.bias
D/ai-chat ( 4224): create_tensor: loading tensor blk.13.ffn_down.bias
D/ai-chat ( 4224): create_tensor: loading tensor blk.13.ffn_up.bias
D/ai-chat ( 4224): create_tensor: loading tensor blk.14.attn_norm.weight
D/ai-chat ( 4224): create_tensor: loading tensor blk.14.attn_qkv.weight
D/ai-chat ( 4224): create_tensor: loading tensor blk.14.attn_q.weight
D/ai-chat ( 4224): create_tensor: loading tensor blk.14.attn_k.weight
D/ai-chat ( 4224): create_tensor: loading tensor blk.14.attn_v.weight
D/ai-chat ( 4224): create_tensor: loading tensor blk.14.attn_q.bias
D/ai-chat ( 4224): create_tensor: loading tensor blk.14.attn_k.bias
D/ai-chat ( 4224): create_tensor: loading tensor blk.14.attn_v.bias
D/ai-chat ( 4224): create_tensor: loading tensor blk.14.attn_output.weight
D/ai-chat ( 4224): create_tensor: loading tensor blk.14.attn_output.bias
D/ai-chat ( 4224): create_tensor: loading tensor blk.14.ffn_norm.weight
D/ai-chat ( 4224): create_tensor: loading tensor rope_freqs.weight
D/ai-chat ( 4224): create_tensor: loading tensor blk.14.ffn_gate.weight
D/ai-chat ( 4224): create_tensor: loading tensor blk.14.ffn_down.weight
D/ai-chat ( 4224): create_tensor: loading tensor blk.14.ffn_up.weight
D/ai-chat ( 4224): create_tensor: loading tensor blk.14.ffn_gate.bias
D/ai-chat ( 4224): create_tensor: loading tensor blk.14.ffn_down.bias
D/ai-chat ( 4224): create_tensor: loading tensor blk.14.ffn_up.bias
D/ai-chat ( 4224): create_tensor: loading tensor blk.15.attn_norm.weight
D/ai-chat ( 4224): create_tensor: loading tensor blk.15.attn_qkv.weight
D/ai-chat ( 4224): create_tensor: loading tensor blk.15.attn_q.weight
D/ai-chat ( 4224): create_tensor: loading tensor blk.15.attn_k.weight
D/ai-chat ( 4224): create_tensor: loading tensor blk.15.attn_v.weight
D/ai-chat ( 4224): create_tensor: loading tensor blk.15.attn_q.bias
D/ai-chat ( 4224): create_tensor: loading tensor blk.15.attn_k.bias
D/ai-chat ( 4224): create_tensor: loading tensor blk.15.attn_v.bias
D/ai-chat ( 4224): create_tensor: loading tensor blk.15.attn_output.weight
D/ai-chat ( 4224): create_tensor: loading tensor blk.15.attn_output.bias
D/ai-chat ( 4224): create_tensor: loading tensor blk.15.ffn_norm.weight
D/ai-chat ( 4224): create_tensor: loading tensor rope_freqs.weight
D/ai-chat ( 4224): create_tensor: loading tensor blk.15.ffn_gate.weight
D/ai-chat ( 4224): create_tensor: loading tensor blk.15.ffn_down.weight
D/ai-chat ( 4224): create_tensor: loading tensor blk.15.ffn_up.weight
D/ai-chat ( 4224): create_tensor: loading tensor blk.15.ffn_gate.bias
D/ai-chat ( 4224): create_tensor: loading tensor blk.15.ffn_down.bias
D/ai-chat ( 4224): create_tensor: loading tensor blk.15.ffn_up.bias
D/ai-chat ( 4224): create_tensor: loading tensor blk.16.attn_norm.weight
D/ai-chat ( 4224): create_tensor: loading tensor blk.16.attn_qkv.weight
D/ai-chat ( 4224): create_tensor: loading tensor blk.16.attn_q.weight
D/ai-chat ( 4224): create_tensor: loading tensor blk.16.attn_k.weight
D/ai-chat ( 4224): create_tensor: loading tensor blk.16.attn_v.weight
D/ai-chat ( 4224): create_tensor: loading tensor blk.16.attn_q.bias
D/ai-chat ( 4224): create_tensor: loading tensor blk.16.attn_k.bias
D/ai-chat ( 4224): create_tensor: loading tensor blk.16.attn_v.bias
D/ai-chat ( 4224): create_tensor: loading tensor blk.16.attn_output.weight
D/ai-chat ( 4224): create_tensor: loading tensor blk.16.attn_output.bias
D/ai-chat ( 4224): create_tensor: loading tensor blk.16.ffn_norm.weight
D/ai-chat ( 4224): create_tensor: loading tensor rope_freqs.weight
D/ai-chat ( 4224): create_tensor: loading tensor blk.16.ffn_gate.weight
D/ai-chat ( 4224): create_tensor: loading tensor blk.16.ffn_down.weight
D/ai-chat ( 4224): create_tensor: loading tensor blk.16.ffn_up.weight
D/ai-chat ( 4224): create_tensor: loading tensor blk.16.ffn_gate.bias
D/ai-chat ( 4224): create_tensor: loading tensor blk.16.ffn_down.bias
D/ai-chat ( 4224): create_tensor: loading tensor blk.16.ffn_up.bias
D/ai-chat ( 4224): create_tensor: loading tensor blk.17.attn_norm.weight
D/ai-chat ( 4224): create_tensor: loading tensor blk.17.attn_qkv.weight
D/ai-chat ( 4224): create_tensor: loading tensor blk.17.attn_q.weight
D/ai-chat ( 4224): create_tensor: loading tensor blk.17.attn_k.weight
D/ai-chat ( 4224): create_tensor: loading tensor blk.17.attn_v.weight
D/ai-chat ( 4224): create_tensor: loading tensor blk.17.attn_q.bias
D/ai-chat ( 4224): create_tensor: loading tensor blk.17.attn_k.bias
D/ai-chat ( 4224): create_tensor: loading tensor blk.17.attn_v.bias
D/ai-chat ( 4224): create_tensor: loading tensor blk.17.attn_output.weight
D/ai-chat ( 4224): create_tensor: loading tensor blk.17.attn_output.bias
D/ai-chat ( 4224): create_tensor: loading tensor blk.17.ffn_norm.weight
D/ai-chat ( 4224): create_tensor: loading tensor rope_freqs.weight
D/ai-chat ( 4224): create_tensor: loading tensor blk.17.ffn_gate.weight
D/ai-chat ( 4224): create_tensor: loading tensor blk.17.ffn_down.weight
D/ai-chat ( 4224): create_tensor: loading tensor blk.17.ffn_up.weight
D/ai-chat ( 4224): create_tensor: loading tensor blk.17.ffn_gate.bias
D/ai-chat ( 4224): create_tensor: loading tensor blk.17.ffn_down.bias
D/ai-chat ( 4224): create_tensor: loading tensor blk.17.ffn_up.bias
D/ai-chat ( 4224): create_tensor: loading tensor blk.18.attn_norm.weight
D/ai-chat ( 4224): create_tensor: loading tensor blk.18.attn_qkv.weight
D/ai-chat ( 4224): create_tensor: loading tensor blk.18.attn_q.weight
D/ai-chat ( 4224): create_tensor: loading tensor blk.18.attn_k.weight
D/ai-chat ( 4224): create_tensor: loading tensor blk.18.attn_v.weight
D/ai-chat ( 4224): create_tensor: loading tensor blk.18.attn_q.bias
D/ai-chat ( 4224): create_tensor: loading tensor blk.18.attn_k.bias
D/ai-chat ( 4224): create_tensor: loading tensor blk.18.attn_v.bias
D/ai-chat ( 4224): create_tensor: loading tensor blk.18.attn_output.weight
D/ai-chat ( 4224): create_tensor: loading tensor blk.18.attn_output.bias
D/ai-chat ( 4224): create_tensor: loading tensor blk.18.ffn_norm.weight
D/ai-chat ( 4224): create_tensor: loading tensor rope_freqs.weight
D/ai-chat ( 4224): create_tensor: loading tensor blk.18.ffn_gate.weight
D/ai-chat ( 4224): create_tensor: loading tensor blk.18.ffn_down.weight
D/ai-chat ( 4224): create_tensor: loading tensor blk.18.ffn_up.weight
D/ai-chat ( 4224): create_tensor: loading tensor blk.18.ffn_gate.bias
D/ai-chat ( 4224): create_tensor: loading tensor blk.18.ffn_down.bias
D/ai-chat ( 4224): create_tensor: loading tensor blk.18.ffn_up.bias
D/ai-chat ( 4224): create_tensor: loading tensor blk.19.attn_norm.weight
D/ai-chat ( 4224): create_tensor: loading tensor blk.19.attn_qkv.weight
D/ai-chat ( 4224): create_tensor: loading tensor blk.19.attn_q.weight
D/ai-chat ( 4224): create_tensor: loading tensor blk.19.attn_k.weight
D/ai-chat ( 4224): create_tensor: loading tensor blk.19.attn_v.weight
D/ai-chat ( 4224): create_tensor: loading tensor blk.19.attn_q.bias
D/ai-chat ( 4224): create_tensor: loading tensor blk.19.attn_k.bias
D/ai-chat ( 4224): create_tensor: loading tensor blk.19.attn_v.bias
D/ai-chat ( 4224): create_tensor: loading tensor blk.19.attn_output.weight
D/ai-chat ( 4224): create_tensor: loading tensor blk.19.attn_output.bias
D/ai-chat ( 4224): create_tensor: loading tensor blk.19.ffn_norm.weight
D/ai-chat ( 4224): create_tensor: loading tensor rope_freqs.weight
D/ai-chat ( 4224): create_tensor: loading tensor blk.19.ffn_gate.weight
D/ai-chat ( 4224): create_tensor: loading tensor blk.19.ffn_down.weight
D/ai-chat ( 4224): create_tensor: loading tensor blk.19.ffn_up.weight
D/ai-chat ( 4224): create_tensor: loading tensor blk.19.ffn_gate.bias
D/ai-chat ( 4224): create_tensor: loading tensor blk.19.ffn_down.bias
D/ai-chat ( 4224): create_tensor: loading tensor blk.19.ffn_up.bias
D/ai-chat ( 4224): create_tensor: loading tensor blk.20.attn_norm.weight
D/ai-chat ( 4224): create_tensor: loading tensor blk.20.attn_qkv.weight
D/ai-chat ( 4224): create_tensor: loading tensor blk.20.attn_q.weight
D/ai-chat ( 4224): create_tensor: loading tensor blk.20.attn_k.weight
D/ai-chat ( 4224): create_tensor: loading tensor blk.20.attn_v.weight
D/ai-chat ( 4224): create_tensor: loading tensor blk.20.attn_q.bias
D/ai-chat ( 4224): create_tensor: loading tensor blk.20.attn_k.bias
D/ai-chat ( 4224): create_tensor: loading tensor blk.20.attn_v.bias
D/ai-chat ( 4224): create_tensor: loading tensor blk.20.attn_output.weight
D/ai-chat ( 4224): create_tensor: loading tensor blk.20.attn_output.bias
D/ai-chat ( 4224): create_tensor: loading tensor blk.20.ffn_norm.weight
D/ai-chat ( 4224): create_tensor: loading tensor rope_freqs.weight
D/ai-chat ( 4224): create_tensor: loading tensor blk.20.ffn_gate.weight
D/ai-chat ( 4224): create_tensor: loading tensor blk.20.ffn_down.weight
D/ai-chat ( 4224): create_tensor: loading tensor blk.20.ffn_up.weight
D/ai-chat ( 4224): create_tensor: loading tensor blk.20.ffn_gate.bias
D/ai-chat ( 4224): create_tensor: loading tensor blk.20.ffn_down.bias
D/ai-chat ( 4224): create_tensor: loading tensor blk.20.ffn_up.bias
D/ai-chat ( 4224): create_tensor: loading tensor blk.21.attn_norm.weight
D/ai-chat ( 4224): create_tensor: loading tensor blk.21.attn_qkv.weight
D/ai-chat ( 4224): create_tensor: loading tensor blk.21.attn_q.weight
D/ai-chat ( 4224): create_tensor: loading tensor blk.21.attn_k.weight
D/ai-chat ( 4224): create_tensor: loading tensor blk.21.attn_v.weight
D/ai-chat ( 4224): create_tensor: loading tensor blk.21.attn_q.bias
D/ai-chat ( 4224): create_tensor: loading tensor blk.21.attn_k.bias
D/ai-chat ( 4224): create_tensor: loading tensor blk.21.attn_v.bias
D/ai-chat ( 4224): create_tensor: loading tensor blk.21.attn_output.weight
D/ai-chat ( 4224): create_tensor: loading tensor blk.21.attn_output.bias
D/ai-chat ( 4224): create_tensor: loading tensor blk.21.ffn_norm.weight
D/ai-chat ( 4224): create_tensor: loading tensor rope_freqs.weight
D/ai-chat ( 4224): create_tensor: loading tensor blk.21.ffn_gate.weight
D/ai-chat ( 4224): create_tensor: loading tensor blk.21.ffn_down.weight
D/ai-chat ( 4224): create_tensor: loading tensor blk.21.ffn_up.weight
D/ai-chat ( 4224): create_tensor: loading tensor blk.21.ffn_gate.bias
D/ai-chat ( 4224): create_tensor: loading tensor blk.21.ffn_down.bias
D/ai-chat ( 4224): create_tensor: loading tensor blk.21.ffn_up.bias
D/ai-chat ( 4224): create_tensor: loading tensor blk.22.attn_norm.weight
D/ai-chat ( 4224): create_tensor: loading tensor blk.22.attn_qkv.weight
D/ai-chat ( 4224): create_tensor: loading tensor blk.22.attn_q.weight
D/ai-chat ( 4224): create_tensor: loading tensor blk.22.attn_k.weight
D/ai-chat ( 4224): create_tensor: loading tensor blk.22.attn_v.weight
D/ai-chat ( 4224): create_tensor: loading tensor blk.22.attn_q.bias
D/ai-chat ( 4224): create_tensor: loading tensor blk.22.attn_k.bias
D/ai-chat ( 4224): create_tensor: loading tensor blk.22.attn_v.bias
D/ai-chat ( 4224): create_tensor: loading tensor blk.22.attn_output.weight
D/ai-chat ( 4224): create_tensor: loading tensor blk.22.attn_output.bias
D/ai-chat ( 4224): create_tensor: loading tensor blk.22.ffn_norm.weight
D/ai-chat ( 4224): create_tensor: loading tensor rope_freqs.weight
D/ai-chat ( 4224): create_tensor: loading tensor blk.22.ffn_gate.weight
D/ai-chat ( 4224): create_tensor: loading tensor blk.22.ffn_down.weight
D/ai-chat ( 4224): create_tensor: loading tensor blk.22.ffn_up.weight
D/ai-chat ( 4224): create_tensor: loading tensor blk.22.ffn_gate.bias
D/ai-chat ( 4224): create_tensor: loading tensor blk.22.ffn_down.bias
D/ai-chat ( 4224): create_tensor: loading tensor blk.22.ffn_up.bias
D/ai-chat ( 4224): create_tensor: loading tensor blk.23.attn_norm.weight
D/ai-chat ( 4224): create_tensor: loading tensor blk.23.attn_qkv.weight
D/ai-chat ( 4224): create_tensor: loading tensor blk.23.attn_q.weight
D/ai-chat ( 4224): create_tensor: loading tensor blk.23.attn_k.weight
D/ai-chat ( 4224): create_tensor: loading tensor blk.23.attn_v.weight
D/ai-chat ( 4224): create_tensor: loading tensor blk.23.attn_q.bias
D/ai-chat ( 4224): create_tensor: loading tensor blk.23.attn_k.bias
D/ai-chat ( 4224): create_tensor: loading tensor blk.23.attn_v.bias
D/ai-chat ( 4224): create_tensor: loading tensor blk.23.attn_output.weight
D/ai-chat ( 4224): create_tensor: loading tensor blk.23.attn_output.bias
D/ai-chat ( 4224): create_tensor: loading tensor blk.23.ffn_norm.weight
D/ai-chat ( 4224): create_tensor: loading tensor rope_freqs.weight
D/ai-chat ( 4224): create_tensor: loading tensor blk.23.ffn_gate.weight
D/ai-chat ( 4224): create_tensor: loading tensor blk.23.ffn_down.weight
D/ai-chat ( 4224): create_tensor: loading tensor blk.23.ffn_up.weight
D/ai-chat ( 4224): create_tensor: loading tensor blk.23.ffn_gate.bias
D/ai-chat ( 4224): create_tensor: loading tensor blk.23.ffn_down.bias
D/ai-chat ( 4224): create_tensor: loading tensor blk.23.ffn_up.bias
D/ai-chat ( 4224): create_tensor: loading tensor blk.24.attn_norm.weight
D/ai-chat ( 4224): create_tensor: loading tensor blk.24.attn_qkv.weight
D/ai-chat ( 4224): create_tensor: loading tensor blk.24.attn_q.weight
D/ai-chat ( 4224): create_tensor: loading tensor blk.24.attn_k.weight
D/ai-chat ( 4224): create_tensor: loading tensor blk.24.attn_v.weight
D/ai-chat ( 4224): create_tensor: loading tensor blk.24.attn_q.bias
D/ai-chat ( 4224): create_tensor: loading tensor blk.24.attn_k.bias
D/ai-chat ( 4224): create_tensor: loading tensor blk.24.attn_v.bias
D/ai-chat ( 4224): create_tensor: loading tensor blk.24.attn_output.weight
D/ai-chat ( 4224): create_tensor: loading tensor blk.24.attn_output.bias
D/ai-chat ( 4224): create_tensor: loading tensor blk.24.ffn_norm.weight
D/ai-chat ( 4224): create_tensor: loading tensor rope_freqs.weight
D/ai-chat ( 4224): create_tensor: loading tensor blk.24.ffn_gate.weight
D/ai-chat ( 4224): create_tensor: loading tensor blk.24.ffn_down.weight
D/ai-chat ( 4224): create_tensor: loading tensor blk.24.ffn_up.weight
D/ai-chat ( 4224): create_tensor: loading tensor blk.24.ffn_gate.bias
D/ai-chat ( 4224): create_tensor: loading tensor blk.24.ffn_down.bias
D/ai-chat ( 4224): create_tensor: loading tensor blk.24.ffn_up.bias
D/ai-chat ( 4224): create_tensor: loading tensor blk.25.attn_norm.weight
D/ai-chat ( 4224): create_tensor: loading tensor blk.25.attn_qkv.weight
D/ai-chat ( 4224): create_tensor: loading tensor blk.25.attn_q.weight
D/ai-chat ( 4224): create_tensor: loading tensor blk.25.attn_k.weight
D/ai-chat ( 4224): create_tensor: loading tensor blk.25.attn_v.weight
D/ai-chat ( 4224): create_tensor: loading tensor blk.25.attn_q.bias
D/ai-chat ( 4224): create_tensor: loading tensor blk.25.attn_k.bias
D/ai-chat ( 4224): create_tensor: loading tensor blk.25.attn_v.bias
D/ai-chat ( 4224): create_tensor: loading tensor blk.25.attn_output.weight
D/ai-chat ( 4224): create_tensor: loading tensor blk.25.attn_output.bias
D/ai-chat ( 4224): create_tensor: loading tensor blk.25.ffn_norm.weight
D/ai-chat ( 4224): create_tensor: loading tensor rope_freqs.weight
D/ai-chat ( 4224): create_tensor: loading tensor blk.25.ffn_gate.weight
D/ai-chat ( 4224): create_tensor: loading tensor blk.25.ffn_down.weight
D/ai-chat ( 4224): create_tensor: loading tensor blk.25.ffn_up.weight
D/ai-chat ( 4224): create_tensor: loading tensor blk.25.ffn_gate.bias
D/ai-chat ( 4224): create_tensor: loading tensor blk.25.ffn_down.bias
D/ai-chat ( 4224): create_tensor: loading tensor blk.25.ffn_up.bias
D/ai-chat ( 4224): create_tensor: loading tensor blk.26.attn_norm.weight
D/ai-chat ( 4224): create_tensor: loading tensor blk.26.attn_qkv.weight
D/ai-chat ( 4224): create_tensor: loading tensor blk.26.attn_q.weight
D/ai-chat ( 4224): create_tensor: loading tensor blk.26.attn_k.weight
D/ai-chat ( 4224): create_tensor: loading tensor blk.26.attn_v.weight
D/ai-chat ( 4224): create_tensor: loading tensor blk.26.attn_q.bias
D/ai-chat ( 4224): create_tensor: loading tensor blk.26.attn_k.bias
D/ai-chat ( 4224): create_tensor: loading tensor blk.26.attn_v.bias
D/ai-chat ( 4224): create_tensor: loading tensor blk.26.attn_output.weight
D/ai-chat ( 4224): create_tensor: loading tensor blk.26.attn_output.bias
D/ai-chat ( 4224): create_tensor: loading tensor blk.26.ffn_norm.weight
D/ai-chat ( 4224): create_tensor: loading tensor rope_freqs.weight
D/ai-chat ( 4224): create_tensor: loading tensor blk.26.ffn_gate.weight
D/ai-chat ( 4224): create_tensor: loading tensor blk.26.ffn_down.weight
D/ai-chat ( 4224): create_tensor: loading tensor blk.26.ffn_up.weight
D/ai-chat ( 4224): create_tensor: loading tensor blk.26.ffn_gate.bias
D/ai-chat ( 4224): create_tensor: loading tensor blk.26.ffn_down.bias
D/ai-chat ( 4224): create_tensor: loading tensor blk.26.ffn_up.bias
D/ai-chat ( 4224): create_tensor: loading tensor blk.27.attn_norm.weight
D/ai-chat ( 4224): create_tensor: loading tensor blk.27.attn_qkv.weight
D/ai-chat ( 4224): create_tensor: loading tensor blk.27.attn_q.weight
D/ai-chat ( 4224): create_tensor: loading tensor blk.27.attn_k.weight
D/ai-chat ( 4224): create_tensor: loading tensor blk.27.attn_v.weight
D/ai-chat ( 4224): create_tensor: loading tensor blk.27.attn_q.bias
D/ai-chat ( 4224): create_tensor: loading tensor blk.27.attn_k.bias
D/ai-chat ( 4224): create_tensor: loading tensor blk.27.attn_v.bias
D/ai-chat ( 4224): create_tensor: loading tensor blk.27.attn_output.weight
D/ai-chat ( 4224): create_tensor: loading tensor blk.27.attn_output.bias
D/ai-chat ( 4224): create_tensor: loading tensor blk.27.ffn_norm.weight
D/ai-chat ( 4224): create_tensor: loading tensor rope_freqs.weight
D/ai-chat ( 4224): create_tensor: loading tensor blk.27.ffn_gate.weight
D/ai-chat ( 4224): create_tensor: loading tensor blk.27.ffn_down.weight
D/ai-chat ( 4224): create_tensor: loading tensor blk.27.ffn_up.weight
D/ai-chat ( 4224): create_tensor: loading tensor blk.27.ffn_gate.bias
D/ai-chat ( 4224): create_tensor: loading tensor blk.27.ffn_down.bias
D/ai-chat ( 4224): create_tensor: loading tensor blk.27.ffn_up.bias
D/ai-chat ( 4224): create_tensor: loading tensor blk.28.attn_norm.weight
D/ai-chat ( 4224): create_tensor: loading tensor blk.28.attn_qkv.weight
D/ai-chat ( 4224): create_tensor: loading tensor blk.28.attn_q.weight
D/ai-chat ( 4224): create_tensor: loading tensor blk.28.attn_k.weight
D/ai-chat ( 4224): create_tensor: loading tensor blk.28.attn_v.weight
D/ai-chat ( 4224): create_tensor: loading tensor blk.28.attn_q.bias
D/ai-chat ( 4224): create_tensor: loading tensor blk.28.attn_k.bias
D/ai-chat ( 4224): create_tensor: loading tensor blk.28.attn_v.bias
D/ai-chat ( 4224): create_tensor: loading tensor blk.28.attn_output.weight
D/ai-chat ( 4224): create_tensor: loading tensor blk.28.attn_output.bias
D/ai-chat ( 4224): create_tensor: loading tensor blk.28.ffn_norm.weight
D/ai-chat ( 4224): create_tensor: loading tensor rope_freqs.weight
D/ai-chat ( 4224): create_tensor: loading tensor blk.28.ffn_gate.weight
D/ai-chat ( 4224): create_tensor: loading tensor blk.28.ffn_down.weight
D/ai-chat ( 4224): create_tensor: loading tensor blk.28.ffn_up.weight
D/ai-chat ( 4224): create_tensor: loading tensor blk.28.ffn_gate.bias
D/ai-chat ( 4224): create_tensor: loading tensor blk.28.ffn_down.bias
D/ai-chat ( 4224): create_tensor: loading tensor blk.28.ffn_up.bias
D/ai-chat ( 4224): create_tensor: loading tensor blk.29.attn_norm.weight
D/ai-chat ( 4224): create_tensor: loading tensor blk.29.attn_qkv.weight
D/ai-chat ( 4224): create_tensor: loading tensor blk.29.attn_q.weight
D/ai-chat ( 4224): create_tensor: loading tensor blk.29.attn_k.weight
D/ai-chat ( 4224): create_tensor: loading tensor blk.29.attn_v.weight
D/ai-chat ( 4224): create_tensor: loading tensor blk.29.attn_q.bias
D/ai-chat ( 4224): create_tensor: loading tensor blk.29.attn_k.bias
D/ai-chat ( 4224): create_tensor: loading tensor blk.29.attn_v.bias
D/ai-chat ( 4224): create_tensor: loading tensor blk.29.attn_output.weight
D/ai-chat ( 4224): create_tensor: loading tensor blk.29.attn_output.bias
D/ai-chat ( 4224): create_tensor: loading tensor blk.29.ffn_norm.weight
D/ai-chat ( 4224): create_tensor: loading tensor rope_freqs.weight
D/ai-chat ( 4224): create_tensor: loading tensor blk.29.ffn_gate.weight
D/ai-chat ( 4224): create_tensor: loading tensor blk.29.ffn_down.weight
D/ai-chat ( 4224): create_tensor: loading tensor blk.29.ffn_up.weight
D/ai-chat ( 4224): create_tensor: loading tensor blk.29.ffn_gate.bias
D/ai-chat ( 4224): create_tensor: loading tensor blk.29.ffn_down.bias
D/ai-chat ( 4224): create_tensor: loading tensor blk.29.ffn_up.bias
D/ai-chat ( 4224): create_tensor: loading tensor blk.0.attn_q.scale
D/ai-chat ( 4224): create_tensor: loading tensor blk.0.attn_k.scale
D/ai-chat ( 4224): create_tensor: loading tensor blk.0.attn_v.scale
D/ai-chat ( 4224): create_tensor: loading tensor blk.0.attn_output.scale
D/ai-chat ( 4224): create_tensor: loading tensor blk.0.ffn_gate.scale
D/ai-chat ( 4224): create_tensor: loading tensor blk.0.ffn_down.scale
D/ai-chat ( 4224): create_tensor: loading tensor blk.0.ffn_up.scale
D/ai-chat ( 4224): create_tensor: loading tensor blk.0.attn_q.input_scale
D/ai-chat ( 4224): create_tensor: loading tensor blk.0.attn_k.input_scale
D/ai-chat ( 4224): create_tensor: loading tensor blk.0.attn_v.input_scale
D/ai-chat ( 4224): create_tensor: loading tensor blk.0.attn_output.input_scale
D/ai-chat ( 4224): create_tensor: loading tensor blk.0.ffn_gate.input_scale
D/ai-chat ( 4224): create_tensor: loading tensor blk.0.ffn_down.input_scale
D/ai-chat ( 4224): create_tensor: loading tensor blk.0.ffn_up.input_scale
D/ai-chat ( 4224): create_tensor: loading tensor blk.1.attn_q.scale
D/ai-chat ( 4224): create_tensor: loading tensor blk.1.attn_k.scale
D/ai-chat ( 4224): create_tensor: loading tensor blk.1.attn_v.scale
D/ai-chat ( 4224): create_tensor: loading tensor blk.1.attn_output.scale
D/ai-chat ( 4224): create_tensor: loading tensor blk.1.ffn_gate.scale
D/ai-chat ( 4224): create_tensor: loading tensor blk.1.ffn_down.scale
D/ai-chat ( 4224): create_tensor: loading tensor blk.1.ffn_up.scale
D/ai-chat ( 4224): create_tensor: loading tensor blk.1.attn_q.input_scale
D/ai-chat ( 4224): create_tensor: loading tensor blk.1.attn_k.input_scale
D/ai-chat ( 4224): create_tensor: loading tensor blk.1.attn_v.input_scale
D/ai-chat ( 4224): create_tensor: loading tensor blk.1.attn_output.input_scale
D/ai-chat ( 4224): create_tensor: loading tensor blk.1.ffn_gate.input_scale
D/ai-chat ( 4224): create_tensor: loading tensor blk.1.ffn_down.input_scale
D/ai-chat ( 4224): create_tensor: loading tensor blk.1.ffn_up.input_scale
D/ai-chat ( 4224): create_tensor: loading tensor blk.2.attn_q.scale
D/ai-chat ( 4224): create_tensor: loading tensor blk.2.attn_k.scale
D/ai-chat ( 4224): create_tensor: loading tensor blk.2.attn_v.scale
D/ai-chat ( 4224): create_tensor: loading tensor blk.2.attn_output.scale
D/ai-chat ( 4224): create_tensor: loading tensor blk.2.ffn_gate.scale
D/ai-chat ( 4224): create_tensor: loading tensor blk.2.ffn_down.scale
D/ai-chat ( 4224): create_tensor: loading tensor blk.2.ffn_up.scale
D/ai-chat ( 4224): create_tensor: loading tensor blk.2.attn_q.input_scale
D/ai-chat ( 4224): create_tensor: loading tensor blk.2.attn_k.input_scale
D/ai-chat ( 4224): create_tensor: loading tensor blk.2.attn_v.input_scale
D/ai-chat ( 4224): create_tensor: loading tensor blk.2.attn_output.input_scale
D/ai-chat ( 4224): create_tensor: loading tensor blk.2.ffn_gate.input_scale
D/ai-chat ( 4224): create_tensor: loading tensor blk.2.ffn_down.input_scale
D/ai-chat ( 4224): create_tensor: loading tensor blk.2.ffn_up.input_scale
D/ai-chat ( 4224): create_tensor: loading tensor blk.3.attn_q.scale
D/ai-chat ( 4224): create_tensor: loading tensor blk.3.attn_k.scale
D/ai-chat ( 4224): create_tensor: loading tensor blk.3.attn_v.scale
D/ai-chat ( 4224): create_tensor: loading tensor blk.3.attn_output.scale
D/ai-chat ( 4224): create_tensor: loading tensor blk.3.ffn_gate.scale
D/ai-chat ( 4224): create_tensor: loading tensor blk.3.ffn_down.scale
D/ai-chat ( 4224): create_tensor: loading tensor blk.3.ffn_up.scale
D/ai-chat ( 4224): create_tensor: loading tensor blk.3.attn_q.input_scale
D/ai-chat ( 4224): create_tensor: loading tensor blk.3.attn_k.input_scale
D/ai-chat ( 4224): create_tensor: loading tensor blk.3.attn_v.input_scale
D/ai-chat ( 4224): create_tensor: loading tensor blk.3.attn_output.input_scale
D/ai-chat ( 4224): create_tensor: loading tensor blk.3.ffn_gate.input_scale
D/ai-chat ( 4224): create_tensor: loading tensor blk.3.ffn_down.input_scale
D/ai-chat ( 4224): create_tensor: loading tensor blk.3.ffn_up.input_scale
D/ai-chat ( 4224): create_tensor: loading tensor blk.4.attn_q.scale
D/ai-chat ( 4224): create_tensor: loading tensor blk.4.attn_k.scale
D/ai-chat ( 4224): create_tensor: loading tensor blk.4.attn_v.scale
D/ai-chat ( 4224): create_tensor: loading tensor blk.4.attn_output.scale
D/ai-chat ( 4224): create_tensor: loading tensor blk.4.ffn_gate.scale
D/ai-chat ( 4224): create_tensor: loading tensor blk.4.ffn_down.scale
D/ai-chat ( 4224): create_tensor: loading tensor blk.4.ffn_up.scale
D/ai-chat ( 4224): create_tensor: loading tensor blk.4.attn_q.input_scale
D/ai-chat ( 4224): create_tensor: loading tensor blk.4.attn_k.input_scale
D/ai-chat ( 4224): create_tensor: loading tensor blk.4.attn_v.input_scale
D/ai-chat ( 4224): create_tensor: loading tensor blk.4.attn_output.input_scale
D/ai-chat ( 4224): create_tensor: loading tensor blk.4.ffn_gate.input_scale
D/ai-chat ( 4224): create_tensor: loading tensor blk.4.ffn_down.input_scale
D/ai-chat ( 4224): create_tensor: loading tensor blk.4.ffn_up.input_scale
D/ai-chat ( 4224): create_tensor: loading tensor blk.5.attn_q.scale
D/ai-chat ( 4224): create_tensor: loading tensor blk.5.attn_k.scale
D/ai-chat ( 4224): create_tensor: loading tensor blk.5.attn_v.scale
D/ai-chat ( 4224): create_tensor: loading tensor blk.5.attn_output.scale
D/ai-chat ( 4224): create_tensor: loading tensor blk.5.ffn_gate.scale
D/ai-chat ( 4224): create_tensor: loading tensor blk.5.ffn_down.scale
D/ai-chat ( 4224): create_tensor: loading tensor blk.5.ffn_up.scale
D/ai-chat ( 4224): create_tensor: loading tensor blk.5.attn_q.input_scale
D/ai-chat ( 4224): create_tensor: loading tensor blk.5.attn_k.input_scale
D/ai-chat ( 4224): create_tensor: loading tensor blk.5.attn_v.input_scale
D/ai-chat ( 4224): create_tensor: loading tensor blk.5.attn_output.input_scale
D/ai-chat ( 4224): create_tensor: loading tensor blk.5.ffn_gate.input_scale
D/ai-chat ( 4224): create_tensor: loading tensor blk.5.ffn_down.input_scale
D/ai-chat ( 4224): create_tensor: loading tensor blk.5.ffn_up.input_scale
D/ai-chat ( 4224): create_tensor: loading tensor blk.6.attn_q.scale
D/ai-chat ( 4224): create_tensor: loading tensor blk.6.attn_k.scale
D/ai-chat ( 4224): create_tensor: loading tensor blk.6.attn_v.scale
D/ai-chat ( 4224): create_tensor: loading tensor blk.6.attn_output.scale
D/ai-chat ( 4224): create_tensor: loading tensor blk.6.ffn_gate.scale
D/ai-chat ( 4224): create_tensor: loading tensor blk.6.ffn_down.scale
D/ai-chat ( 4224): create_tensor: loading tensor blk.6.ffn_up.scale
D/ai-chat ( 4224): create_tensor: loading tensor blk.6.attn_q.input_scale
D/ai-chat ( 4224): create_tensor: loading tensor blk.6.attn_k.input_scale
D/ai-chat ( 4224): create_tensor: loading tensor blk.6.attn_v.input_scale
D/ai-chat ( 4224): create_tensor: loading tensor blk.6.attn_output.input_scale
D/ai-chat ( 4224): create_tensor: loading tensor blk.6.ffn_gate.input_scale
D/ai-chat ( 4224): create_tensor: loading tensor blk.6.ffn_down.input_scale
D/ai-chat ( 4224): create_tensor: loading tensor blk.6.ffn_up.input_scale
D/ai-chat ( 4224): create_tensor: loading tensor blk.7.attn_q.scale
D/ai-chat ( 4224): create_tensor: loading tensor blk.7.attn_k.scale
D/ai-chat ( 4224): create_tensor: loading tensor blk.7.attn_v.scale
D/ai-chat ( 4224): create_tensor: loading tensor blk.7.attn_output.scale
D/ai-chat ( 4224): create_tensor: loading tensor blk.7.ffn_gate.scale
D/ai-chat ( 4224): create_tensor: loading tensor blk.7.ffn_down.scale
D/ai-chat ( 4224): create_tensor: loading tensor blk.7.ffn_up.scale
D/ai-chat ( 4224): create_tensor: loading tensor blk.7.attn_q.input_scale
D/ai-chat ( 4224): create_tensor: loading tensor blk.7.attn_k.input_scale
D/ai-chat ( 4224): create_tensor: loading tensor blk.7.attn_v.input_scale
D/ai-chat ( 4224): create_tensor: loading tensor blk.7.attn_output.input_scale
D/ai-chat ( 4224): create_tensor: loading tensor blk.7.ffn_gate.input_scale
D/ai-chat ( 4224): create_tensor: loading tensor blk.7.ffn_down.input_scale
D/ai-chat ( 4224): create_tensor: loading tensor blk.7.ffn_up.input_scale
D/ai-chat ( 4224): create_tensor: loading tensor blk.8.attn_q.scale
D/ai-chat ( 4224): create_tensor: loading tensor blk.8.attn_k.scale
D/ai-chat ( 4224): create_tensor: loading tensor blk.8.attn_v.scale
D/ai-chat ( 4224): create_tensor: loading tensor blk.8.attn_output.scale
D/ai-chat ( 4224): create_tensor: loading tensor blk.8.ffn_gate.scale
D/ai-chat ( 4224): create_tensor: loading tensor blk.8.ffn_down.scale
D/ai-chat ( 4224): create_tensor: loading tensor blk.8.ffn_up.scale
D/ai-chat ( 4224): create_tensor: loading tensor blk.8.attn_q.input_scale
D/ai-chat ( 4224): create_tensor: loading tensor blk.8.attn_k.input_scale
D/ai-chat ( 4224): create_tensor: loading tensor blk.8.attn_v.input_scale
D/ai-chat ( 4224): create_tensor: loading tensor blk.8.attn_output.input_scale
D/ai-chat ( 4224): create_tensor: loading tensor blk.8.ffn_gate.input_scale
D/ai-chat ( 4224): create_tensor: loading tensor blk.8.ffn_down.input_scale
D/ai-chat ( 4224): create_tensor: loading tensor blk.8.ffn_up.input_scale
D/ai-chat ( 4224): create_tensor: loading tensor blk.9.attn_q.scale
D/ai-chat ( 4224): create_tensor: loading tensor blk.9.attn_k.scale
D/ai-chat ( 4224): create_tensor: loading tensor blk.9.attn_v.scale
D/ai-chat ( 4224): create_tensor: loading tensor blk.9.attn_output.scale
D/ai-chat ( 4224): create_tensor: loading tensor blk.9.ffn_gate.scale
D/ai-chat ( 4224): create_tensor: loading tensor blk.9.ffn_down.scale
D/ai-chat ( 4224): create_tensor: loading tensor blk.9.ffn_up.scale
D/ai-chat ( 4224): create_tensor: loading tensor blk.9.attn_q.input_scale
D/ai-chat ( 4224): create_tensor: loading tensor blk.9.attn_k.input_scale
D/ai-chat ( 4224): create_tensor: loading tensor blk.9.attn_v.input_scale
D/ai-chat ( 4224): create_tensor: loading tensor blk.9.attn_output.input_scale
D/ai-chat ( 4224): create_tensor: loading tensor blk.9.ffn_gate.input_scale
D/ai-chat ( 4224): create_tensor: loading tensor blk.9.ffn_down.input_scale
D/ai-chat ( 4224): create_tensor: loading tensor blk.9.ffn_up.input_scale
D/ai-chat ( 4224): create_tensor: loading tensor blk.10.attn_q.scale
D/ai-chat ( 4224): create_tensor: loading tensor blk.10.attn_k.scale
D/ai-chat ( 4224): create_tensor: loading tensor blk.10.attn_v.scale
D/ai-chat ( 4224): create_tensor: loading tensor blk.10.attn_output.scale
D/ai-chat ( 4224): create_tensor: loading tensor blk.10.ffn_gate.scale
D/ai-chat ( 4224): create_tensor: loading tensor blk.10.ffn_down.scale
D/ai-chat ( 4224): create_tensor: loading tensor blk.10.ffn_up.scale
D/ai-chat ( 4224): create_tensor: loading tensor blk.10.attn_q.input_scale
D/ai-chat ( 4224): create_tensor: loading tensor blk.10.attn_k.input_scale
D/ai-chat ( 4224): create_tensor: loading tensor blk.10.attn_v.input_scale
D/ai-chat ( 4224): create_tensor: loading tensor blk.10.attn_output.input_scale
D/ai-chat ( 4224): create_tensor: loading tensor blk.10.ffn_gate.input_scale
D/ai-chat ( 4224): create_tensor: loading tensor blk.10.ffn_down.input_scale
D/ai-chat ( 4224): create_tensor: loading tensor blk.10.ffn_up.input_scale
D/ai-chat ( 4224): create_tensor: loading tensor blk.11.attn_q.scale
D/ai-chat ( 4224): create_tensor: loading tensor blk.11.attn_k.scale
D/ai-chat ( 4224): create_tensor: loading tensor blk.11.attn_v.scale
D/ai-chat ( 4224): create_tensor: loading tensor blk.11.attn_output.scale
D/ai-chat ( 4224): create_tensor: loading tensor blk.11.ffn_gate.scale
D/ai-chat ( 4224): create_tensor: loading tensor blk.11.ffn_down.scale
D/ai-chat ( 4224): create_tensor: loading tensor blk.11.ffn_up.scale
D/ai-chat ( 4224): create_tensor: loading tensor blk.11.attn_q.input_scale
D/ai-chat ( 4224): create_tensor: loading tensor blk.11.attn_k.input_scale
D/ai-chat ( 4224): create_tensor: loading tensor blk.11.attn_v.input_scale
D/ai-chat ( 4224): create_tensor: loading tensor blk.11.attn_output.input_scale
D/ai-chat ( 4224): create_tensor: loading tensor blk.11.ffn_gate.input_scale
D/ai-chat ( 4224): create_tensor: loading tensor blk.11.ffn_down.input_scale
D/ai-chat ( 4224): create_tensor: loading tensor blk.11.ffn_up.input_scale
D/ai-chat ( 4224): create_tensor: loading tensor blk.12.attn_q.scale
D/ai-chat ( 4224): create_tensor: loading tensor blk.12.attn_k.scale
D/ai-chat ( 4224): create_tensor: loading tensor blk.12.attn_v.scale
D/ai-chat ( 4224): create_tensor: loading tensor blk.12.attn_output.scale
D/ai-chat ( 4224): create_tensor: loading tensor blk.12.ffn_gate.scale
D/ai-chat ( 4224): create_tensor: loading tensor blk.12.ffn_down.scale
D/ai-chat ( 4224): create_tensor: loading tensor blk.12.ffn_up.scale
D/ai-chat ( 4224): create_tensor: loading tensor blk.12.attn_q.input_scale
D/ai-chat ( 4224): create_tensor: loading tensor blk.12.attn_k.input_scale
D/ai-chat ( 4224): create_tensor: loading tensor blk.12.attn_v.input_scale
D/ai-chat ( 4224): create_tensor: loading tensor blk.22.ffn_down.input_scale
D/ai-chat ( 4224): create_tensor: loading tensor blk.22.ffn_up.input_scale
D/ai-chat ( 4224): create_tensor: loading tensor blk.23.attn_q.scale
D/ai-chat ( 4224): create_tensor: loading tensor blk.23.attn_output.scale
D/ai-chat ( 4224): create_tensor: loading tensor blk.23.ffn_gate.scale
D/ai-chat ( 4224): create_tensor: loading tensor blk.23.ffn_down.scale
D/ai-chat ( 4224): create_tensor: loading tensor blk.23.ffn_up.scale
D/ai-chat ( 4224): create_tensor: loading tensor blk.23.attn_q.input_scale
D/ai-chat ( 4224): create_tensor: loading tensor blk.23.attn_k.input_scale
D/ai-chat ( 4224): create_tensor: loading tensor blk.23.attn_v.input_scale
D/ai-chat ( 4224): create_tensor: loading tensor blk.23.attn_output.input_scale
D/ai-chat ( 4224): create_tensor: loading tensor blk.23.ffn_gate.input_scale
D/ai-chat ( 4224): create_tensor: loading tensor blk.23.ffn_down.input_scale
D/ai-chat ( 4224): create_tensor: loading tensor blk.23.ffn_up.input_scale
D/ai-chat ( 4224): create_tensor: loading tensor blk.24.attn_q.scale
D/ai-chat ( 4224): create_tensor: loading tensor blk.24.attn_k.scale
D/ai-chat ( 4224): create_tensor: loading tensor blk.24.attn_v.scale
D/ai-chat ( 4224): create_tensor: loading tensor blk.24.attn_output.scale
D/ai-chat ( 4224): create_tensor: loading tensor blk.24.ffn_gate.scale
D/ai-chat ( 4224): create_tensor: loading tensor blk.24.ffn_down.scale
D/ai-chat ( 4224): create_tensor: loading tensor blk.24.ffn_up.scale
D/ai-chat ( 4224): create_tensor: loading tensor blk.24.attn_q.input_scale
D/ai-chat ( 4224): create_tensor: loading tensor blk.24.attn_k.input_scale
D/ai-chat ( 4224): create_tensor: loading tensor blk.24.attn_v.input_scale
D/ai-chat ( 4224): create_tensor: loading tensor blk.24.attn_output.input_scale
D/ai-chat ( 4224): create_tensor: loading tensor blk.24.ffn_gate.input_scale
D/ai-chat ( 4224): create_tensor: loading tensor blk.24.ffn_down.input_scale
D/ai-chat ( 4224): create_tensor: loading tensor blk.24.ffn_up.input_scale
D/ai-chat ( 4224): create_tensor: loading tensor blk.25.attn_q.scale
D/ai-chat ( 4224): create_tensor: loading tensor blk.25.attn_k.scale
D/ai-chat ( 4224): create_tensor: loading tensor blk.25.attn_v.scale
D/ai-chat ( 4224): create_tensor: loading tensor blk.25.attn_output.scale
D/ai-chat ( 4224): create_tensor: loading tensor blk.25.ffn_gate.scale
D/ai-chat ( 4224): create_tensor: loading tensor blk.25.ffn_down.scale
D/ai-chat ( 4224): create_tensor: loading tensor blk.25.ffn_up.scale
D/ai-chat ( 4224): create_tensor: loading tensor blk.25.attn_q.input_scale
D/ai-chat ( 4224): create_tensor: loading tensor blk.25.attn_k.input_scale
D/ai-chat ( 4224): create_tensor: loading tensor blk.25.attn_v.input_scale
D/ai-chat ( 4224): create_tensor: loading tensor blk.25.attn_output.input_scale
D/ai-chat ( 4224): create_tensor: loading tensor blk.25.ffn_gate.input_scale
D/ai-chat ( 4224): create_tensor: loading tensor blk.25.ffn_down.input_scale
D/ai-chat ( 4224): create_tensor: loading tensor blk.25.ffn_up.input_scale
D/ai-chat ( 4224): create_tensor: loading tensor blk.26.attn_q.scale
D/ai-chat ( 4224): create_tensor: loading tensor blk.26.attn_k.scale
D/ai-chat ( 4224): create_tensor: loading tensor blk.26.attn_v.scale
D/ai-chat ( 4224): create_tensor: loading tensor blk.26.attn_output.scale
D/ai-chat ( 4224): create_tensor: loading tensor blk.26.ffn_gate.scale
D/ai-chat ( 4224): create_tensor: loading tensor blk.26.ffn_down.scale
D/ai-chat ( 4224): create_tensor: loading tensor blk.26.ffn_up.scale
D/ai-chat ( 4224): create_tensor: loading tensor blk.26.attn_q.input_scale
D/ai-chat ( 4224): create_tensor: loading tensor blk.26.attn_k.input_scale
D/ai-chat ( 4224): create_tensor: loading tensor blk.26.attn_v.input_scale
D/ai-chat ( 4224): create_tensor: loading tensor blk.26.attn_output.input_scale
D/ai-chat ( 4224): create_tensor: loading tensor blk.26.ffn_gate.input_scale
D/ai-chat ( 4224): create_tensor: loading tensor blk.26.ffn_down.input_scale
D/ai-chat ( 4224): create_tensor: loading tensor blk.26.ffn_up.input_scale
D/ai-chat ( 4224): create_tensor: loading tensor blk.27.attn_q.scale
D/ai-chat ( 4224): create_tensor: loading tensor blk.27.attn_k.scale
D/ai-chat ( 4224): create_tensor: loading tensor blk.27.attn_v.scale
D/ai-chat ( 4224): create_tensor: loading tensor blk.27.attn_output.scale
D/ai-chat ( 4224): create_tensor: loading tensor blk.27.ffn_gate.scale
D/ai-chat ( 4224): create_tensor: loading tensor blk.27.ffn_down.scale
D/ai-chat ( 4224): create_tensor: loading tensor blk.27.ffn_up.scale
D/ai-chat ( 4224): create_tensor: loading tensor blk.27.attn_q.input_scale
D/ai-chat ( 4224): create_tensor: loading tensor blk.27.attn_k.input_scale
D/ai-chat ( 4224): create_tensor: loading tensor blk.27.attn_v.input_scale
D/ai-chat ( 4224): create_tensor: loading tensor blk.27.attn_output.input_scale
D/ai-chat ( 4224): create_tensor: loading tensor blk.27.ffn_gate.input_scale
D/ai-chat ( 4224): create_tensor: loading tensor blk.27.ffn_down.input_scale
D/ai-chat ( 4224): create_tensor: loading tensor blk.27.ffn_up.input_scale
D/ai-chat ( 4224): create_tensor: loading tensor blk.28.attn_q.scale
D/ai-chat ( 4224): create_tensor: loading tensor blk.28.attn_k.scale
D/ai-chat ( 4224): create_tensor: loading tensor blk.28.attn_v.scale
D/ai-chat ( 4224): create_tensor: loading tensor blk.28.attn_output.scale
D/ai-chat ( 4224): create_tensor: loading tensor blk.28.ffn_gate.scale
D/ai-chat ( 4224): create_tensor: loading tensor blk.28.ffn_down.scale
D/ai-chat ( 4224): create_tensor: loading tensor blk.28.ffn_up.scale
D/ai-chat ( 4224): create_tensor: loading tensor blk.28.attn_q.input_scale
D/ai-chat ( 4224): create_tensor: loading tensor blk.28.attn_k.input_scale
D/ai-chat ( 4224): create_tensor: loading tensor blk.28.attn_v.input_scale
D/ai-chat ( 4224): create_tensor: loading tensor blk.28.attn_output.input_scale
D/ai-chat ( 4224): create_tensor: loading tensor blk.28.ffn_gate.input_scale
D/ai-chat ( 4224): create_tensor: loading tensor blk.28.ffn_down.input_scale
D/ai-chat ( 4224): create_tensor: loading tensor blk.28.ffn_up.input_scale
D/ai-chat ( 4224): create_tensor: loading tensor blk.29.attn_q.scale
D/ai-chat ( 4224): create_tensor: loading tensor blk.29.attn_k.scale
D/ai-chat ( 4224): create_tensor: loading tensor blk.29.attn_v.scale
D/ai-chat ( 4224): create_tensor: loading tensor blk.29.attn_output.scale
D/ai-chat ( 4224): create_tensor: loading tensor blk.29.ffn_gate.scale
D/ai-chat ( 4224): create_tensor: loading tensor blk.29.ffn_down.scale
D/ai-chat ( 4224): create_tensor: loading tensor blk.29.ffn_up.scale
D/ai-chat ( 4224): create_tensor: loading tensor blk.29.attn_q.input_scale
D/ai-chat ( 4224): create_tensor: loading tensor blk.29.attn_k.input_scale
D/ai-chat ( 4224): create_tensor: loading tensor blk.29.attn_v.input_scale
D/ai-chat ( 4224): create_tensor: loading tensor blk.29.attn_output.input_scale
D/ai-chat ( 4224): create_tensor: loading tensor blk.29.ffn_gate.input_scale
D/ai-chat ( 4224): create_tensor: loading tensor blk.29.ffn_down.input_scale
D/ai-chat ( 4224): create_tensor: loading tensor blk.29.ffn_up.input_scale
D/ai-chat ( 4224): done_getting_tensors: tensor 'token_embd.weight' (q8_0) (and 272 others) cannot be used with preferred buffer type CPU_REPACK, using CPU instead
I/ai-chat ( 4224): load_tensors:   CPU_Mapped model buffer size =    98.87 MiB
I/ai-chat ( 4224): llama_model_load_from_file result=success
I/ai-chat ( 4224): init_context: Using 4 threads
I/ai-chat ( 4224): llama_context: constructing llama_context
I/ai-chat ( 4224): llama_context: n_seq_max             = 1
I/ai-chat ( 4224): llama_context: n_ctx                 = 8192
I/ai-chat ( 4224): llama_context: n_ctx_seq             = 8192
I/ai-chat ( 4224): llama_context: n_batch               = 512
I/ai-chat ( 4224): llama_context: n_ubatch              = 512
I/ai-chat ( 4224): llama_context: causal_attn           = 1
I/ai-chat ( 4224): llama_context: flash_attn            = auto
I/ai-chat ( 4224): llama_context: kv_unified            = false
I/ai-chat ( 4224): llama_context: freq_base             = 100000.0
I/ai-chat ( 4224): llama_context: freq_scale            = 1
I/ai-chat ( 4224): llama_context: n_rs_seq              = 0
I/ai-chat ( 4224): llama_context: n_outputs_max         = 512
I/ai-chat ( 4224): llama_context: n_outputs_max_per_seq = 1
D/ai-chat ( 4224): set_abort_callback: call
I/ai-chat ( 4224): llama_context:        CPU  output buffer size =     0.19 MiB
D/ai-chat ( 4224): llama_kv_cache: layer   0: dev = CPU
D/ai-chat ( 4224): llama_kv_cache: layer   1: dev = CPU
D/ai-chat ( 4224): llama_kv_cache: layer   2: dev = CPU
D/ai-chat ( 4224): llama_kv_cache: layer   3: dev = CPU
D/ai-chat ( 4224): llama_kv_cache: layer   4: dev = CPU
D/ai-chat ( 4224): llama_kv_cache: layer   5: dev = CPU
D/ai-chat ( 4224): llama_kv_cache: layer   6: dev = CPU
D/ai-chat ( 4224): llama_kv_cache: layer   7: dev = CPU
D/ai-chat ( 4224): llama_kv_cache: layer   8: dev = CPU
D/ai-chat ( 4224): llama_kv_cache: layer   9: dev = CPU
D/ai-chat ( 4224): llama_kv_cache: layer  10: dev = CPU
D/ai-chat ( 4224): llama_kv_cache: layer  11: dev = CPU
D/ai-chat ( 4224): llama_kv_cache: layer  12: dev = CPU
D/ai-chat ( 4224): llama_kv_cache: layer  13: dev = CPU
D/ai-chat ( 4224): llama_kv_cache: layer  14: dev = CPU
D/ai-chat ( 4224): llama_kv_cache: layer  15: dev = CPU
D/ai-chat ( 4224): llama_kv_cache: layer  16: dev = CPU
D/ai-chat ( 4224): llama_kv_cache: layer  17: dev = CPU
D/ai-chat ( 4224): llama_kv_cache: layer  18: dev = CPU
D/ai-chat ( 4224): llama_kv_cache: layer  19: dev = CPU
D/ai-chat ( 4224): llama_kv_cache: layer  20: dev = CPU
D/ai-chat ( 4224): llama_kv_cache: layer  21: dev = CPU
D/ai-chat ( 4224): llama_kv_cache: layer  22: dev = CPU
D/ai-chat ( 4224): llama_kv_cache: layer  23: dev = CPU
D/ai-chat ( 4224): llama_kv_cache: layer  24: dev = CPU
D/ai-chat ( 4224): llama_kv_cache: layer  25: dev = CPU
D/ai-chat ( 4224): llama_kv_cache: layer  26: dev = CPU
D/ai-chat ( 4224): llama_kv_cache: layer  27: dev = CPU
D/ai-chat ( 4224): llama_kv_cache: layer  28: dev = CPU
D/ai-chat ( 4224): llama_kv_cache: layer  29: dev = CPU
I/ai-chat ( 4224): llama_kv_cache:        CPU KV buffer size =   180.00 MiB
I/ai-chat ( 4224): llama_kv_cache: size =  180.00 MiB (  8192 cells,  30 layers,  1/1 seqs), K (f16):   90.00 MiB, V (f16):   90.00 MiB
I/ai-chat ( 4224): llama_kv_cache: attn_rot_k = 0, n_embd_head_k_all = 64
I/ai-chat ( 4224): llama_kv_cache: attn_rot_v = 0, n_embd_head_k_all = 64
D/ai-chat ( 4224): llama_context: enumerating backends
D/ai-chat ( 4224): llama_context: backend_ptrs.size() = 1
I/ai-chat ( 4224): sched_reserve: reserving ...
D/ai-chat ( 4224): sched_reserve: max_nodes = 2176
D/ai-chat ( 4224): sched_reserve: reserving full memory module
D/ai-chat ( 4224): sched_reserve: worst-case: n_tokens = 512, n_seqs = 1, n_outputs = 1
D/ai-chat ( 4224): graph_reserve: reserving a graph for ubatch with n_tokens =    1, n_seqs =  1, n_outputs =    1
I/ai-chat ( 4224): resolve_fused_ops: Flash Attention enabled
I/ai-chat ( 4224): resolve_fused_ops: resolving fused DeepSeek V4 HC support:
D/ai-chat ( 4224): graph_reserve: reserving a graph for ubatch with n_tokens =    1, n_seqs =  1, n_outputs =    1
I/ai-chat ( 4224): resolve_fused_ops: fused DeepSeek V4 HC pre enabled
D/ai-chat ( 4224): graph_reserve: reserving a graph for ubatch with n_tokens =    1, n_seqs =  1, n_outputs =    1
I/ai-chat ( 4224): resolve_fused_ops: fused DeepSeek V4 HC comb enabled
D/ai-chat ( 4224): graph_reserve: reserving a graph for ubatch with n_tokens =    1, n_seqs =  1, n_outputs =    1
I/ai-chat ( 4224): resolve_fused_ops: fused DeepSeek V4 HC post enabled
D/ai-chat ( 4224): graph_reserve: reserving a graph for ubatch with n_tokens =  512, n_seqs =  1, n_outputs =  512
D/ai-chat ( 4224): graph_reserve: reserving a graph for ubatch with n_tokens =    1, n_seqs =  1, n_outputs =    1
D/ai-chat ( 4224): graph_reserve: reserving a graph for ubatch with n_tokens =  512, n_seqs =  1, n_outputs =  512
I/ai-chat ( 4224): sched_reserve:        CPU compute buffer size =    98.25 MiB
I/ai-chat ( 4224): sched_reserve: graph nodes  = 936
I/ai-chat ( 4224): sched_reserve: graph splits = 1
I/ai-chat ( 4224): sched_reserve: reserve took 34.30 ms, sched copies = 1
I/ai-chat ( 4224): context creation result=success
I/WifiHAL ( 1017): Creating message to get link statistics; iface = 47
I/InferenceEngineImpl( 4224): Model loaded!
I/InferenceEngineImpl( 4224): Sending system prompt...
D/ai-chat ( 4224): Java_com_arm_aichat_internal_InferenceEngineImpl_processSystemPrompt: System prompt received: 
D/ai-chat ( 4224): plain
I/ai-chat ( 4224): chat_add_and_format: Formatted and added system message: 
I/ai-chat ( 4224): <|im_start|>system
I/ai-chat ( 4224): plain<|im_end|>
I/ai-chat ( 4224): 
V/ai-chat ( 4224): token: `<|im_start|>`	 -> `1`
V/ai-chat ( 4224): token: `system`	 -> `9690`
V/ai-chat ( 4224): token: `
V/ai-chat ( 4224): `	 -> `198`
V/ai-chat ( 4224): token: `plain`	 -> `21062`
V/ai-chat ( 4224): token: `<|im_end|>`	 -> `2`
V/ai-chat ( 4224): token: `
V/ai-chat ( 4224): `	 -> `198`
D/ai-chat ( 4224): decode_tokens_in_batches: Decode 6 tokens starting at position 0
V/ai-chat ( 4224): decode_tokens_in_batches: Preparing a batch size of 6 starting at: 0
I/WifiHAL ( 1017): Getting cached scan results, iface handle = 0xb4000072f282ed50
E/WifiHAL ( 1017): Creating message to get cached scan results
I/WifiHAL ( 1017): In GetCachedScanResultsCommand::handleResponse
D/WifiHAL ( 1017): Start debug command: mType GET_FEATURE
I/WifiHAL ( 1017): CreateRequest mType = GET_FEATURE
D/WifiHAL ( 1017): In DebugCommand::handleResponse, mType:GET_FEATURE
D/WifiHAL ( 1017): len = 4, expected len = 4
I/HalDevMgr( 1509): bestIfaceCreationProposal is null, requestIface=STA, existingIface=[name=wlan0 type=STA]
D/BoundBrokerSvc( 2764): onRebind: Intent { act=com.google.android.gms.findmydevice.spot.service.locationreport.START dat=chimera-action:/... xflg=0x4 cmp=com.google.android.gms/.chimera.PersistentApiService }
I/NearbyDiscovery( 2764): (REDACTED) DiscoveryService onStartCommand action: %s
I/NearbyDiscovery( 2764): FastPairApiHandler: trigger firmware update check [CONTEXT service_id=265 ]
I/NearbyDiscovery( 2764): (REDACTED) FastPairApiHandler: Send result, package=(%s), requestType=(%s), status=(%s)
I/InferenceEngineImpl( 4224): System prompt processed! Awaiting user prompt...
I/InferenceEngineImpl( 4224): Sending user prompt (maxTokens=16 temperature=0.2)...
I/ai-chat ( 4224): Sampler temperature=0.200000
D/ai-chat ( 4224): Java_com_arm_aichat_internal_InferenceEngineImpl_processUserPrompt: User prompt received: 
D/ai-chat ( 4224): TESTONE
I/ai-chat ( 4224): chat_add_and_format: Formatted and added user message: 
I/ai-chat ( 4224): 
I/ai-chat ( 4224): <|im_start|>user
I/ai-chat ( 4224): TESTONE<|im_end|>
I/ai-chat ( 4224): <|im_start|>assistant
I/ai-chat ( 4224): 
V/ai-chat ( 4224): token: `
V/ai-chat ( 4224): `	 -> `198`
V/ai-chat ( 4224): token: `<|im_start|>`	 -> `1`
V/ai-chat ( 4224): token: `user`	 -> `4093`
V/ai-chat ( 4224): token: `
V/ai-chat ( 4224): `	 -> `198`
V/ai-chat ( 4224): token: `TEST`	 -> `21700`
V/ai-chat ( 4224): token: `ONE`	 -> `19832`
V/ai-chat ( 4224): token: `<|im_end|>`	 -> `2`
V/ai-chat ( 4224): token: `
V/ai-chat ( 4224): `	 -> `198`
V/ai-chat ( 4224): token: `<|im_start|>`	 -> `1`
V/ai-chat ( 4224): token: `ass`	 -> `520`
V/ai-chat ( 4224): token: `istant`	 -> `9531`
V/ai-chat ( 4224): token: `
V/ai-chat ( 4224): `	 -> `198`
D/ai-chat ( 4224): decode_tokens_in_batches: Decode 12 tokens starting at position 6
V/ai-chat ( 4224): decode_tokens_in_batches: Preparing a batch size of 12 starting at: 0
I/InferenceEngineImpl( 4224): User prompt processed. Generating assistant prompt...
I/hwc-display(  554): Display Temperature : 33°C
V/ai-chat ( 4224): id: 3725,	cached: `````,	new: `````
I/bthal.activity(  964): bt_power: LeAdvStat: 19:39:32:061 - 19:39:33:066, duration: 1004, le_adv_count: 2, total_le_adv_count: 9312, total_event_count: 2
D/TemperatureStateSource( 2309): sequence=7185 actualDelay=10000
D/TemperatureStateSource( 2309): Reading temperature: sequence=7186
I/pixel-thermal( 1798): VIRTUAL-SKIN:34.9624 raw data: VIRTUAL-SKIN:34962.4 VIRTUAL-SKIN-SUB-1:34962.4 VIRTUAL-SKIN-SUB-2:30948.9 VIRTUAL-SKIN-SUB-3:33214 charger_therm:36091 gnss_tcxo_therm:35556 modem_therm:35579 quiet_therm:34621 rffe_therm:33753 soc_therm:35089 usb_conn_therm:33620 
D/TemperatureStateSource( 2309): getDeviceTemperatures: sequence=7186 deviceTemperatureType=3 temperatureSource=0 temperatures=[34.962353]
D/TemperatureStateSource( 2309): sequence=7186 waitTime=10000
D/ImpulseStateSource( 2309): Notify clients: 7424
D/AOC     ( 1205): A3:MSG: usf_vsc_log.cc, 69: VSC: [Auto Brightness] Retune sensor-3 (tout:1 drop:0): avg 94.525 -> 94.525 [wm:95.499]
D/AOC     ( 1205): A3:MSG: usf_vsc_log.cc, 69: VSC: [Auto Brightness] Retune sensor-0 (tout:1 drop:0): avg 94.300 -> 94.301 [wm:95.584]
I/WifiHAL ( 1017): Creating message to get link statistics; iface = 47
I/WifiHAL ( 1017): Getting cached scan results, iface handle = 0xb4000072f282ed50
E/WifiHAL ( 1017): Creating message to get cached scan results
I/WifiHAL ( 1017): In GetCachedScanResultsCommand::handleResponse
D/WifiHAL ( 1017): Start debug command: mType GET_FEATURE
I/WifiHAL ( 1017): CreateRequest mType = GET_FEATURE
D/WifiHAL ( 1017): In DebugCommand::handleResponse, mType:GET_FEATURE
D/WifiHAL ( 1017): len = 4, expected len = 4
I/HalDevMgr( 1509): bestIfaceCreationProposal is null, requestIface=STA, existingIface=[name=wlan0 type=STA]
D/BoundBrokerSvc(31472): onUnbind: Intent { act=com.google.android.gms.common.BIND_SHARED_PREFS xflg=0x4 pkg=com.google.android.gms }
I/NearbyMediums( 2764): No BLE Fast/GATT advertisements found in the latest cycle.
I/NearbyMediums( 2764): Current Tracked Scanning Clients are : {NearbyConnections.EnvironmentMonitor, NearbySharing, NearbyConnections.TxAdvertisement}
D/App     (17488): bindSocketToActiveNetwork: binding fd=111 to net=112 iface=wlan0
D/gojni   (17488): App: bindSocketToActiveNetwork: binding fd=111 to net=112 iface=wlan0
W/ip      ( 4285): type=1400 audit(0.0:24587): avc:  denied  { bind } for  scontext=u:r:untrusted_app_34:s0:c97,c257,c512,c768 tcontext=u:r:untrusted_app_34:s0:c97,c257,c512,c768 tclass=netlink_route_socket permissive=0
V/ai-chat ( 4224): id: 5367,	cached: `python`,	new: `python`
W/ip      ( 4287): type=1400 audit(0.0:24588): avc:  denied  { bind } for  scontext=u:r:untrusted_app_34:s0:c97,c257,c512,c768 tcontext=u:r:untrusted_app_34:s0:c97,c257,c512,c768 tclass=netlink_route_socket permissive=0
V/ai-chat ( 4224): id: 198,	cached: `
V/ai-chat ( 4224): `,	new: `
V/ai-chat ( 4224): `
V/ai-chat ( 4224): id: 2017,	cached: `import`,	new: `import`
D/ProfileInstaller( 4224): Installing profile for com.example.ollamataskerbridge
D/gojni   (17488): 20.3M/264.5M netcheck: DetectCaptivePortal(found=false)
W/ip      ( 4333): type=1400 audit(0.0:24589): avc:  denied  { bind } for  scontext=u:r:untrusted_app_34:s0:c97,c257,c512,c768 tcontext=u:r:untrusted_app_34:s0:c97,c257,c512,c768 tclass=netlink_route_socket permissive=0 app=com.tailscale.ipn
W/elockcontroller( 3151): Reducing the number of considered missed Gc histogram windows from 404 to 100
V/ai-chat ( 4224): id: 18652,	cached: ` unittest`,	new: ` unittest`
D/BoundBrokerSvc(31472): onUnbind: Intent { act=com.google.android.gms.semanticlocationhistory.service.START dat=chimera-action:/... xflg=0x4 cmp=com.google.android.gms/.chimera.GmsApiService }
V/ai-chat ( 4224): id: 198,	cached: `
V/ai-chat ( 4224): `,	new: `
V/ai-chat ( 4224): `
E/hwc-display(  554): [PrimaryDisplay,pid=992,blob#396,chan#0] HistogramDevice::checkQueryResult: BAD_HIST_DATA, no event is handled
W/hwc-display(  554): [PrimaryDisplay,pid=554,blob#396] HistogramDevice::_handleDrmEvent: ignore the event(0x795ca324b8), collectStatus is NOT_STARTED
D/usf_sensor_hal(  992): [p0]Histogram API error:BAD_HIST_DATA
I/WifiHAL ( 1017): Creating message to get link statistics; iface = 47
I/WifiHAL ( 1017): Getting cached scan results, iface handle = 0xb4000072f282ed50
E/WifiHAL ( 1017): Creating message to get cached scan results
I/WifiHAL ( 1017): In GetCachedScanResultsCommand::handleResponse
D/WifiHAL ( 1017): Start debug command: mType GET_FEATURE
I/WifiHAL ( 1017): CreateRequest mType = GET_FEATURE
D/WifiHAL ( 1017): In DebugCommand::handleResponse, mType:GET_FEATURE
D/WifiHAL ( 1017): len = 4, expected len = 4
I/HalDevMgr( 1509): bestIfaceCreationProposal is null, requestIface=STA, existingIface=[name=wlan0 type=STA]
W/hwc-display(  554): [PrimaryDisplay,pid=554,blob#396] HistogramDevice::_handleDrmEvent: ignore the event(0x795ca324b8), collectStatus is NOT_STARTED
E/hwc-display(  554): [PrimaryDisplay,pid=992,blob#396,chan#0] HistogramDevice::checkQueryResult: BAD_HIST_DATA, no event is handled
D/usf_sensor_hal(  992): [p0]Histogram API error:BAD_HIST_DATA
D/WM-DelayedWorkTracker( 9511): Scheduling work 39bfd74e-6691-47b2-a550-6cb4a5c2c7ec
D/WM-GreedyScheduler( 9511): Starting tracking for 39bfd74e-6691-47b2-a550-6cb4a5c2c7ec
D/WM-GreedyScheduler( 9511): Constraints met: Scheduling work ID WorkGenerationalId(workSpecId=39bfd74e-6691-47b2-a550-6cb4a5c2c7ec, generation=0)
D/WM-Processor( 9511): e: processing WorkGenerationalId(workSpecId=39bfd74e-6691-47b2-a550-6cb4a5c2c7ec, generation=0)
D/ActivityManager( 1509): sync unfroze 9511 com.thetileapp.tile for 6
D/BluetoothAdapter( 9511): isLeEnabled(): ON
D/BluetoothLeScanner( 9511): could not find callback wrapper
D/BluetoothAdapter( 9511): isLeEnabled(): ON
W/ProcessStats( 1509): Tracking association SourceState{49cd46a system/1000 ImpBg #171265} whose proc state 6 is better than process ProcessState{aeecdc6 com.thetileapp.tile/10325 pkg=com.thetileapp.tile} proc state 14 (5 skipped)
D/WM-SystemJobService( 9511): onStartJob for WorkGenerationalId(workSpecId=39bfd74e-6691-47b2-a550-6cb4a5c2c7ec, generation=0)
I/bt_shim_scanner( 2277): system/main/shim/le_scanning_manager.cc:182 ScanFilterParamSetup: in shim layer, clientIf=6
I/bt_shim_scanner( 2277): system/main/shim/le_scanning_manager.cc:182 ScanFilterParamSetup: in shim layer, clientIf=6
I/bt_shim_scanner( 2277): system/main/shim/le_scanning_manager.cc:144 Unregister: in shim layer, scannerId=6
D/WM-WorkerWrapper( 9511): Starting work for com.thetileapp.tile.jobmanager.TileJobWorker
D/WM-Processor( 9511): Work WorkGenerationalId(workSpecId=39bfd74e-6691-47b2-a550-6cb4a5c2c7ec, generation=0) is already enqueued for processing
D/BluetoothAdapter( 9511): isLeEnabled(): ON
I/bt_shim_scanner( 2277): system/main/shim/le_scanning_manager.cc:138 RegisterScanner: in shim layer, UUID=913abad1-e029-478c-82c7-eabd9e71e902
D/BluetoothLeScanner( 9511): onScannerRegistered(status=0, scannerId=6): mScannerId=0
I/bt_shim_scanner( 2277): system/main/shim/le_scanning_manager.cc:239 ScanFilterEnable: in shim layer
I/bt_shim_scanner( 2277): system/main/shim/le_scanning_manager.cc:215 ScanFilterAdd: in shim layer
I/bt_shim_scanner( 2277): system/main/shim/le_scanning_manager.cc:182 ScanFilterParamSetup: in shim layer, clientIf=6
I/bt_shim_scanner( 2277): system/main/shim/le_scanning_manager.cc:215 ScanFilterAdd: in shim layer
I/bt_shim_scanner( 2277): system/main/shim/le_scanning_manager.cc:182 ScanFilterParamSetup: in shim layer, clientIf=6
I/NetworkScheduler.Stats( 2764): (REDACTED) Task %s/%s started execution. cause:%s exec_start_elapsed_seconds: %s
I/PlayGamesServices[GamesSyncAdapter](31472): Starting sync for 28eeaf74
V/ai-chat ( 4224): id: 198,	cached: `
V/ai-chat ( 4224): `,	new: `
V/ai-chat ( 4224): `
I/PlayGamesServices[GamesSyncAdapter](31472): Sync duration for 28eeaf74: 8
I/pixel-thermal( 1798): charger_therm:36.091 raw data: charger_therm:36091 
I/pixel-thermal( 1798): VIRTUAL-SKIN-CHARGE:35.4704 raw data: VIRTUAL-SKIN-CHARGE:35470.4 VIRTUAL-SKIN-CHARGE-SUB-1:34584.6 VIRTUAL-SKIN-CHARGE-SUB-2:35470.4 charger_therm:36091 modem_therm:35579 quiet_therm:34621 rffe_therm:33753 soc_therm:35089 
I/pixel-thermal( 1798): VIRTUAL-SKIN-CHARGE power_budget=4754.45 err=2.52964 s_power=2200 time_elapsed_ms=7016 p=1011.85 i=1600 d=0 dt_per_min=nan compensation=0 budget transient=0 control target=2 excluded power budget=57.4054 (PARTIAL_SYSTEM_POWER: 1148.11 mW, cdev_weight: 0.050000)
W/PlayGamesServices[DataBroker](31472): No player ID found when refreshing
W/PlayGamesServices[DataBroker](31472): No player ID found when refreshing
W/PlayGamesServices[DataBroker](31472): No player ID found when refreshing
W/PlayGamesServices[DataBroker](31472): No player ID found when refreshing
I/pixel-thermal( 1798): VIRTUAL-SKIN-SPEAKER:34.6982 raw data: VIRTUAL-SKIN-SPEAKER:34698.2 VIRTUAL-SKIN-SPEAKER-SUB-1:32123.6 VIRTUAL-SKIN-SPEAKER-SUB-2:34698.2 battery:34600 gnss_tcxo_therm:35556 quiet_therm:34621 soc_therm:35089 usb_conn_therm:33620 
I/pixel-thermal( 1798): VIRTUAL-SKIN-CHARGE-WLC:35.1572 raw data: VIRTUAL-SKIN-CHARGE-WLC:35157.2 charger_therm:36091 modem_therm:35579 rffe_therm:33753 soc_therm:35089 
I/pixel-thermal( 1798): VIRTUAL-SKIN-CHARGE-WLC power_budget=2253.75 err=2.84281 s_power=1400 time_elapsed_ms=7016 p=568.562 i=400 d=0 dt_per_min=nan compensation=0 budget transient=0 control target=2 excluded power budget=114.811 (PARTIAL_SYSTEM_POWER: 1148.11 mW, cdev_weight: 0.100000)
W/PlayGamesServices[DataBroker](31472): No player ID found when refreshing
I/NetworkScheduler.Stats( 2764): (REDACTED) Task %s/%s finished executing. cause:%s result: %s elapsed_millis: %s uptime_millis: %s exec_start_elapsed_seconds: %s
W/PlayGamesServices[UiUtils](31472): AppVersion: Cannot find the installed destination app.
I/GetServiceValidatorImpl(31472): (REDACTED) onGetService() from Client SDK version [%s], Module version [%s], PGA version [%s], Account [%s], Calling package [%s], Game package [%s]
I/GetGamesServiceReqFacto(31472): (REDACTED) Parsing request with ignored arguments. signInOptionsBundle [%s], isRetryingSignIn [%s], skipWelcomePopup [%s], requireGooglePlus [%s]
I/GetGamesServiceReqFacto(31472): Replacing request for `games` scope with `games_lite`
I/SignInPerformer-47(31472): (REDACTED) Handling request [%s], isFirstPartyCaller [%s]
I/SignInPerformer-47(31472): Successfully brokered first-party unauthenticated GamesService [CONTEXT service_id=1 ]
I/GetGamesServiceV2Op(31472): (REDACTED) Successfully brokered GamesService for request %s
W/PlayGamesServices[UiUtils](31472): AppVersion: Cannot find the installed destination app.
W/PlayGamesServices[UiUtils](31472): AppVersionName: Cannot find the installed destination app.
I/WM-WorkerWrapper( 9511): Worker result SUCCESS for Work [ id=39bfd74e-6691-47b2-a550-6cb4a5c2c7ec, tags={ com.thetileapp.tile.jobmanager.TileJobWorker,BatchUpdateJob } ]
D/WM-Processor( 9511): e 39bfd74e-6691-47b2-a550-6cb4a5c2c7ec executed; reschedule = false
D/WM-GreedyScheduler( 9511): Stopping tracking for WorkGenerationalId(workSpecId=39bfd74e-6691-47b2-a550-6cb4a5c2c7ec, generation=0)
D/WM-SystemJobService( 9511): 39bfd74e-6691-47b2-a550-6cb4a5c2c7ec executed on JobScheduler
D/WM-GreedyScheduler( 9511): Cancelling work ID 39bfd74e-6691-47b2-a550-6cb4a5c2c7ec
D/WM-GreedyScheduler( 9511): Starting tracking for 5bd21a85-3cbd-42fc-b65d-461386d4e946,afdc827d-90a3-44f0-a523-69095f793c97
I/NearbyDiscovery( 2764): (REDACTED) DiscoveryService onStartCommand action: %s
I/NearbyDiscovery( 2764): FastPairApiHandler: trigger firmware update check [CONTEXT service_id=265 ]
I/NearbyDiscovery( 2764): (REDACTED) FastPairApiHandler: Send result, package=(%s), requestType=(%s), status=(%s)
I/WifiHAL ( 1017): Creating message to get link statistics; iface = 47
I/WifiHAL ( 1017): Getting cached scan results, iface handle = 0xb4000072f282ed50
E/WifiHAL ( 1017): Creating message to get cached scan results
I/WifiHAL ( 1017): In GetCachedScanResultsCommand::handleResponse
D/WifiHAL ( 1017): Start debug command: mType GET_FEATURE
I/WifiHAL ( 1017): CreateRequest mType = GET_FEATURE
D/WifiHAL ( 1017): In DebugCommand::handleResponse, mType:GET_FEATURE
D/WifiHAL ( 1017): len = 4, expected len = 4
I/HalDevMgr( 1509): bestIfaceCreationProposal is null, requestIface=STA, existingIface=[name=wlan0 type=STA]
I/bthal.activity(  964): bt_power: LeAdvStat: 19:39:40:088 - 19:39:41:091, duration: 1003, le_adv_count: 2, total_le_adv_count: 9314, total_event_count: 2
V/ai-chat ( 4224): id: 2064,	cached: `class`,	new: `class`
V/ai-chat ( 4224): id: 4246,	cached: ` Test`,	new: ` Test`
V/ai-chat ( 4224): id: 10492,	cached: `String`,	new: `String`
D/IpClient/wlan0( 2306): interfaceLinkStateChanged: ifindex 47 up
D/TemperatureStateSource( 2309): sequence=7186 actualDelay=10001
D/TemperatureStateSource( 2309): Reading temperature: sequence=7187
I/pixel-thermal( 1798): VIRTUAL-SKIN:34.9602 raw data: VIRTUAL-SKIN:34960.1 VIRTUAL-SKIN-SUB-1:34960.1 VIRTUAL-SKIN-SUB-2:30917.4 VIRTUAL-SKIN-SUB-3:33201.9 charger_therm:36091 gnss_tcxo_therm:35490 modem_therm:35534 quiet_therm:34599 rffe_therm:33731 soc_therm:35111 usb_conn_therm:33642 
D/TemperatureStateSource( 2309): getDeviceTemperatures: sequence=7187 deviceTemperatureType=3 temperatureSource=0 temperatures=[34.96015]
D/TemperatureStateSource( 2309): sequence=7187 waitTime=10000
D/ImpulseStateSource( 2309): Notify clients: 7425
I/WifiHAL ( 1017): Creating message to get link statistics; iface = 47
I/WifiHAL ( 1017): Getting cached scan results, iface handle = 0xb4000072f282ed50
E/WifiHAL ( 1017): Creating message to get cached scan results
I/WifiHAL ( 1017): In GetCachedScanResultsCommand::handleResponse
D/BluetoothAdapter( 9511): isLeEnabled(): ON
I/bt_shim_scanner( 2277): system/main/shim/le_scanning_manager.cc:182 ScanFilterParamSetup: in shim layer, clientIf=1
I/bt_shim_scanner( 2277): system/main/shim/le_scanning_manager.cc:182 ScanFilterParamSetup: in shim layer, clientIf=1
I/bt_shim_scanner( 2277): system/main/shim/le_scanning_manager.cc:144 Unregister: in shim layer, scannerId=1
D/BluetoothAdapter( 9511): isLeEnabled(): ON
E/BtScan.ScannerMap( 2277): Context not found for pendingIntent=PendingIntent{7033da2: android.os.BinderProxy@3c7d74a}
I/bt_shim_scanner( 2277): system/main/shim/le_scanning_manager.cc:138 RegisterScanner: in shim layer, UUID=eb81f61e-d63b-4700-985b-cd7b0c2ca898
I/bt_shim_scanner( 2277): system/main/shim/le_scanning_manager.cc:239 ScanFilterEnable: in shim layer
I/bt_shim_scanner( 2277): system/main/shim/le_scanning_manager.cc:215 ScanFilterAdd: in shim layer
I/bt_shim_scanner( 2277): system/main/shim/le_scanning_manager.cc:182 ScanFilterParamSetup: in shim layer, clientIf=1
I/bt_shim_scanner( 2277): system/main/shim/le_scanning_manager.cc:215 ScanFilterAdd: in shim layer
I/bt_shim_scanner( 2277): system/main/shim/le_scanning_manager.cc:182 ScanFilterParamSetup: in shim layer, clientIf=1
I/WifiHAL ( 1017): Creating message to get link statistics; iface = 47
I/WifiHAL ( 1017): Getting cached scan results, iface handle = 0xb4000072f282ed50
E/WifiHAL ( 1017): Creating message to get cached scan results
I/WifiHAL ( 1017): In GetCachedScanResultsCommand::handleResponse
D/WifiHAL ( 1017): Start debug command: mType GET_FEATURE
I/WifiHAL ( 1017): CreateRequest mType = GET_FEATURE
D/WifiHAL ( 1017): In DebugCommand::handleResponse, mType:GET_FEATURE
D/WifiHAL ( 1017): len = 4, expected len = 4
I/HalDevMgr( 1509): bestIfaceCreationProposal is null, requestIface=STA, existingIface=[name=wlan0 type=STA]
V/ai-chat ( 4224): id: 43895,	cached: `Operations`,	new: `Operations`
V/ai-chat ( 4224): id: 24,	cached: `(`,	new: `(`
V/ai-chat ( 4224): id: 23239,	cached: `unittest`,	new: `unittest`
I/pixel-thermal( 1798): charger_therm:36.091 raw data: charger_therm:36091 
I/pixel-thermal( 1798): VIRTUAL-SKIN-CHARGE:35.4476 raw data: VIRTUAL-SKIN-CHARGE:35447.6 VIRTUAL-SKIN-CHARGE-SUB-1:34572.9 VIRTUAL-SKIN-CHARGE-SUB-2:35447.6 charger_therm:36091 modem_therm:35534 quiet_therm:34599 rffe_therm:33731 soc_therm:35111 
I/pixel-thermal( 1798): VIRTUAL-SKIN-CHARGE power_budget=4763.81 err=2.55241 s_power=2200 time_elapsed_ms=7023 p=1020.96 i=1600 d=0 dt_per_min=nan compensation=0 budget transient=0 control target=2 excluded power budget=57.1493 (PARTIAL_SYSTEM_POWER: 1142.99 mW, cdev_weight: 0.050000)
I/pixel-thermal( 1798): VIRTUAL-SKIN-SPEAKER:34.7168 raw data: VIRTUAL-SKIN-SPEAKER:34716.8 VIRTUAL-SKIN-SPEAKER-SUB-1:32103.4 VIRTUAL-SKIN-SPEAKER-SUB-2:34716.8 battery:34400 gnss_tcxo_therm:35490 quiet_therm:34599 soc_therm:35111 usb_conn_therm:33642 
I/pixel-thermal( 1798): VIRTUAL-SKIN-CHARGE-WLC:35.1452 raw data: VIRTUAL-SKIN-CHARGE-WLC:35145.2 charger_therm:36091 modem_therm:35534 rffe_therm:33731 soc_therm:35111 
I/pixel-thermal( 1798): VIRTUAL-SKIN-CHARGE-WLC power_budget=2256.66 err=2.85479 s_power=1400 time_elapsed_ms=7023 p=570.958 i=400 d=0 dt_per_min=nan compensation=0 budget transient=0 control target=2 excluded power budget=114.299 (PARTIAL_SYSTEM_POWER: 1142.99 mW, cdev_weight: 0.100000)
D/RILClient( 1168): [OemClient]IND: (clientId = 0, msgId = 5104, dataLength = 7, channel = 1)
D/RILClient( 1168): [OemClient]IND: (clientId = 0, msgId = 2016, dataLength = 996, channel = 1)
I/SHANNON_IMS( 2398): 9105 [DATA] Received mCellStatus [ 1 ]  [  band : 0] (RilIndImsPhysicalChannelConfigs%update:44)
I/SHANNON_IMS( 2398): 9106 [NETW] #:PURP:# UNSOL {RILC_UNSOL_PHYSICAL_CHANNEL_CONFIGS} :   band : 3  (NetworkAdaptor$AdaptorChannel%onMessage:306)
D/ActivityManager( 1509): sync unfroze 18771 .ShannonImsService for 7
I/WifiHAL ( 1017): found interface wlan0
I/WifiHAL ( 1017): Setting Channel Avoidance success
D/StateService( 3179): Country ISO: jp
I/NearbyMediums( 2764): No BLE Fast/GATT advertisements found in the latest cycle.
I/NearbyMediums( 2764): Current Tracked Scanning Clients are : {NearbyConnections.EnvironmentMonitor, NearbySharing, NearbyConnections.TxAdvertisement}
I/WifiHAL ( 1017): Creating message to get link statistics; iface = 47
I/WifiHAL ( 1017): Getting cached scan results, iface handle = 0xb4000072f282ed50
E/WifiHAL ( 1017): Creating message to get cached scan results
I/WifiHAL ( 1017): In GetCachedScanResultsCommand::handleResponse
D/WifiHAL ( 1017): Start debug command: mType GET_FEATURE
I/WifiHAL ( 1017): CreateRequest mType = GET_FEATURE
D/WifiHAL ( 1017): In DebugCommand::handleResponse, mType:GET_FEATURE
D/WifiHAL ( 1017): len = 4, expected len = 4
I/HalDevMgr( 1509): bestIfaceCreationProposal is null, requestIface=STA, existingIface=[name=wlan0 type=STA]
E/hwc-display(  554): [PrimaryDisplay,pid=992,blob#396,chan#0] HistogramDevice::checkQueryResult: BAD_HIST_DATA, no event is handled
D/usf_sensor_hal(  992): [p0]Histogram API error:BAD_HIST_DATA
W/hwc-display(  554): [PrimaryDisplay,pid=554,blob#396] HistogramDevice::_handleDrmEvent: ignore the event(0x795ca324b8), collectStatus is NOT_STARTED
D/GRIL-S  ( 2315): [1677]> SET_PREFERRED_DISPLAY_FREQ_1_4[1000000, 1102000]
D/GRIL-S  ( 2315): [1677]< SET_PREFERRED_DISPLAY_FREQ_1_4 
V/ai-chat ( 4224): id: 30,	cached: `.`,	new: `.`
D/BluetoothAdapter( 9511): isLeEnabled(): ON
I/bt_shim_scanner( 2277): system/main/shim/le_scanning_manager.cc:182 ScanFilterParamSetup: in shim layer, clientIf=6
I/bt_shim_scanner( 2277): system/main/shim/le_scanning_manager.cc:182 ScanFilterParamSetup: in shim layer, clientIf=6
I/bt_shim_scanner( 2277): system/main/shim/le_scanning_manager.cc:144 Unregister: in shim layer, scannerId=6
I/NearbyDiscovery( 2764): (REDACTED) DiscoveryService onStartCommand action: %s
I/NearbyDiscovery( 2764): FastPairApiHandler: trigger firmware update check [CONTEXT service_id=265 ]
I/NearbyDiscovery( 2764): (REDACTED) FastPairApiHandler: Send result, package=(%s), requestType=(%s), status=(%s)
V/ai-chat ( 4224): id: 15645,	cached: `TestCase`,	new: `TestCase`
D/PowerManagerLceEstimator( 4353): Downlink cellular capacity updated to 55851 Kbps
D/PowerManagerLceEstimator( 4353): Uplink cellular capacity updated to 4800 Kbps
I/bthal.activity(  964): bt_power: LeAdvStat: 19:39:48:115 - 19:39:49:116, duration: 1001, le_adv_count: 2, total_le_adv_count: 9316, total_event_count: 4
D/ActivityManager( 1509): freezing 9511 com.thetileapp.tile
D/InetDiagMessage( 1509): Destroyed 0 sockets, proto=IPPROTO_TCP, family=AF_INET, states=14
D/InetDiagMessage( 1509): Destroyed 1 sockets, proto=IPPROTO_TCP, family=AF_INET6, states=14
D/InetDiagMessage( 1509): Destroyed live tcp sockets for uids={10325} in 4ms
I/SystemMemoryMap( 2764): (REDACTED) [activitytransition] serialization complete (extras/values=%.2f/%.2fkb)
D/AOC     ( 1205): CHRE: DRAM vote count begins
D/CHRE    (  967): @ 72689.353: Parsed nanoapp message from host: app ID 0x476f6f676c00100d endpoint 0x9 msgType 144 payload size 10
I/CHRE    (  967): @ 72689.354: [NanoMinion] received MSG Type 0x90, Version 1, 6 bytes
I/CHRE    (  967): @ 72689.354: [cc] disable
D/AOC     ( 1205): CHRE: DRAM vote count ends: 0 ms
D/AOC     ( 1205): CHRE: DRAM vote count begins
D/AOC     ( 1205): CHRE: DRAM vote count ends: 0 ms
D/AOC     ( 1205): CHRE: DRAM vote count begins
D/AOC     ( 1205): CHRE: DRAM vote count ends: 0 ms
D/CHRE    (  967): @ 72689.357: Nanoapp list request from client ID 2
D/CHRE.HAL(  967): Received a nanoapp list response for client 2
D/AOC     ( 1205): CHRE: DRAM vote count begins
D/AOC     ( 1205): CHRE: DRAM vote count ends: 0 ms
D/CHRE    (  967): @ 72689.369: Parsed nanoapp message from host: app ID 0x476f6f676c00100b endpoint 0x5 msgType 112 payload size 112
I/SystemMemoryMap( 2764): (REDACTED) [activityrecognition] serialization complete (extras/values=%.2f/%.2fkb)
D/AOC     ( 1205): CHRE: DRAM vote count begins
D/AOC     ( 1205): CHRE: DRAM vote count ends: 0 ms
D/AOC     ( 1205): CHRE: DRAM vote count begins
D/AOC     ( 1205): CHRE: DRAM vote count ends: 0 ms
D/AOC     ( 1205): CHRE: DRAM vote count begins
D/AOC     ( 1205): CHRE: DRAM vote count ends: 0 ms
D/CHRE.HAL(  967): Received a nanoapp message from 0x476f6f676c00100b endpoint 0x5: Type 0x401 size 25 
D/AOC     ( 1205): CHRE: DRAM vote count begins
D/AOC     ( 1205): CHRE: DRAM vote count ends: 0 ms
I/CHRE    (  967): @ 72689.370: [NanoMinion] received MSG Type 0x70, Version 1, 108 bytes
I/CHRE    (  967): @ 72689.370: [AR] request.enable latency=2147483647, numTrans=12
I/CHRE    (  967): @ 72689.371: [NanoMinion] sent MSG Type 0x71, Version 0, 17 bytes, MessageId 144
I/CHRE    (  967): @ 72689.371: [AR] send response=0
I/WifiHAL ( 1017): Creating message to get link statistics; iface = 47
I/WifiHAL ( 1017): Getting cached scan results, iface handle = 0xb4000072f282ed50
E/WifiHAL ( 1017): Creating message to get cached scan results
I/WifiHAL ( 1017): In GetCachedScanResultsCommand::handleResponse
D/WifiHAL ( 1017): Start debug command: mType GET_FEATURE
I/WifiHAL ( 1017): CreateRequest mType = GET_FEATURE
D/WifiHAL ( 1017): In DebugCommand::handleResponse, mType:GET_FEATURE
D/WifiHAL ( 1017): len = 4, expected len = 4
I/HalDevMgr( 1509): bestIfaceCreationProposal is null, requestIface=STA, existingIface=[name=wlan0 type=STA]
V/ai-chat ( 4224): id: 727,	cached: `):`,	new: `):`
E/hwc-display(  554): [PrimaryDisplay,pid=992,blob#396,chan#0] HistogramDevice::checkQueryResult: BAD_HIST_DATA, no event is handled
W/hwc-display(  554): [PrimaryDisplay,pid=554,blob#396] HistogramDevice::_handleDrmEvent: ignore the event(0x795ca324b8), collectStatus is NOT_STARTED
D/usf_sensor_hal(  992): [p0]Histogram API error:BAD_HIST_DATA
I/pixel-thermal( 1798): charger_therm:36.18 raw data: charger_therm:36180 
I/pixel-thermal( 1798): VIRTUAL-SKIN-CHARGE:35.4437 raw data: VIRTUAL-SKIN-CHARGE:35443.7 VIRTUAL-SKIN-CHARGE-SUB-1:34626.5 VIRTUAL-SKIN-CHARGE-SUB-2:35443.7 charger_therm:36180 modem_therm:35801 quiet_therm:34577 rffe_therm:33753 soc_therm:35022 
I/pixel-thermal( 1798): VIRTUAL-SKIN-CHARGE power_budget=4761.66 err=2.5563 s_power=2200 time_elapsed_ms=7016 p=1022.52 i=1600 d=0 dt_per_min=nan compensation=0 budget transient=0 control target=2 excluded power budget=60.8639 (PARTIAL_SYSTEM_POWER: 1217.28 mW, cdev_weight: 0.050000)
I/pixel-thermal( 1798): VIRTUAL-SKIN-SPEAKER:34.7168 raw data: VIRTUAL-SKIN-SPEAKER:34716.8 VIRTUAL-SKIN-SPEAKER-SUB-1:32069.4 VIRTUAL-SKIN-SPEAKER-SUB-2:34716.8 battery:34400 gnss_tcxo_therm:35490 quiet_therm:34577 soc_therm:35022 usb_conn_therm:33642 
I/pixel-thermal( 1798): VIRTUAL-SKIN-CHARGE-WLC:35.2003 raw data: VIRTUAL-SKIN-CHARGE-WLC:35200.3 charger_therm:36180 modem_therm:35801 rffe_therm:33753 soc_therm:35022 
I/pixel-thermal( 1798): VIRTUAL-SKIN-CHARGE-WLC power_budget=2238.21 err=2.79968 s_power=1400 time_elapsed_ms=7016 p=559.937 i=400 d=-0 dt_per_min=nan compensation=0 budget transient=0 control target=2 excluded power budget=121.728 (PARTIAL_SYSTEM_POWER: 1217.28 mW, cdev_weight: 0.100000)
I/WifiHAL ( 1017): Creating message to get link statistics; iface = 47
I/WifiHAL ( 1017): Getting cached scan results, iface handle = 0xb4000072f282ed50
E/WifiHAL ( 1017): Creating message to get cached scan results
I/WifiHAL ( 1017): In GetCachedScanResultsCommand::handleResponse
D/WifiHAL ( 1017): Start debug command: mType GET_FEATURE
I/WifiHAL ( 1017): CreateRequest mType = GET_FEATURE
D/WifiHAL ( 1017): In DebugCommand::handleResponse, mType:GET_FEATURE
D/WifiHAL ( 1017): len = 4, expected len = 4
I/HalDevMgr( 1509): bestIfaceCreationProposal is null, requestIface=STA, existingIface=[name=wlan0 type=STA]
D/TemperatureStateSource( 2309): sequence=7187 actualDelay=10001
D/TemperatureStateSource( 2309): Reading temperature: sequence=7188
I/pixel-thermal( 1798): VIRTUAL-SKIN:34.8968 raw data: VIRTUAL-SKIN:34896.8 VIRTUAL-SKIN-SUB-1:34896.8 VIRTUAL-SKIN-SUB-2:31084.4 VIRTUAL-SKIN-SUB-3:33224 charger_therm:36180 gnss_tcxo_therm:35490 modem_therm:35801 quiet_therm:34577 rffe_therm:33753 soc_therm:35022 usb_conn_therm:33642 
D/TemperatureStateSource( 2309): getDeviceTemperatures: sequence=7188 deviceTemperatureType=3 temperatureSource=0 temperatures=[34.89675]
D/TemperatureStateSource( 2309): sequence=7188 waitTime=10000
I/pixel-thermal( 1798): VIRTUAL-SKIN:34.8968 raw data: VIRTUAL-SKIN:34896.8 
I/TemperatureStateSource( 2309): temperature was set
D/ImpulseStateSource( 2309): Notify clients: 7426
D/ImpulseConnection( 2309): timeout didn't happen: com.google.android.apps.turbo
W/CCTFlatFileLogStore( 2764): Excessive logging: 64 events, 165588 bytes from log source TURBO last 451s
V/ai-chat ( 4224): id: 472,	cached: `
V/ai-chat ( 4224):    `,	new: `
V/ai-chat ( 4224):    `
E/hwc-display(  554): [PrimaryDisplay,pid=992,blob#396,chan#0] HistogramDevice::checkQueryResult: BAD_HIST_DATA, no event is handled
W/hwc-display(  554): [PrimaryDisplay,pid=554,blob#396] HistogramDevice::_handleDrmEvent: ignore the event(0x795ca324b8), collectStatus is NOT_STARTED
D/usf_sensor_hal(  992): [p0]Histogram API error:BAD_HIST_DATA
I/NearbyMediums( 2764): No BLE Fast/GATT advertisements found in the latest cycle.
I/NearbyMediums( 2764): Current Tracked Scanning Clients are : {NearbyConnections.EnvironmentMonitor, NearbySharing, NearbyConnections.TxAdvertisement}
D/RILClient( 1168): [OemClient]IND: (clientId = 0, msgId = 5104, dataLength = 7, channel = 1)
D/RILClient( 1168): [OemClient]IND: (clientId = 0, msgId = 2016, dataLength = 996, channel = 1)
I/SHANNON_IMS( 2398): 9110 [DATA] Received mCellStatus [ 0 ]  [  band : 3] (RilIndImsPhysicalChannelConfigs%update:44)
I/SHANNON_IMS( 2398): 9111 [NETW] #:PURP:# UNSOL {RILC_UNSOL_PHYSICAL_CHANNEL_CONFIGS} :   band : 0  (NetworkAdaptor$AdaptorChannel%onMessage:306)
D/StateService( 3179): Country ISO: jp
V/ai-chat ( 4224): id: 753,	cached: ` def`,	new: ` def`
I/WifiHAL ( 1017): Creating message to get link statistics; iface = 47
I/WifiHAL ( 1017): Getting cached scan results, iface handle = 0xb4000072f282ed50
E/WifiHAL ( 1017): Creating message to get cached scan results
I/WifiHAL ( 1017): In GetCachedScanResultsCommand::handleResponse
D/WifiHAL ( 1017): Start debug command: mType GET_FEATURE
I/WifiHAL ( 1017): CreateRequest mType = GET_FEATURE
D/WifiHAL ( 1017): In DebugCommand::handleResponse, mType:GET_FEATURE
D/WifiHAL ( 1017): len = 4, expected len = 4
I/HalDevMgr( 1509): bestIfaceCreationProposal is null, requestIface=STA, existingIface=[name=wlan0 type=STA]
E/hwc-display(  554): [PrimaryDisplay,pid=992,blob#396,chan#0] HistogramDevice::checkQueryResult: BAD_HIST_DATA, no event is handled
D/usf_sensor_hal(  992): [p0]Histogram API error:BAD_HIST_DATA
I/bthal.activity(  964): bt_power: LeAdvStat: 19:39:56:129 - 19:39:57:129, duration: 1000, le_adv_count: 1, total_le_adv_count: 9317, total_event_count: 1
W/TracingMuxer( 1204): type=1400 audit(0.0:24590): avc:  denied  { write } for  name="traced_producer" dev="tmpfs" ino=1356 scontext=u:r:gxp_logging:s0 tcontext=u:object_r:traced_producer_socket:s0 tclass=sock_file permissive=0
D/GRIL-S  ( 2315): [1678]> SET_PREFERRED_DISPLAY_FREQ_1_4[1000000, 1102000]
D/GRIL-S  ( 2315): [1678]< SET_PREFERRED_DISPLAY_FREQ_1_4 
I/WifiHAL ( 1017): found interface wlan0
I/WifiHAL ( 1017): Setting Channel Avoidance success
I/pixel-thermal( 1798): THERMAL_GENL_EVENT_TZ_TRIP_UP tz_id=18 tz_temp=80.00 trip_id=0
I/pixel-thermal( 1798): TZ path: /sys/devices/virtual/thermal/thermal_zone18/type type: soc
V/ai-chat ( 4224): id: 1028,	cached: ` test`,	new: ` test`
I/WifiHAL ( 1017): Creating message to get link statistics; iface = 47
I/WifiHAL ( 1017): Getting cached scan results, iface handle = 0xb4000072f282ed50
E/WifiHAL ( 1017): Creating message to get cached scan results
I/WifiHAL ( 1017): In GetCachedScanResultsCommand::handleResponse
D/WifiHAL ( 1017): Start debug command: mType GET_FEATURE
I/WifiHAL ( 1017): CreateRequest mType = GET_FEATURE
D/WifiHAL ( 1017): In DebugCommand::handleResponse, mType:GET_FEATURE
D/WifiHAL ( 1017): len = 4, expected len = 4
I/HalDevMgr( 1509): bestIfaceCreationProposal is null, requestIface=STA, existingIface=[name=wlan0 type=STA]
W/hwc-libdisplaycolor(  554): GetRrRegammaForRange: no match found (op_hz, hz, dbv, range_id)=(60,60,1061,7)
W/hwc-libdisplaycolor(  554): GetRrRegammaForRange: no match found (op_hz, hz, dbv, range_id)=(60,60,1061,7)
W/hwc-libdisplaycolor(  554): GetRrRegammaForRange: no match found (op_hz, hz, dbv, range_id)=(60,60,1061,7)
V/ai-chat ( 4224): id: 79,	cached: `_`,	new: `_`
D/App     (17488): bindSocketToActiveNetwork: binding fd=111 to net=112 iface=wlan0
D/gojni   (17488): App: bindSocketToActiveNetwork: binding fd=111 to net=112 iface=wlan0
W/ip      ( 4455): type=1400 audit(0.0:24591): avc:  denied  { bind } for  scontext=u:r:untrusted_app_34:s0:c97,c257,c512,c768 tcontext=u:r:untrusted_app_34:s0:c97,c257,c512,c768 tclass=netlink_route_socket permissive=0 app=com.tailscale.ipn
W/ip      ( 4456): type=1400 audit(0.0:24592): avc:  denied  { bind } for  scontext=u:r:untrusted_app_34:s0:c97,c257,c512,c768 tcontext=u:r:untrusted_app_34:s0:c97,c257,c512,c768 tclass=netlink_route_socket permissive=0 app=com.tailscale.ipn
W/ip      ( 4457): type=1400 audit(0.0:24593): avc:  denied  { bind } for  scontext=u:r:untrusted_app_34:s0:c97,c257,c512,c768 tcontext=u:r:untrusted_app_34:s0:c97,c257,c512,c768 tclass=netlink_route_socket permissive=0 app=com.tailscale.ipn
D/AOC     ( 1205): CHRE: DRAM vote count begins
D/CHRE    (  967): @ 72701.040: Parsed nanoapp message from host: app ID 0x476f6f676c00100b endpoint 0x5 msgType 112 payload size 10
D/AOC     ( 1205): CHRE: DRAM vote count ends: 0 ms
D/AOC     ( 1205): CHRE: DRAM vote count begins
D/AOC     ( 1205): CHRE: DRAM vote count ends: 0 ms
D/AOC     ( 1205): CHRE: DRAM vote count begins
D/AOC     ( 1205): CHRE: DRAM vote count ends: 0 ms
D/AOC     ( 1205): CHRE: DRAM vote count begins
D/AOC     ( 1205): CHRE: DRAM vote count ends: 0 ms
D/CHRE.HAL(  967): Received a nanoapp message from 0x476f6f676c00100b endpoint 0x5: Type 0x401 size 572 
I/CHRE    (  967): @ 72701.041: [NanoMinion] received MSG Type 0x70, Version 1, 6 bytes
I/CHRE    (  967): @ 72701.042: [AR] request.flush
I/CHRE    (  967): @ 72701.042: [AR] send to host, reason=3, sampleSize=36, transitionSize=0, lastAccelTime = 72616695, lastAudioTime = 0 
I/CHRE    (  967): @ 72701.043: [NanoMinion] sent MSG Type 0x72, Version 0, 564 bytes, MessageId 145
W/AppOps  ( 1509): Noting op not finished: uid 10153 pkg com.google.android.gms code 113 startTime of in progress event=1788517382099
W/AppOps  ( 1509): Noting op not finished: uid 10153 pkg com.google.android.gms code 113 startTime of in progress event=1788517382099
W/AppOps  ( 1509): Noting op not finished: uid 10153 pkg com.google.android.gms code 79 startTime of in progress event=1788517382098
W/AppOps  ( 1509): Noting op not finished: uid 10391 pkg com.arlosoft.macrodroid code 79 startTime of in progress event=1788517358523
I/ActivityScheduler( 2764): nextTriggerTime: 72894235, in 240000ms, detectorType: 0,  alarmWindowMillis: 30000
W/AppOps  ( 1509): Noting op not finished: uid 10153 pkg com.google.android.gms code 113 startTime of in progress event=1788517382099
W/hwc-display(  554): [PrimaryDisplay,pid=554,blob#396] HistogramDevice::_handleDrmEvent: ignore the event(0x795ca324b8), collectStatus is NOT_STARTED
E/hwc-display(  554): [PrimaryDisplay,pid=992,blob#396,chan#0] HistogramDevice::checkQueryResult: BAD_HIST_DATA, no event is handled
D/usf_sensor_hal(  992): [p0]Histogram API error:BAD_HIST_DATA
D/BoundBrokerSvc( 2764): onRebind: Intent { act=com.google.android.gms.libs.gmscorelogger.service.START dat=chimera-action:/... xflg=0x4 cmp=com.google.android.gms/.chimera.PersistentDirectBootAwareApiService }
V/ai-chat ( 4224): id: 5916,	cached: `split`,	new: `split`
I/WifiHAL ( 1017): Creating message to get link statistics; iface = 47
I/WifiHAL ( 1017): Getting cached scan results, iface handle = 0xb4000072f282ed50
E/WifiHAL ( 1017): Creating message to get cached scan results
I/WifiHAL ( 1017): In GetCachedScanResultsCommand::handleResponse
D/WifiHAL ( 1017): Start debug command: mType GET_FEATURE
I/WifiHAL ( 1017): CreateRequest mType = GET_FEATURE
D/WifiHAL ( 1017): In DebugCommand::handleResponse, mType:GET_FEATURE
D/WifiHAL ( 1017): len = 4, expected len = 4
I/HalDevMgr( 1509): bestIfaceCreationProposal is null, requestIface=STA, existingIface=[name=wlan0 type=STA]
I/hwc-display(  554): Display Temperature : 33°C
D/BoundBrokerSvc( 2764): onUnbind: Intent { act=com.google.android.gms.findmydevice.spot.service.locationreport.START dat=chimera-action:/... xflg=0x4 cmp=com.google.android.gms/.chimera.PersistentApiService }
D/TemperatureStateSource( 2309): sequence=7188 actualDelay=10000
D/TemperatureStateSource( 2309): Reading temperature: sequence=7189
I/pixel-thermal( 1798): VIRTUAL-SKIN:34.9225 raw data: VIRTUAL-SKIN:34922.5 VIRTUAL-SKIN-SUB-1:34922.5 VIRTUAL-SKIN-SUB-2:31443.8 VIRTUAL-SKIN-SUB-3:33355.6 charger_therm:36580 gnss_tcxo_therm:35467 modem_therm:36335 quiet_therm:34577 rffe_therm:33865 soc_therm:35067 usb_conn_therm:33709 
D/TemperatureStateSource( 2309): getDeviceTemperatures: sequence=7189 deviceTemperatureType=3 temperatureSource=0 temperatures=[34.9225]
D/TemperatureStateSource( 2309): sequence=7189 waitTime=10000
D/ImpulseStateSource( 2309): Notify clients: 7427
D/BoundBrokerSvc( 2764): onRebind: Intent { act=com.google.android.gms.findmydevice.spot.service.locationreport.START dat=chimera-action:/... xflg=0x4 cmp=com.google.android.gms/.chimera.PersistentApiService }
I/NearbyDiscovery( 2764): (REDACTED) DiscoveryService onStartCommand action: %s
I/NearbyDiscovery( 2764): FastPairApiHandler: trigger firmware update check [CONTEXT service_id=265 ]
I/NearbyDiscovery( 2764): (REDACTED) FastPairApiHandler: Send result, package=(%s), requestType=(%s), status=(%s)
V/ai-chat ( 4224): id: 79,	cached: `_`,	new: `_`
I/bthal.activity(  964): bt_power: LeAdvStat: 19:40:04:151 - 19:40:05:153, duration: 1001, le_adv_count: 2, total_le_adv_count: 9319, total_event_count: 2
I/WifiHAL ( 1017): Creating message to get link statistics; iface = 47
I/WifiHAL ( 1017): Getting cached scan results, iface handle = 0xb4000072f282ed50
E/WifiHAL ( 1017): Creating message to get cached scan results
I/WifiHAL ( 1017): In GetCachedScanResultsCommand::handleResponse
D/WifiHAL ( 1017): Start debug command: mType GET_FEATURE
I/WifiHAL ( 1017): CreateRequest mType = GET_FEATURE
D/WifiHAL ( 1017): In DebugCommand::handleResponse, mType:GET_FEATURE
D/WifiHAL ( 1017): len = 4, expected len = 4
I/HalDevMgr( 1509): bestIfaceCreationProposal is null, requestIface=STA, existingIface=[name=wlan0 type=STA]
I/NearbyMediums( 2764): No BLE Fast/GATT advertisements found in the latest cycle.
I/NearbyMediums( 2764): Current Tracked Scanning Clients are : {NearbyConnections.EnvironmentMonitor, NearbySharing, NearbyConnections.TxAdvertisement}
I/pixel-thermal( 1798): usb_conn_therm:33.753 raw data: usb_conn_therm:33753 
I/pixel-thermal( 1798): charger_therm:36.469 raw data: charger_therm:36469 
I/pixel-thermal( 1798): VIRTUAL-SKIN-HINT:34.9225 raw data: VIRTUAL-SKIN:34922.5 VIRTUAL-SKIN-HINT:34922.5 VIRTUAL-SKIN-SUB-1:34922.5 VIRTUAL-SKIN-SUB-2:31216.1 VIRTUAL-SKIN-SUB-3:33369.8 charger_therm:36469 gnss_tcxo_therm:35467 modem_therm:35957 quiet_therm:34577 rffe_therm:33909 soc_therm:35067 usb_conn_therm:33753 
I/pixel-thermal( 1798): VIRTUAL-SKIN-CHARGE:35.5106 raw data: VIRTUAL-SKIN-CHARGE:35510.6 VIRTUAL-SKIN-CHARGE-SUB-1:34770.5 VIRTUAL-SKIN-CHARGE-SUB-2:35510.6 charger_therm:36469 modem_therm:35957 quiet_therm:34577 rffe_therm:33909 soc_therm:35067 
I/pixel-thermal( 1798): VIRTUAL-SKIN-CHARGE power_budget=4733.28 err=2.48937 s_power=2200 time_elapsed_ms=13439 p=995.749 i=1600 d=-0 dt_per_min=nan compensation=0 budget transient=0 control target=2 excluded power budget=62.4717 (PARTIAL_SYSTEM_POWER: 1249.43 mW, cdev_weight: 0.050000)
I/pixel-thermal( 1798): VIRTUAL-SKIN-CPU-MID:34.9225 raw data: VIRTUAL-SKIN:34922.5 VIRTUAL-SKIN-CPU-MID:34922.5 
I/pixel-thermal( 1798): VIRTUAL-SKIN-CPU-HIGH:34.9225 raw data: VIRTUAL-SKIN:34922.5 VIRTUAL-SKIN-CPU-HIGH:34922.5 
I/pixel-thermal( 1798): VIRTUAL-SKIN-SOC:34.9225 raw data: VIRTUAL-SKIN:34922.5 VIRTUAL-SKIN-SOC:34922.5 
I/pixel-thermal( 1798): cellular-emergency:34.9225 raw data: VIRTUAL-SKIN:34922.5 cellular-emergency:34922.5 
I/pixel-thermal( 1798): VIRTUAL-SKIN-SPEAKER:34.8295 raw data: VIRTUAL-SKIN-SPEAKER:34829.5 VIRTUAL-SKIN-SPEAKER-SUB-1:32076.2 VIRTUAL-SKIN-SPEAKER-SUB-2:34829.5 battery:34500 gnss_tcxo_therm:35467 quiet_therm:34577 soc_therm:35067 usb_conn_therm:33753 
I/pixel-thermal( 1798): VIRTUAL-SKIN-CPU-LIGHT-ODPM:34.9225 raw data: VIRTUAL-SKIN:34922.5 VIRTUAL-SKIN-CPU-LIGHT-ODPM:34922.5 
I/pixel-thermal( 1798): VIRTUAL-USB-UI:0 raw data: USB-MINUS-CHARGER:-2716 VIRTUAL-USB-UI:0 charger_therm:36469 usb_conn_therm:33753 
I/pixel-thermal( 1798): VIRTUAL-SKIN-CHARGE-WLC:35.3475 raw data: VIRTUAL-SKIN-CHARGE-WLC:35347.5 charger_therm:36469 modem_therm:35957 rffe_therm:33909 soc_therm:35067 
I/pixel-thermal( 1798): VIRTUAL-SKIN-CHARGE-WLC power_budget=2205.56 err=2.6525 s_power=1400 time_elapsed_ms=13439 p=530.501 i=400 d=-0 dt_per_min=nan compensation=0 budget transient=0 control target=2 excluded power budget=124.943 (PARTIAL_SYSTEM_POWER: 1249.43 mW, cdev_weight: 0.100000)
I/pixel-thermal( 1798): VIRTUAL-SKIN-GPU:34.9225 raw data: VIRTUAL-SKIN:34922.5 VIRTUAL-SKIN-GPU:34922.5 
I/pixel-thermal( 1798): Successfully update cdev dc_icl sysfs to 11
I/pixel-thermal( 1798): Power rails total power: 1317.95 mW for 61744 ms
I/pixel-thermal( 1798): Power rails [VSYS_PWR_MODEM: 90.41 mW] [S8M_LLDO2: 32.71 mW] [S7M_VDD_TPU: 0.00 mW] [S6M_LLDO1: 79.07 mW] [S2M_VDD_CPUCL2: 9.91 mW] [S1M_VDD_MIF: 53.32 mW] 
I/pixel-thermal( 1798): Power rails [S5M_VDD_INT: 25.64 mW] [VSYS_PWR_DISPLAY: 115.69 mW] [L22M_DISP: 34.63 mW] [L21S_VDD2L_MEM: 3.36 mW] [S9M_VDD_CPUCL0_M: 19.07 mW] [VSYS_PWR_RFFE: 12.53 mW] 
I/pixel-thermal( 1798): Power rails [VSYS_PWR_WLAN_BT: 201.30 mW] [S4M_VDD_CPUCL0: 403.41 mW] [S11S_VDD_INT_M: 27.14 mW] [S3M_VDD_CPUCL1: 76.68 mW] [L2S_PLL_MIPI_UFS: 36.76 mW] [S1S_VDD_CAM: 21.28 mW] 
I/pixel-thermal( 1798): Power rails [S2S_VDD_G3D: 9.06 mW] [S12S_VDD_AUR: 6.40 mW] [S8S_VDD_G3D_L2: 2.70 mW] [S5S_VDDQ_MEM: 3.00 mW] [S4S_VDD2H_MEM: 42.75 mW] [S9S_VDD_AOC: 11.13 mW] 
I/pixel-thermal( 1798): CDEV log dc_icl state:11 gxp-cooling state:0 tpu_cooling state:0 usbc-port state:0 thermal-cpufreq-1 state:0 fcc state:0 thermal-gpufreq-0 state:0 thermal-cpufreq-2 state:0 thermal-cpufreq-0 state:0 
I/pixel-thermal( 1798): VIRTUAL-SKIN:34.9225 raw data: VIRTUAL-SKIN:34922.5 
I/RFSD    ( 1177): [RfsService::Nv] ProcessMessage : RFS_IO_REQUEST
D/RFSD    ( 1177): [RfsService::File] Seek temp file
D/RFSD    ( 1177): [RfsService::File] Write temp file
D/RFSD    ( 1177): [RfsService::File] Write temp file
D/RFSD    ( 1177): [RfsService::File] Write temp file
D/RFSD    ( 1177): [RfsService::File] Write temp file
D/RFSD    ( 1177): [RfsService::File] Write temp file
D/RFSD    ( 1177): [RfsService::File] Write temp file
D/RFSD    ( 1177): [RfsService::File] Write temp file
D/RFSD    ( 1177): [RfsService::File] Write temp file
D/RFSD    ( 1177): [RfsService::File] Write temp file
D/RFSD    ( 1177): [RfsService::File] Write temp file
D/RFSD    ( 1177): [RfsService::File] Write temp file
D/RFSD    ( 1177): [RfsService::File] Write temp file
D/RFSD    ( 1177): [RfsService::File] Write temp file
D/RFSD    ( 1177): [RfsService::File] Write temp file
D/RFSD    ( 1177): [RfsService::File] Write temp file
D/RFSD    ( 1177): [RfsService::File] Write temp file
D/RFSD    ( 1177): [RfsService::File] Write temp file
D/RFSD    ( 1177): [RfsService::File] Write temp file
D/RFSD    ( 1177): [RfsService::File] Write temp file
D/RFSD    ( 1177): [RfsService::File] Write temp file
D/RFSD    ( 1177): [RfsService::File] Write temp file
D/RFSD    ( 1177): [RfsService::File] Write temp file
D/RFSD    ( 1177): [RfsService::File] Write temp file
D/RFSD    ( 1177): [RfsService::File] Write temp file
D/RFSD    ( 1177): [RfsService::File] Write temp file
D/RFSD    ( 1177): [RfsService::File] Write temp file
D/RFSD    ( 1177): [RfsService::File] Write temp file
D/RFSD    ( 1177): [RfsService::File] Write temp file
D/RFSD    ( 1177): [RfsService::File] Write temp file
D/RFSD    ( 1177): [RfsService::File] Write temp file
D/RFSD    ( 1177): [RfsService::File] Write temp file
D/RFSD    ( 1177): [RfsService::File] Write temp file
D/RFSD    ( 1177): [RfsService::File] Write temp file
D/RFSD    ( 1177): [RfsService::File] Write temp file
D/RFSD    ( 1177): [RfsService::File] Write temp file
D/RFSD    ( 1177): [RfsService::File] Write temp file
D/RFSD    ( 1177): [RfsService::File] Write temp file
D/RFSD    ( 1177): [RfsService::File] Write temp file
D/RFSD    ( 1177): [RfsService::File] Write temp file
D/RFSD    ( 1177): [RfsService::File] Write temp file
D/RFSD    ( 1177): [RfsService::File] Write temp file
D/RFSD    ( 1177): [RfsService::File] Write temp file
D/RFSD    ( 1177): [RfsService::File] Write temp file
D/RFSD    ( 1177): [RfsService::File] Write temp file
D/RFSD    ( 1177): [RfsService::File] Write temp file
D/RFSD    ( 1177): [RfsService::File] Write temp file
D/RFSD    ( 1177): [RfsService::File] Write temp file
D/RFSD    ( 1177): [RfsService::File] Write temp file
D/RFSD    ( 1177): [RfsService::File] Write temp file
D/RFSD    ( 1177): [RfsService::File] Write temp file
D/RFSD    ( 1177): [RfsService::File] Write temp file
D/RFSD    ( 1177): [RfsService::File] Write temp file
D/RFSD    ( 1177): [RfsService::File] Write temp file
D/RFSD    ( 1177): [RfsService::File] Write temp file
D/RFSD    ( 1177): [RfsService::File] Write temp file
D/RFSD    ( 1177): [RfsService::File] Write temp file
D/RFSD    ( 1177): [RfsService::File] Write temp file
D/RFSD    ( 1177): [RfsService::File] Write temp file
D/RFSD    ( 1177): [RfsService::File] Write temp file
D/RFSD    ( 1177): [RfsService::File] Write temp file
D/RFSD    ( 1177): [RfsService::File] Write temp file
D/RFSD    ( 1177): [RfsService::File] Write temp file
D/RFSD    ( 1177): [RfsService::File] Write temp file
D/RFSD    ( 1177): [RfsService::File] Write temp file
D/RFSD    ( 1177): [RfsService::File] Write temp file
D/RFSD    ( 1177): [RfsService::File] Write temp file
D/RFSD    ( 1177): [RfsService::File] Write temp file
D/RFSD    ( 1177): [RfsService::File] Write temp file
D/RFSD    ( 1177): [RfsService::File] Write temp file
D/RFSD    ( 1177): [RfsService::File] Write temp file
D/RFSD    ( 1177): [RfsService::File] Write temp file
D/RFSD    ( 1177): [RfsService::File] Write temp file
D/RFSD    ( 1177): [RfsService::File] Write temp file
D/RFSD    ( 1177): [RfsService::File] Write temp file
D/RFSD    ( 1177): [RfsService::File] Write temp file
D/RFSD    ( 1177): [RfsService::File] Write temp file
D/RFSD    ( 1177): [RfsService::File] Write temp file
D/RFSD    ( 1177): [RfsService::File] Write temp file
D/RFSD    ( 1177): [RfsService::File] Write temp file
D/RFSD    ( 1177): [RfsService::File] Write temp file
D/RFSD    ( 1177): [RfsService::File] Write temp file
D/RFSD    ( 1177): [RfsService::File] Write temp file
D/RFSD    ( 1177): [RfsService::File] Write temp file
D/RFSD    ( 1177): [RfsService::File] Write temp file
D/RFSD    ( 1177): [RfsService::File] Write temp file
D/RFSD    ( 1177): [RfsService::File] Write temp file
D/RFSD    ( 1177): [RfsService::File] Write temp file
D/RFSD    ( 1177): [RfsService::File] Write temp file
D/RFSD    ( 1177): [RfsService::File] Write temp file
D/RFSD    ( 1177): [RfsService::File] Write temp file
D/RFSD    ( 1177): [RfsService::File] Write temp file
D/RFSD    ( 1177): [RfsService::File] Write temp file
D/RFSD    ( 1177): [RfsService::File] Write temp file
D/RFSD    ( 1177): [RfsService::File] Write temp file
D/RFSD    ( 1177): [RfsService::File] Write temp file
D/RFSD    ( 1177): [RfsService::File] Write temp file
D/RFSD    ( 1177): [RfsService::File] Write temp file
D/RFSD    ( 1177): [RfsService::File] Write temp file
D/RFSD    ( 1177): [RfsService::File] Write temp file
D/RFSD    ( 1177): [RfsService::File] Write temp file
D/RFSD    ( 1177): [RfsService::File] Write temp file
D/RFSD    ( 1177): [RfsService::File] Write temp file
D/RFSD    ( 1177): [RfsService::File] Write temp file
D/RFSD    ( 1177): [RfsService::File] Write temp file
D/RFSD    ( 1177): [RfsService::File] Write temp file
D/RFSD    ( 1177): [RfsService::File] Write temp file
D/RFSD    ( 1177): [RfsService::File] Write temp file
D/RFSD    ( 1177): [RfsService::File] Write temp file
D/RFSD    ( 1177): [RfsService::File] Write temp file
D/RFSD    ( 1177): [RfsService::File] Write temp file
D/RFSD    ( 1177): [RfsService::File] Write temp file
D/RFSD    ( 1177): [RfsService::File] Write temp file
D/RFSD    ( 1177): [RfsService::File] Write temp file
D/RFSD    ( 1177): [RfsService::File] Write temp file
D/RFSD    ( 1177): [RfsService::File] Write temp file
D/RFSD    ( 1177): [RfsService::File] Write temp file
D/RFSD    ( 1177): [RfsService::File] Write temp file
D/RFSD    ( 1177): [RfsService::File] Write temp file
D/RFSD    ( 1177): [RfsService::File] Write temp file
D/RFSD    ( 1177): [RfsService::File] Write temp file
D/RFSD    ( 1177): [RfsService::File] Write temp file
D/RFSD    ( 1177): [RfsService::File] Write temp file
D/RFSD    ( 1177): [RfsService::File] Write temp file
D/RFSD    ( 1177): [RfsService::File] Write temp file
D/RFSD    ( 1177): [RfsService::File] Write temp file
D/RFSD    ( 1177): [RfsService::File] Write temp file
D/RFSD    ( 1177): [RfsService::File] Write temp file
D/RFSD    ( 1177): [RfsService::File] Write temp file
D/RFSD    ( 1177): [RfsService::File] Write temp file
D/RFSD    ( 1177): [RfsService::File] Write temp file
D/RFSD    ( 1177): [RfsService::File] Write temp file
D/RFSD    ( 1177): [RfsService::File] Write temp file
D/RFSD    ( 1177): [RfsService::File] Write temp file
D/RFSD    ( 1177): [RfsService::File] Write temp file
D/RFSD    ( 1177): [RfsService::File] Write temp file
D/RFSD    ( 1177): [RfsService::File] Write temp file
D/RFSD    ( 1177): [RfsService::File] Write temp file
D/RFSD    ( 1177): [RfsService::File] Write temp file
D/RFSD    ( 1177): [RfsService::File] Write temp file
D/RFSD    ( 1177): [RfsService::File] Write temp file
D/RFSD    ( 1177): [RfsService::File] Write temp file
D/RFSD    ( 1177): [RfsService::File] Write temp file
D/RFSD    ( 1177): [RfsService::File] Write temp file
D/RFSD    ( 1177): [RfsService::File] Write temp file
D/RFSD    ( 1177): [RfsService::File] Write temp file
D/RFSD    ( 1177): [RfsService::File] Write temp file
D/RFSD    ( 1177): [RfsService::File] Write temp file
D/RFSD    ( 1177): [RfsService::File] Write temp file
D/RFSD    ( 1177): [RfsService::File] Write temp file
D/RFSD    ( 1177): [RfsService::File] Write temp file
D/RFSD    ( 1177): [RfsService::File] Write temp file
D/RFSD    ( 1177): [RfsService::File] Write temp file
D/RFSD    ( 1177): [RfsService::File] Write temp file
D/RFSD    ( 1177): [RfsService::File] Write temp file
D/RFSD    ( 1177): [RfsService::File] Write temp file
D/RFSD    ( 1177): [RfsService::File] Write temp file
D/RFSD    ( 1177): [RfsService::File] Write temp file
D/RFSD    ( 1177): [RfsService::File] Write temp file
D/RFSD    ( 1177): [RfsService::File] Write temp file
D/RFSD    ( 1177): [RfsService::File] Write temp file
D/RFSD    ( 1177): [RfsService::File] Write temp file
D/RFSD    ( 1177): [RfsService::File] Write temp file
D/RFSD    ( 1177): [RfsService::File] Write temp file
D/RFSD    ( 1177): [RfsService::File] Write temp file
D/RFSD    ( 1177): [RfsService::File] Write temp file
D/RFSD    ( 1177): [RfsService::File] Write temp file
D/RFSD    ( 1177): [RfsService::File] Write temp file
D/RFSD    ( 1177): [RfsService::File] Write temp file
D/RFSD    ( 1177): [RfsService::File] Write temp file
D/RFSD    ( 1177): [RfsService::File] Write temp file
D/RFSD    ( 1177): [RfsService::File] Write temp file
D/RFSD    ( 1177): [RfsService::File] Write temp file
D/RFSD    ( 1177): [RfsService::File] Write temp file
D/RFSD    ( 1177): [RfsService::File] Write temp file
D/RFSD    ( 1177): [RfsService::File] Write temp file
D/RFSD    ( 1177): [RfsService::File] Write temp file
D/RFSD    ( 1177): [RfsService::File] Write temp file
D/RFSD    ( 1177): [RfsService::File] Write temp file
D/RFSD    ( 1177): [RfsService::File] Write temp file
D/RFSD    ( 1177): [RfsService::File] Write temp file
D/RFSD    ( 1177): [RfsService::File] Write temp file
D/RFSD    ( 1177): [RfsService::File] Write temp file
D/RFSD    ( 1177): [RfsService::File] Write temp file
D/RFSD    ( 1177): [RfsService::File] Write temp file
D/RFSD    ( 1177): [RfsService::File] Write temp file
D/RFSD    ( 1177): [RfsService::File] Write temp file
D/RFSD    ( 1177): [RfsService::File] Write temp file
D/RFSD    ( 1177): [RfsService::File] Write temp file
D/RFSD    ( 1177): [RfsService::File] Write temp file
D/RFSD    ( 1177): [RfsService::File] Write temp file
D/RFSD    ( 1177): [RfsService::File] Write temp file
D/RFSD    ( 1177): [RfsService::File] Write temp file
D/RFSD    ( 1177): [RfsService::File] Write temp file
D/RFSD    ( 1177): [RfsService::File] Write temp file
D/RFSD    ( 1177): [RfsService::File] Write temp file
D/RFSD    ( 1177): [RfsService::File] Write temp file
D/RFSD    ( 1177): [RfsService::File] Write temp file
D/RFSD    ( 1177): [RfsService::File] Write temp file
D/RFSD    ( 1177): [RfsService::File] Write temp file
D/RFSD    ( 1177): [RfsService::File] Write temp file
D/RFSD    ( 1177): [RfsService::File] Write temp file
D/RFSD    ( 1177): [RfsService::File] Write temp file
D/RFSD    ( 1177): [RfsService::File] Write temp file
D/RFSD    ( 1177): [RfsService::File] Write temp file
D/RFSD    ( 1177): [RfsService::File] Write temp file
D/RFSD    ( 1177): [RfsService::File] Write temp file
D/RFSD    ( 1177): [RfsService::File] Write temp file
D/RFSD    ( 1177): [RfsService::File] Write temp file
D/RFSD    ( 1177): [RfsService::File] Write temp file
D/RFSD    ( 1177): [RfsService::File] Write temp file
D/RFSD    ( 1177): [RfsService::File] Write temp file
D/RFSD    ( 1177): [RfsService::File] Write temp file
D/RFSD    ( 1177): [RfsService::File] Write temp file
D/RFSD    ( 1177): [RfsService::File] Write temp file
D/RFSD    ( 1177): [RfsService::File] Write temp file
D/RFSD    ( 1177): [RfsService::File] Write temp file
D/RFSD    ( 1177): [RfsService::File] Write temp file
D/RFSD    ( 1177): [RfsService::File] Write temp file
D/RFSD    ( 1177): [RfsService::File] Write temp file
D/RFSD    ( 1177): [RfsService::File] Write temp file
D/RFSD    ( 1177): [RfsService::File] Write temp file
D/RFSD    ( 1177): [RfsService::File] Write temp file
D/RFSD    ( 1177): [RfsService::File] Write temp file
D/RFSD    ( 1177): [RfsService::File] Write temp file
D/RFSD    ( 1177): [RfsService::File] Write temp file
D/RFSD    ( 1177): [RfsService::File] Write temp file
D/RFSD    ( 1177): [RfsService::File] Write temp file
D/RFSD    ( 1177): [RfsService::File] Write temp file
D/RFSD    ( 1177): [RfsService::File] Write temp file
D/RFSD    ( 1177): [RfsService::File] Write temp file
D/RFSD    ( 1177): [RfsService::File] Write temp file
D/RFSD    ( 1177): [RfsService::File] Write temp file
D/RFSD    ( 1177): [RfsService::File] Write temp file
D/RFSD    ( 1177): [RfsService::File] Write temp file
D/RFSD    ( 1177): [RfsService::File] Write temp file
D/RFSD    ( 1177): [RfsService::File] Write temp file
D/RFSD    ( 1177): [RfsService::File] Write temp file
D/RFSD    ( 1177): [RfsService::File] Write temp file
D/RFSD    ( 1177): [RfsService::File] Sync temp file
I/RFSD    ( 1177): CNvFile::OnWriteDone
D/RFSD    ( 1177): CNvFile::OnWriteDone : Write from temp file to nv file
W/RFSD    ( 1177): [CsumCheckForFileAndForceCrash] /mnt/vendor/efs/nv_normal.bin checksum : verified
I/RFSD    ( 1177): [RfsService::Nv] CsumUpdate
I/RFSD    ( 1177): [RfsService::Nv] CsumCalc
I/RFSD    ( 1177): [RfsService::Nv] ProcessMessage : RFS_OP_STATUS
I/RFSD    ( 1177): [RfsService::Nv] ProcessMessage : RFS_STATUS_SUCCESS
I/shamp   ( 1030): Got userspace log indication
D/shamp   ( 1030): Modem: [CP2AP][RFSD] [NVTest] pal_RegStoreFlush fileName: ../../../HIU/HIC/SIT/Code/Src/sitCommon.c, lineNum: 2384, nvId: 380, nvName: NASU.IND.FILTER, EfsSyncCount: 122, actualCP2APCount:0
V/ai-chat ( 4224): id: 397,	cached: `and`,	new: `and`
W/amataskerbridge( 4224): Suspending all threads took: 2.914s
E/hwc-display(  554): [PrimaryDisplay,pid=992,blob#396,chan#0] HistogramDevice::checkQueryResult: BAD_HIST_DATA, no event is handled
D/usf_sensor_hal(  992): [p0]Histogram API error:BAD_HIST_DATA
W/hwc-display(  554): [PrimaryDisplay,pid=554,blob#396] HistogramDevice::_handleDrmEvent: ignore the event(0x795ca324b8), collectStatus is NOT_STARTED
I/WifiHAL ( 1017): Creating message to get link statistics; iface = 47
I/WifiHAL ( 1017): Getting cached scan results, iface handle = 0xb4000072f282ed50
E/WifiHAL ( 1017): Creating message to get cached scan results
I/WifiHAL ( 1017): In GetCachedScanResultsCommand::handleResponse
D/WifiHAL ( 1017): Start debug command: mType GET_FEATURE
I/WifiHAL ( 1017): CreateRequest mType = GET_FEATURE
D/WifiHAL ( 1017): In DebugCommand::handleResponse, mType:GET_FEATURE
D/WifiHAL ( 1017): len = 4, expected len = 4
I/HalDevMgr( 1509): bestIfaceCreationProposal is null, requestIface=STA, existingIface=[name=wlan0 type=STA]
V/ai-chat ( 4224): id: 79,	cached: `_`,	new: `_`
I/system_server( 1509): Background young concurrent mark compact GC freed 17MB AllocSpace bytes, 8(728KB) LOS objects, 81% free, 95MB/512MB, paused 2.393ms,5.687ms total 126.647ms
I/pixel-thermal( 1798): soc_therm:35.067 raw data: soc_therm:35067 
I/WifiHAL ( 1017): Creating message to get link statistics; iface = 47
I/WifiHAL ( 1017): Getting cached scan results, iface handle = 0xb4000072f282ed50
E/WifiHAL ( 1017): Creating message to get cached scan results
I/WifiHAL ( 1017): In GetCachedScanResultsCommand::handleResponse
D/WifiHAL ( 1017): Start debug command: mType GET_FEATURE
I/WifiHAL ( 1017): CreateRequest mType = GET_FEATURE
D/WifiHAL ( 1017): In DebugCommand::handleResponse, mType:GET_FEATURE
D/WifiHAL ( 1017): len = 4, expected len = 4
I/HalDevMgr( 1509): bestIfaceCreationProposal is null, requestIface=STA, existingIface=[name=wlan0 type=STA]
I/NearbyDiscovery( 2764): (REDACTED) DiscoveryService onStartCommand action: %s
I/NearbyDiscovery( 2764): FastPairApiHandler: trigger firmware update check [CONTEXT service_id=265 ]
I/NearbyDiscovery( 2764): (REDACTED) FastPairApiHandler: Send result, package=(%s), requestType=(%s), status=(%s)
I/pixel-thermal( 1798): charger_therm:36.447 raw data: charger_therm:36447 
I/pixel-thermal( 1798): VIRTUAL-SKIN-CHARGE:35.5145 raw data: VIRTUAL-SKIN-CHARGE:35514.5 VIRTUAL-SKIN-CHARGE-SUB-1:34749.8 VIRTUAL-SKIN-CHARGE-SUB-2:35514.5 charger_therm:36447 modem_therm:35912 quiet_therm:34599 rffe_therm:33887 soc_therm:35067 
I/pixel-thermal( 1798): VIRTUAL-SKIN-CHARGE power_budget=4729.08 err=2.48548 s_power=2200 time_elapsed_ms=7008 p=994.193 i=1600 d=-0 dt_per_min=nan compensation=0 budget transient=0 control target=2 excluded power budget=65.1093 (PARTIAL_SYSTEM_POWER: 1302.19 mW, cdev_weight: 0.050000)
I/pixel-thermal( 1798): VIRTUAL-SKIN-SPEAKER:34.8525 raw data: VIRTUAL-SKIN-SPEAKER:34852.5 VIRTUAL-SKIN-SPEAKER-SUB-1:32089.8 VIRTUAL-SKIN-SPEAKER-SUB-2:34852.5 battery:34500 gnss_tcxo_therm:35490 quiet_therm:34599 soc_therm:35067 usb_conn_therm:33776 
I/pixel-thermal( 1798): VIRTUAL-SKIN-CHARGE-WLC:35.3263 raw data: VIRTUAL-SKIN-CHARGE-WLC:35326.3 charger_therm:36447 modem_therm:35912 rffe_therm:33887 soc_therm:35067 
I/pixel-thermal( 1798): VIRTUAL-SKIN-CHARGE-WLC power_budget=2204.51 err=2.67366 s_power=1400 time_elapsed_ms=7008 p=534.732 i=400 d=0 dt_per_min=nan compensation=0 budget transient=0 control target=2 excluded power budget=130.219 (PARTIAL_SYSTEM_POWER: 1302.19 mW, cdev_weight: 0.100000)
V/ai-chat ( 4224): id: 4849,	cached: `join`,	new: `join`
V/ai-chat ( 4224): id: 24,	cached: `(`,	new: `(`
V/ai-chat ( 4224): id: 771,	cached: `self`,	new: `self`
V/ai-chat ( 4224): id: 727,	cached: `):`,	new: `):`
W/ai-chat ( 4224): Java_com_arm_aichat_internal_InferenceEngineImpl_generateNextToken: STOP: hitting stop position: 46
I/InferenceEngineImpl( 4224): Assistant generation complete. Awaiting user prompt...
I/ActivityManager( 1509): Broadcast completed: result=0, extras: Bundle[mParcelledData.dataSize=332]
W/libbinder.Binder( 1509): Binder transaction to android.app.IActivityManager, function: UNKNOWN_FUNCTION_NAME, code: 1598246212, took 43096ms. Data bytes: 824 Reply bytes: 4 Flags: 16
I/bthal.activity(  964): bt_power: LeAdvStat: 19:40:12:172 - 19:40:13:175, duration: 1002, le_adv_count: 2, total_le_adv_count: 9321, total_event_count: 2
I/adbd    ( 1256): adbd service requested 'shell,v2,TERM=dumb,raw:am broadcast -n com.example.ollamataskerbridge/.bridge.OllamaBridgeReceiver -a com.example.ollamataskerbridge.action.GENERATE --es backend local --es model smollm2:135m --es prompt TESTTWO --es system_prompt plain --ei max_tokens 16 --ef temperature 0.2 --es request_id local-cpu-2'
I/ActivityManager( 1509): Broadcasting: Intent { act=com.example.ollamataskerbridge.action.GENERATE flg=0x400000 cmp=com.example.ollamataskerbridge/.bridge.OllamaBridgeReceiver (has extras) }
I/ActivityManager( 1509): Enqueued broadcast Intent { act=com.example.ollamataskerbridge.action.GENERATE flg=0x400000 cmp=com.example.ollamataskerbridge/.bridge.OllamaBridgeReceiver (has extras) }: 0
I/InferenceEngineImpl( 4224): Sending user prompt (maxTokens=16 temperature=0.2)...
I/ai-chat ( 4224): Sampler temperature=0.200000
D/ai-chat ( 4224): Java_com_arm_aichat_internal_InferenceEngineImpl_processUserPrompt: User prompt received: 
D/ai-chat ( 4224): TESTTWO
I/ai-chat ( 4224): chat_add_and_format: Formatted and added user message: 
I/ai-chat ( 4224): 
I/ai-chat ( 4224): <|im_start|>user
I/ai-chat ( 4224): TESTTWO<|im_end|>
I/ai-chat ( 4224): <|im_start|>assistant
I/ai-chat ( 4224): 
V/ai-chat ( 4224): token: `
V/ai-chat ( 4224): `	 -> `198`
V/ai-chat ( 4224): token: `<|im_start|>`	 -> `1`
V/ai-chat ( 4224): token: `user`	 -> `4093`
V/ai-chat ( 4224): token: `
V/ai-chat ( 4224): `	 -> `198`
V/ai-chat ( 4224): token: `TEST`	 -> `21700`
V/ai-chat ( 4224): token: `TW`	 -> `45906`
V/ai-chat ( 4224): token: `O`	 -> `63`
V/ai-chat ( 4224): token: `<|im_end|>`	 -> `2`
V/ai-chat ( 4224): token: `
V/ai-chat ( 4224): `	 -> `198`
V/ai-chat ( 4224): token: `<|im_start|>`	 -> `1`
V/ai-chat ( 4224): token: `ass`	 -> `520`
V/ai-chat ( 4224): token: `istant`	 -> `9531`
V/ai-chat ( 4224): token: `
V/ai-chat ( 4224): `	 -> `198`
D/ai-chat ( 4224): decode_tokens_in_batches: Decode 13 tokens starting at position 46
V/ai-chat ( 4224): decode_tokens_in_batches: Preparing a batch size of 13 starting at: 0
D/TemperatureStateSource( 2309): sequence=7189 actualDelay=10001
D/TemperatureStateSource( 2309): Reading temperature: sequence=7190
I/pixel-thermal( 1798): VIRTUAL-SKIN:34.8979 raw data: VIRTUAL-SKIN:34897.9 VIRTUAL-SKIN-SUB-1:34897.9 VIRTUAL-SKIN-SUB-2:31181.1 VIRTUAL-SKIN-SUB-3:33361.1 charger_therm:36447 gnss_tcxo_therm:35490 modem_therm:35912 quiet_therm:34599 rffe_therm:33887 soc_therm:35022 usb_conn_therm:33776 
D/TemperatureStateSource( 2309): getDeviceTemperatures: sequence=7190 deviceTemperatureType=3 temperatureSource=0 temperatures=[34.897854]
D/TemperatureStateSource( 2309): sequence=7190 waitTime=10000
D/ImpulseStateSource( 2309): Notify clients: 7428
I/InferenceEngineImpl( 4224): User prompt processed. Generating assistant prompt...
V/ai-chat ( 4224): id: 3725,	cached: `````,	new: `````
V/ai-chat ( 4224): id: 5367,	cached: `python`,	new: `python`
V/ai-chat ( 4224): id: 198,	cached: `
V/ai-chat ( 4224): `,	new: `
V/ai-chat ( 4224): `
V/ai-chat ( 4224): id: 1604,	cached: `def`,	new: `def`
V/ai-chat ( 4224): id: 7074,	cached: ` split`,	new: ` split`
V/ai-chat ( 4224): id: 79,	cached: `_`,	new: `_`
E/hwc-display(  554): [PrimaryDisplay,pid=992,blob#396,chan#0] HistogramDevice::checkQueryResult: BAD_HIST_DATA, no event is handled
D/usf_sensor_hal(  992): [p0]Histogram API error:BAD_HIST_DATA
W/hwc-display(  554): [PrimaryDisplay,pid=554,blob#396] HistogramDevice::_handleDrmEvent: ignore the event(0x795ca324b8), collectStatus is NOT_STARTED
V/ai-chat ( 4224): id: 397,	cached: `and`,	new: `and`
V/ai-chat ( 4224): id: 79,	cached: `_`,	new: `_`
V/ai-chat ( 4224): id: 4849,	cached: `join`,	new: `join`
V/ai-chat ( 4224): id: 24,	cached: `(`,	new: `(`
V/ai-chat ( 4224): id: 99,	cached: `s`,	new: `s`
V/ai-chat ( 4224): id: 28,	cached: `,`,	new: `,`
V/ai-chat ( 4224): id: 25853,	cached: ` sep`,	new: ` sep`
V/ai-chat ( 4224): id: 2069,	cached: `='`,	new: `='`
V/ai-chat ( 4224): id: 14141,	cached: ` ',`,	new: ` ',`
V/ai-chat ( 4224): id: 27828,	cached: ` delim`,	new: ` delim`
V/ai-chat ( 4224): id: 2069,	cached: `='`,	new: `='`
V/ai-chat ( 4224): id: 14141,	cached: ` ',`,	new: ` ',`
V/ai-chat ( 4224): id: 43863,	cached: ` separator`,	new: ` separator`
V/ai-chat ( 4224): id: 2069,	cached: `='`,	new: `='`
V/ai-chat ( 4224): id: 14141,	cached: ` ',`,	new: ` ',`
I/WifiHAL ( 1017): Creating message to get link statistics; iface = 47
I/WifiHAL ( 1017): Getting cached scan results, iface handle = 0xb4000072f282ed50
E/WifiHAL ( 1017): Creating message to get cached scan results
I/WifiHAL ( 1017): In GetCachedScanResultsCommand::handleResponse
D/WifiHAL ( 1017): Start debug command: mType GET_FEATURE
I/WifiHAL ( 1017): CreateRequest mType = GET_FEATURE
D/WifiHAL ( 1017): In DebugCommand::handleResponse, mType:GET_FEATURE
D/WifiHAL ( 1017): len = 4, expected len = 4
I/HalDevMgr( 1509): bestIfaceCreationProposal is null, requestIface=STA, existingIface=[name=wlan0 type=STA]
V/ai-chat ( 4224): id: 38729,	cached: ` delimiter`,	new: ` delimiter`
V/ai-chat ( 4224): id: 79,	cached: `_`,	new: `_`
V/ai-chat ( 4224): id: 6666,	cached: `length`,	new: `length`
V/ai-chat ( 4224): id: 45,	cached: `=`,	new: `=`
V/ai-chat ( 4224): id: 32,	cached: `0`,	new: `0`
V/ai-chat ( 4224): id: 727,	cached: `):`,	new: `):`
V/ai-chat ( 4224): id: 472,	cached: `
V/ai-chat ( 4224):    `,	new: `
V/ai-chat ( 4224):    `
V/ai-chat ( 4224): id: 1620,	cached: ` """`,	new: ` """`
W/ai-chat ( 4224): Java_com_arm_aichat_internal_InferenceEngineImpl_generateNextToken: STOP: hitting stop position: 88
I/InferenceEngineImpl( 4224): Assistant generation complete. Awaiting user prompt...
I/ActivityManager( 1509): Broadcast completed: result=0, extras: Bundle[mParcelledData.dataSize=304]
W/libbinder.Binder( 1509): Binder transaction to android.app.IActivityManager, function: UNKNOWN_FUNCTION_NAME, code: 1598246212, took 1737ms. Data bytes: 824 Reply bytes: 4 Flags: 16
I/pixelstats: MmMetrics( 3134): kernel: old PSI sysfs node.
I/NearbyMediums( 2764): No BLE Fast/GATT advertisements found in the latest cycle.
I/NearbyMediums( 2764): Current Tracked Scanning Clients are : {NearbyConnections.EnvironmentMonitor, NearbySharing, NearbyConnections.TxAdvertisement}
D/BoundBrokerSvc( 2764): onUnbind: Intent { act=com.google.android.gms.libs.gmscorelogger.service.START dat=chimera-action:/... xflg=0x4 cmp=com.google.android.gms/.chimera.PersistentDirectBootAwareApiService }
I/WifiHAL ( 1017): Creating message to get link statistics; iface = 47
I/WifiHAL ( 1017): Getting cached scan results, iface handle = 0xb4000072f282ed50
E/WifiHAL ( 1017): Creating message to get cached scan results
I/WifiHAL ( 1017): In GetCachedScanResultsCommand::handleResponse
D/WifiHAL ( 1017): Start debug command: mType GET_FEATURE
I/WifiHAL ( 1017): CreateRequest mType = GET_FEATURE
D/WifiHAL ( 1017): In DebugCommand::handleResponse, mType:GET_FEATURE
D/WifiHAL ( 1017): len = 4, expected len = 4
I/HalDevMgr( 1509): bestIfaceCreationProposal is null, requestIface=STA, existingIface=[name=wlan0 type=STA]
I/pixel-thermal( 1798): charger_therm:36.402 raw data: charger_therm:36402 
I/pixel-thermal( 1798): VIRTUAL-SKIN-CHARGE:35.5106 raw data: VIRTUAL-SKIN-CHARGE:35510.6 VIRTUAL-SKIN-CHARGE-SUB-1:34728.1 VIRTUAL-SKIN-CHARGE-SUB-2:35510.6 charger_therm:36402 modem_therm:35801 quiet_therm:34577 rffe_therm:33909 soc_therm:35067 
I/pixel-thermal( 1798): VIRTUAL-SKIN-CHARGE power_budget=4731.26 err=2.48937 s_power=2200 time_elapsed_ms=7012 p=995.749 i=1600 d=0 dt_per_min=nan compensation=0 budget transient=0 control target=2 excluded power budget=64.491 (PARTIAL_SYSTEM_POWER: 1289.82 mW, cdev_weight: 0.050000)
I/pixel-thermal( 1798): VIRTUAL-SKIN-SPEAKER:34.8075 raw data: VIRTUAL-SKIN-SPEAKER:34807.5 VIRTUAL-SKIN-SPEAKER-SUB-1:32103.8 VIRTUAL-SKIN-SPEAKER-SUB-2:34807.5 battery:34500 gnss_tcxo_therm:35556 quiet_therm:34577 soc_therm:35067 usb_conn_therm:33731 
I/pixel-thermal( 1798): VIRTUAL-SKIN-CHARGE-WLC:35.304 raw data: VIRTUAL-SKIN-CHARGE-WLC:35304 charger_therm:36402 modem_therm:35801 rffe_therm:33909 soc_therm:35067 
I/pixel-thermal( 1798): VIRTUAL-SKIN-CHARGE-WLC power_budget=2210.22 err=2.696 s_power=1400 time_elapsed_ms=7012 p=539.201 i=400 d=0 dt_per_min=nan compensation=0 budget transient=0 control target=2 excluded power budget=128.982 (PARTIAL_SYSTEM_POWER: 1289.82 mW, cdev_weight: 0.100000)
D/InetDiagMessage( 1509): Destroyed 0 sockets, proto=IPPROTO_TCP, family=AF_INET, states=14
D/InetDiagMessage( 1509): Destroyed 0 sockets, proto=IPPROTO_TCP, family=AF_INET6, states=14
D/InetDiagMessage( 1509): Destroyed live tcp sockets for uids={10480} in 8ms
D/InetDiagMessage( 1509): Destroyed 0 sockets, proto=IPPROTO_TCP, family=AF_INET, states=14
D/InetDiagMessage( 1509): Destroyed 0 sockets, proto=IPPROTO_TCP, family=AF_INET6, states=14
D/InetDiagMessage( 1509): Destroyed live tcp sockets for uids={20480} in 5ms
I/NearbyDiscovery( 2764): (REDACTED) DiscoveryService onStartCommand action: %s
I/NearbyDiscovery( 2764): FastPairApiHandler: trigger firmware update check [CONTEXT service_id=265 ]
I/NearbyDiscovery( 2764): (REDACTED) FastPairApiHandler: Send result, package=(%s), requestType=(%s), status=(%s)
I/WifiHAL ( 1017): Creating message to get link statistics; iface = 47
I/WifiHAL ( 1017): Getting cached scan results, iface handle = 0xb4000072f282ed50
E/WifiHAL ( 1017): Creating message to get cached scan results
I/WifiHAL ( 1017): In GetCachedScanResultsCommand::handleResponse
D/WifiHAL ( 1017): Start debug command: mType GET_FEATURE
I/WifiHAL ( 1017): CreateRequest mType = GET_FEATURE
D/WifiHAL ( 1017): In DebugCommand::handleResponse, mType:GET_FEATURE
D/WifiHAL ( 1017): len = 4, expected len = 4
I/HalDevMgr( 1509): bestIfaceCreationProposal is null, requestIface=STA, existingIface=[name=wlan0 type=STA]
I/bthal.activity(  964): bt_power: LeAdvStat: 19:40:20:187 - 19:40:21:194, duration: 1006, le_adv_count: 2, total_le_adv_count: 9323, total_event_count: 0
D/App     (17488): bindSocketToActiveNetwork: binding fd=156 to net=112 iface=wlan0
D/gojni   (17488): App: bindSocketToActiveNetwork: binding fd=156 to net=112 iface=wlan0
W/ip      ( 4606): type=1400 audit(0.0:24594): avc:  denied  { bind } for  scontext=u:r:untrusted_app_34:s0:c97,c257,c512,c768 tcontext=u:r:untrusted_app_34:s0:c97,c257,c512,c768 tclass=netlink_route_socket permissive=0 app=com.tailscale.ipn
W/ip      ( 4607): type=1400 audit(0.0:24595): avc:  denied  { bind } for  scontext=u:r:untrusted_app_34:s0:c97,c257,c512,c768 tcontext=u:r:untrusted_app_34:s0:c97,c257,c512,c768 tclass=netlink_route_socket permissive=0 app=com.tailscale.ipn
W/ip      ( 4609): type=1400 audit(0.0:24596): avc:  denied  { bind } for  scontext=u:r:untrusted_app_34:s0:c97,c257,c512,c768 tcontext=u:r:untrusted_app_34:s0:c97,c257,c512,c768 tclass=netlink_route_socket permissive=0 app=com.tailscale.ipn
D/ImpulseConnection( 2309): timeout happen: com.google.android.apps.turbo
D/ImpulseConnection( 2309): unbindService for releasing a CONNECTED connection com.google.android.apps.turbo
D/TemperatureStateSource( 2309): sequence=7190 actualDelay=10001
D/TemperatureStateSource( 2309): Reading temperature: sequence=7191
I/pixel-thermal( 1798): VIRTUAL-SKIN:34.9448 raw data: VIRTUAL-SKIN:34944.8 VIRTUAL-SKIN-SUB-1:34944.8 VIRTUAL-SKIN-SUB-2:31118.4 VIRTUAL-SKIN-SUB-3:33356.5 charger_therm:36402 gnss_tcxo_therm:35556 modem_therm:35801 quiet_therm:34577 rffe_therm:33909 soc_therm:35067 usb_conn_therm:33731 
D/TemperatureStateSource( 2309): getDeviceTemperatures: sequence=7191 deviceTemperatureType=3 temperatureSource=0 temperatures=[34.94475]
D/TemperatureStateSource( 2309): sequence=7191 waitTime=10000
D/ImpulseStateSource( 2309): Notify clients: 7429
I/WifiHAL ( 1017): Creating message to get link statistics; iface = 47
I/WifiHAL ( 1017): Getting cached scan results, iface handle = 0xb4000072f282ed50
E/WifiHAL ( 1017): Creating message to get cached scan results
I/WifiHAL ( 1017): In GetCachedScanResultsCommand::handleResponse
D/WifiHAL ( 1017): Start debug command: mType GET_FEATURE
I/WifiHAL ( 1017): CreateRequest mType = GET_FEATURE
D/WifiHAL ( 1017): In DebugCommand::handleResponse, mType:GET_FEATURE
D/WifiHAL ( 1017): len = 4, expected len = 4
I/HalDevMgr( 1509): bestIfaceCreationProposal is null, requestIface=STA, existingIface=[name=wlan0 type=STA]
D/AOC     ( 1205): A3:MSG: lsm6dsv_device.cc, 732: USF: Lsm6dsvDevice: Sensor 3: Enabled 0, odr_index 0, period_ns 0.
D/AOC     ( 1205): A3:MSG: lsm6dsv_fifo.cc, 755: USF: Lsm6dsvFifo: ODR: XL/G/T/TS: 120/60/15/15 WM: 10 Intr: 21.
D/AOC     ( 1205): A3:MSG: lsm6dsv_device.cc, 641: USF: Lsm6dsvDevice: Fifo was disabled for 814046ns.
D/AOC     ( 1205): A3:MSG: usf_sensor.cc, 1866: USF: Received start sampling request for LSM6DSV Accelerometer (active:5).
D/AOC     ( 1205): A3:MSG: usf_sensor.cc, 1866: USF: Received start sampling request for LSM6DSV Stationary Detect (active:1).
D/AOC     ( 1205): A3:MSG: lsm6dsv_device.cc, 732: USF: Lsm6dsvDevice: Sensor 4: Enabled 1, odr_index 1, period_ns 500000000.
D/AOC     ( 1205): A3:MSG: lsm6dsv_fifo.cc, 755: USF: Lsm6dsvFifo: ODR: XL/G/T/TS: 120/60/15/15 WM: 10 Intr: 21.
D/AOC     ( 1205): A3:MSG: lsm6dsv_device.cc, 641: USF: Lsm6dsvDevice: Fifo was disabled for 810832ns.
D/AOC     ( 1205): A3:MSG: motion_state_sensor.cc, 328: USF: MoSt: StationaryDetect sampling started with sampling ID 10732.
D/AOC     ( 1205): A3:MSG: usf_sensor.cc, 1866: USF: Received start sampling request for LSM6DSV Accelerometer (active:6).
D/AOC     ( 1205): A3:MSG: lsm6dsv_device.cc, 732: USF: Lsm6dsvDevice: Sensor 0: Enabled 1, odr_index 6, period_ns 10000000.
D/AOC     ( 1205): A3:MSG: lsm6dsv_fifo.cc, 755: USF: Lsm6dsvFifo: ODR: XL/G/T/TS: 120/60/15/15 WM: 10 Intr: 21.
D/AOC     ( 1205): A3:MSG: lsm6dsv_device.cc, 641: USF: Lsm6dsvDevice: Fifo was disabled for 406942ns.
D/AOC     ( 1205): CHRE: DRAM vote count begins
D/AOC     ( 1205): CHRE: DRAM vote count ends: 0 ms
D/AOC     ( 1205): A3:MSG: usf_sensor.cc, 1866: USF: Received start sampling request for LSM6DSV Accelerometer (active:6).
I/CHRE    (  967): @ 72724.942: [AR] IDLE => ON
D/AOC     ( 1205): A3:MSG: usf_sensor.cc, 1866: USF: Received start sampling request for LSM6DSV FreeFall Detect (active:1).
D/AOC     ( 1205): A3:MSG: lsm6dsv_device.cc, 732: USF: Lsm6dsvDevice: Sensor 5: Enabled 1, odr_index 2, period_ns 500000000.
D/AOC     ( 1205): A3:MSG: lsm6dsv_fifo.cc, 755: USF: Lsm6dsvFifo: ODR: XL/G/T/TS: 120/60/15/15 WM: 10 Intr: 21.
D/AOC     ( 1205): A3:MSG: lsm6dsv_device.cc, 641: USF: Lsm6dsvDevice: Fifo was disabled for 498738ns.
D/AOC     ( 1205): A3:MSG: usf_sensor.cc, 1866: USF: Received start sampling request for LSM6DSV Stationary Detect (active:2).
D/CHRE.HAL(  967): Received a nanoapp message from 0x476f6f676c001016 endpoint 0x3: Type 0x8003 size 1 
D/ActivityManager( 1509): freezing 4224 com.example.ollamataskerbridge
I/vendor.google.wifi_ext-service-vendor( 1017): Wifi: Setting SAR Scenario to 3
E/WifiHAL ( 1017): wifi_select_tx_power_scenario
D/GRIL-S  ( 2315): [1679]> UPDATE_DEVICE_STATE DeviceState: Usb:0, Wifi: 1, Wifi AP: 0, Earpiece: 0, Bluetooth: 1, Wireless charging: 0, Screen: 1, Camera: 0, 0, -, -, Motion: 1, Bluetooth tethering: 0, Voice: 0, Wifi 2.4G: 0, Radio: 1, Bluetooth connected: 0, Bluetooth media: 0, Wifi Band: 2, Wifi AP Band: 0, Wifi call: 0, mmWave: 0, mCellBackhaul: 0, mHallSensor: 0, mDozeStatus: 1, mAppClassInfo: 0, mWifiCapSensorStatus: 0, mCellCapSensorStatus: 0, mBesideHeadHandStatus: 0, mSpeakerStatus: 0, mProtectiveCaseStatus: 0, mWifiSettingStatus: 0, mGpsStatus: 0
D/InetDiagMessage( 1509): Destroyed 0 sockets, proto=IPPROTO_TCP, family=AF_INET, states=14
D/InetDiagMessage( 1509): Destroyed 0 sockets, proto=IPPROTO_TCP, family=AF_INET6, states=14
D/InetDiagMessage( 1509): Destroyed live tcp sockets for uids={10480} in 2ms
D/GRIL-S  ( 2315): [1679]< UPDATE_DEVICE_STATE 
I/NearbyMediums( 2764): No BLE Fast/GATT advertisements found in the latest cycle.
I/NearbyMediums( 2764): Current Tracked Scanning Clients are : {NearbyConnections.EnvironmentMonitor, NearbySharing, NearbyConnections.TxAdvertisement}
I/pixel-thermal( 1798): charger_therm:36.135 raw data: charger_therm:36135 
I/pixel-thermal( 1798): VIRTUAL-SKIN-CHARGE:35.5106 raw data: VIRTUAL-SKIN-CHARGE:35510.6 VIRTUAL-SKIN-CHARGE-SUB-1:34669.1 VIRTUAL-SKIN-CHARGE-SUB-2:35510.6 charger_therm:36135 modem_therm:35734 quiet_therm:34577 rffe_therm:33909 soc_therm:35044 
I/pixel-thermal( 1798): VIRTUAL-SKIN-CHARGE power_budget=4734.54 err=2.48937 s_power=2200 time_elapsed_ms=7023 p=995.749 i=1600 d=0 dt_per_min=nan compensation=0 budget transient=0 control target=2 excluded power budget=61.2057 (PARTIAL_SYSTEM_POWER: 1224.11 mW, cdev_weight: 0.050000)
I/pixel-thermal( 1798): VIRTUAL-SKIN-SPEAKER:34.8508 raw data: VIRTUAL-SKIN-SPEAKER:34850.8 VIRTUAL-SKIN-SPEAKER-SUB-1:32062.2 VIRTUAL-SKIN-SPEAKER-SUB-2:34850.8 battery:34400 gnss_tcxo_therm:35445 quiet_therm:34577 soc_therm:35044 usb_conn_therm:33776 
I/pixel-thermal( 1798): VIRTUAL-SKIN-CHARGE-WLC:35.2432 raw data: VIRTUAL-SKIN-CHARGE-WLC:35243.2 charger_therm:36135 modem_therm:35734 rffe_therm:33909 soc_therm:35044 
I/pixel-thermal( 1798): VIRTUAL-SKIN-CHARGE-WLC power_budget=2228.94 err=2.75678 s_power=1400 time_elapsed_ms=7023 p=551.356 i=400 d=0 dt_per_min=nan compensation=0 budget transient=0 control target=2 excluded power budget=122.411 (PARTIAL_SYSTEM_POWER: 1224.11 mW, cdev_weight: 0.100000)
I/pixel-thermal( 1798): Successfully update cdev dc_icl sysfs to 10
I/WifiHAL ( 1017): Creating message to get link statistics; iface = 47
I/AlarmManager( 2764): setExactAndAllowWhileIdle [name: GCM_HB_ALARM type: 2 triggerAtMillis: 73039940]
I/WifiHAL ( 1017): Getting cached scan results, iface handle = 0xb4000072f282ed50
E/WifiHAL ( 1017): Creating message to get cached scan results
I/AlarmManager( 2764): setExactAndAllowWhileIdle [name: FcmRetry type: 2 triggerAtMillis: 72799974]
I/WifiHAL ( 1017): In GetCachedScanResultsCommand::handleResponse
D/ActivityManager( 1509): sync unfroze 28523 com.google.android.apps.photos for 3
D/WifiHAL ( 1017): Start debug command: mType GET_FEATURE
I/WifiHAL ( 1017): CreateRequest mType = GET_FEATURE
D/WifiHAL ( 1017): In DebugCommand::handleResponse, mType:GET_FEATURE
D/WifiHAL ( 1017): len = 4, expected len = 4
I/HalDevMgr( 1509): bestIfaceCreationProposal is null, requestIface=STA, existingIface=[name=wlan0 type=STA]
W/JobInfo (28523): Requested important-while-foreground flag for job555007459 is ignored and takes no effect
W/TracingMuxer( 1204): type=1400 audit(0.0:24597): avc:  denied  { write } for  name="traced_producer" dev="tmpfs" ino=1356 scontext=u:r:gxp_logging:s0 tcontext=u:object_r:traced_producer_socket:s0 tclass=sock_file permissive=0
V/DisplayPowerController[0]( 1509): Brightness [0.0098282695] reason changing to: 'automatic [ dim ]', previous reason: 'automatic'.
I/DisplayPowerController[0]( 1509): BrightnessEvent: brt=0.0098282695(29.0%), nits=15.759966, lux=93.29004, reason=automatic [ dim ], strat=AutomaticBrightnessStrategy, state=ON, stateReason=DEFAULT_POLICY, policy=DIM, flags=, initBrt=0.04982827, rcmdBrt=0.04982827, preBrt=0.04426169, preLux=55.549137, lastReadLux=94.62457, wasShortTermModelActive=false, autoBrightness=true (default), unclampedBrt=0.04982827, brtRange=[0.0, 0.35571426], hbmMax=0.57, hbmMode=off, thrmMax=1.0, rbcStrength=50, powerFactor=1.0, physDisp=内蔵スクリーン(local:4619827677550801152), logicalId=0, slowChange=false, rampSpeed=0.7047244, colorTemp=NaN, thermalStatus=none
I/PixelDisplayManager( 2404): onDisplayChanged(内蔵スクリーン, 0, local:4619827677550801152): screenOn=true, hbmMode=0, br=0.0098282695, product=DeviceProductInfo{name=Common Panel, manufacturerPnpId=GGL, productId=0, modelYear=null, manufactureDate=ManufactureDate{week=1, year=1990}, connectionToSinkType=1, edidStructureMetadata=EdidStructureMetadata{version=0, revision=0}, videoInputType=0}
I/hwc-display(  554): path=drm, id=0, level=1038, nits=68.542130, brightness=0.047523, DimmingOn=1, Hbm=0, LhbmOn=0, OpRate=60
D/hwc-display(  554): [PrimaryDisplay] OperationRateManager::onBrightness:dbv=1038
W/hwc-libdisplaycolor(  554): GetRrRegammaForRange: no match found (op_hz, hz, dbv, range_id)=(60,60,1061,7)
I/hwc-display(  554): path=drm, id=0, level=1010, nits=64.438599, brightness=0.044592, DimmingOn=1, Hbm=0, LhbmOn=0, OpRate=60
D/hwc-display(  554): [PrimaryDisplay] OperationRateManager::onBrightness:dbv=1010
W/hwc-libdisplaycolor(  554): GetRrRegammaForRange: no match found (op_hz, hz, dbv, range_id)=(60,60,1038,7)
I/hwc-display(  554): path=drm, id=0, level=981, nits=60.460804, brightness=0.041750, DimmingOn=1, Hbm=0, LhbmOn=0, OpRate=60
D/hwc-display(  554): [PrimaryDisplay] OperationRateManager::onBrightness:dbv=981
W/hwc-libdisplaycolor(  554): GetRrRegammaForRange: no match found (op_hz, hz, dbv, range_id)=(60,60,1010,7)
I/hwc-display(  554): path=drm, id=0, level=951, nits=56.614563, brightness=0.039003, DimmingOn=1, Hbm=0, LhbmOn=0, OpRate=60
D/hwc-display(  554): [PrimaryDisplay] OperationRateManager::onBrightness:dbv=951
W/hwc-libdisplaycolor(  554): GetRrRegammaForRange: no match found (op_hz, hz, dbv, range_id)=(60,60,981,7)
D/AOC     ( 1205): A3:MSG: tmd3719_device.cc, 4540: USF: TMD3719: dbv:951 leakage:0.119511 refresh_rate:60 status:1 op_hz:60 [1]
I/hwc-display(  554): path=drm, id=0, level=923, nits=52.899826, brightness=0.036349, DimmingOn=1, Hbm=0, LhbmOn=0, OpRate=60
D/hwc-display(  554): [PrimaryDisplay] OperationRateManager::onBrightness:dbv=923
W/hwc-libdisplaycolor(  554): GetRrRegammaForRange: no match found (op_hz, hz, dbv, range_id)=(60,60,951,8)
I/hwc-display(  554): path=drm, id=0, level=895, nits=49.315136, brightness=0.033789, DimmingOn=1, Hbm=0, LhbmOn=0, OpRate=60
D/hwc-display(  554): [PrimaryDisplay] OperationRateManager::onBrightness:dbv=895
W/hwc-libdisplaycolor(  554): GetRrRegammaForRange: no match found (op_hz, hz, dbv, range_id)=(60,60,923,8)
I/hwc-display(  554): path=drm, id=0, level=865, nits=45.868889, brightness=0.031327, DimmingOn=1, Hbm=0, LhbmOn=0, OpRate=60
D/hwc-display(  554): [PrimaryDisplay] OperationRateManager::onBrightness:dbv=865
W/hwc-libdisplaycolor(  554): GetRrRegammaForRange: no match found (op_hz, hz, dbv, range_id)=(60,60,895,8)
I/hwc-display(  554): path=drm, id=0, level=837, nits=42.547623, brightness=0.028955, DimmingOn=1, Hbm=0, LhbmOn=0, OpRate=60
D/hwc-display(  554): [PrimaryDisplay] OperationRateManager::onBrightness:dbv=837
W/hwc-libdisplaycolor(  554): GetRrRegammaForRange: no match found (op_hz, hz, dbv, range_id)=(60,60,865,8)
I/hwc-display(  554): path=drm, id=0, level=806, nits=39.351822, brightness=0.026672, DimmingOn=1, Hbm=0, LhbmOn=0, OpRate=60
D/hwc-display(  554): [PrimaryDisplay] OperationRateManager::onBrightness:dbv=806
W/hwc-libdisplaycolor(  554): GetRrRegammaForRange: no match found (op_hz, hz, dbv, range_id)=(60,60,837,8)
I/hwc-display(  554): path=drm, id=0, level=777, nits=36.289814, brightness=0.024485, DimmingOn=1, Hbm=0, LhbmOn=0, OpRate=60
D/hwc-display(  554): [PrimaryDisplay] OperationRateManager::onBrightness:dbv=777
W/hwc-libdisplaycolor(  554): GetRrRegammaForRange: no match found (op_hz, hz, dbv, range_id)=(60,60,806,8)
D/AOC     ( 1205): A3:MSG: tmd3719_device.cc, 4540: USF: TMD3719: dbv:777 leakage:0.107006 refresh_rate:60 status:1 op_hz:60 [1]
I/hwc-display(  554): path=drm, id=0, level=749, nits=33.357933, brightness=0.022391, DimmingOn=1, Hbm=0, LhbmOn=0, OpRate=60
D/hwc-display(  554): [PrimaryDisplay] OperationRateManager::onBrightness:dbv=749
W/hwc-libdisplaycolor(  554): GetRrRegammaForRange: no match found (op_hz, hz, dbv, range_id)=(60,60,777,8)
I/hwc-display(  554): path=drm, id=0, level=719, nits=30.558460, brightness=0.020391, DimmingOn=1, Hbm=0, LhbmOn=0, OpRate=60
D/hwc-display(  554): [PrimaryDisplay] OperationRateManager::onBrightness:dbv=719
W/hwc-libdisplaycolor(  554): GetRrRegammaForRange: no match found (op_hz, hz, dbv, range_id)=(60,60,749,8)
I/hwc-display(  554): path=drm, id=0, level=690, nits=27.890388, brightness=0.018485, DimmingOn=1, Hbm=0, LhbmOn=0, OpRate=60
D/hwc-display(  554): [PrimaryDisplay] OperationRateManager::onBrightness:dbv=690
W/hwc-libdisplaycolor(  554): GetRrRegammaForRange: no match found (op_hz, hz, dbv, range_id)=(60,60,719,8)
I/hwc-display(  554): path=drm, id=0, level=660, nits=25.352249, brightness=0.016672, DimmingOn=1, Hbm=0, LhbmOn=0, OpRate=60
D/hwc-display(  554): [PrimaryDisplay] OperationRateManager::onBrightness:dbv=660
W/hwc-libdisplaycolor(  554): GetRrRegammaForRange: no match found (op_hz, hz, dbv, range_id)=(60,60,690,9)
I/hwc-display(  554): path=drm, id=0, level=632, nits=22.945541, brightness=0.014953, DimmingOn=1, Hbm=0, LhbmOn=0, OpRate=60
D/hwc-display(  554): [PrimaryDisplay] OperationRateManager::onBrightness:dbv=632
W/hwc-libdisplaycolor(  554): GetRrRegammaForRange: no match found (op_hz, hz, dbv, range_id)=(60,60,660,9)
D/AOC     ( 1205): A3:MSG: tmd3719_device.cc, 4540: USF: TMD3719: dbv:632 leakage:0.097742 refresh_rate:60 status:1 op_hz:60 [1]
I/hwc-display(  554): path=drm, id=0, level=602, nits=20.670052, brightness=0.013328, DimmingOn=1, Hbm=0, LhbmOn=0, OpRate=60
D/hwc-display(  554): [PrimaryDisplay] OperationRateManager::onBrightness:dbv=602
W/hwc-libdisplaycolor(  554): GetRrRegammaForRange: no match found (op_hz, hz, dbv, range_id)=(60,60,632,9)
I/hwc-display(  554): path=drm, id=0, level=573, nits=18.524117, brightness=0.011795, DimmingOn=1, Hbm=0, LhbmOn=0, OpRate=60
D/hwc-display(  554): [PrimaryDisplay] OperationRateManager::onBrightness:dbv=573
W/hwc-libdisplaycolor(  554): GetRrRegammaForRange: no match found (op_hz, hz, dbv, range_id)=(60,60,602,9)
I/hwc-display(  554): path=drm, id=0, level=543, nits=16.510103, brightness=0.010356, DimmingOn=1, Hbm=0, LhbmOn=0, OpRate=60
D/hwc-display(  554): [PrimaryDisplay] OperationRateManager::onBrightness:dbv=543
W/hwc-libdisplaycolor(  554): GetRrRegammaForRange: no match found (op_hz, hz, dbv, range_id)=(60,60,573,9)
I/hwc-display(  554): path=drm, id=0, level=532, nits=15.770749, brightness=0.009828, DimmingOn=1, Hbm=0, LhbmOn=0, OpRate=60
D/hwc-display(  554): [PrimaryDisplay] OperationRateManager::onBrightness:dbv=532
W/hwc-libdisplaycolor(  554): GetRrRegammaForRange: no match found (op_hz, hz, dbv, range_id)=(60,60,543,9)
I/NearbyDiscovery( 2764): (REDACTED) DiscoveryService onStartCommand action: %s
I/NearbyDiscovery( 2764): FastPairApiHandler: trigger firmware update check [CONTEXT service_id=265 ]
I/NearbyDiscovery( 2764): (REDACTED) FastPairApiHandler: Send result, package=(%s), requestType=(%s), status=(%s)
D/libnos_datagram(  549): Calling App 0x02 with params 0x000a
D/libnos_datagram(  549): App 0x02 returning 0x0
I/citadeld(  549): reportCitadelAppCalled app_id =  2 arg = 10 app_status = 0
I/citadeld(  549): Recorded atom for RPC call
D/libnos_datagram(  549): Calling App 0x02 with params 0x000b
D/libnos_datagram(  549): App 0x02 returning 0x0
I/citadeld(  549): reportCitadelAppCalled app_id =  2 arg = 11 app_status = 0
I/citadeld(  549): Recorded atom for RPC call
D/libnos_datagram(  549): Calling App 0x02 with params 0x000c
D/libnos_datagram(  549): App 0x02 returning 0x0
I/citadeld(  549): reportCitadelAppCalled app_id =  2 arg = 12 app_status = 0
I/citadeld(  549): Recorded atom for RPC call
I/Auth    ( 2764): (REDACTED) [GetTokenResponse] Decryption key=%s success, service=%s
D/libnos_datagram(  549): Calling App 0x00 with params 0x0200
D/libnos_datagram(  549): App 0x00 returning 0x0
I/bthal.activity(  964): bt_power: LeAdvStat: 19:40:28:208 - 19:40:29:212, duration: 1003, le_adv_count: 2, total_le_adv_count: 9325, total_event_count: 0
D/AOC     ( 1205): A3:MSG: lsm6dsv_device.cc, 732: USF: Lsm6dsvDevice: Sensor 4: Enabled 0, odr_index 0, period_ns 0.
D/AOC     ( 1205): A3:MSG: lsm6dsv_fifo.cc, 755: USF: Lsm6dsvFifo: ODR: XL/G/T/TS: 120/60/15/15 WM: 10 Intr: 21.
D/AOC     ( 1205): A3:MSG: lsm6dsv_device.cc, 641: USF: Lsm6dsvDevice: Fifo was disabled for 453898ns.
D/AOC     ( 1205): A3:MSG: usf_sensor.cc, 1866: USF: Received start sampling request for LSM6DSV Motion Detect (active:1).
D/AOC     ( 1205): A3:MSG: lsm6dsv_device.cc, 732: USF: Lsm6dsvDevice: Sensor 3: Enabled 1, odr_index 1, period_ns 500000000.
D/AOC     ( 1205): A3:MSG: lsm6dsv_fifo.cc, 755: USF: Lsm6dsvFifo: ODR: XL/G/T/TS: 120/60/15/15 WM: 10 Intr: 21.
D/AOC     ( 1205): A3:MSG: lsm6dsv_device.cc, 641: USF: Lsm6dsvDevice: Fifo was disabled for 518026ns.
D/AOC     ( 1205): A3:MSG: usf_sensor.cc, 1866: USF: Received start sampling request for LSM6DSV Motion Detect (active:2).
D/AOC     ( 1205): A3:MSG: motion_state_sensor.cc, 328: USF: MoSt: MotionDetect sampling started with sampling ID 10737.
D/AOC     ( 1205): A3:MSG: usf_sensor.cc, 1881: USF: Received stop sampling request for LSM6DSV FreeFall Detect (active:0).
D/AOC     ( 1205): A3:MSG: lsm6dsv_device.cc, 732: USF: Lsm6dsvDevice: Sensor 5: Enabled 0, odr_index 0, period_ns 0.
D/AOC     ( 1205): A3:MSG: lsm6dsv_fifo.cc, 755: USF: Lsm6dsvFifo: ODR: XL/G/T/TS: 120/60/15/15 WM: 10 Intr: 21.
D/AOC     ( 1205): A3:MSG: lsm6dsv_device.cc, 641: USF: Lsm6dsvDevice: Fifo was disabled for 437703ns.
D/BoundBrokerSvc( 2764): onRebind: Intent { act=com.google.android.gms.libs.gmscorelogger.service.START dat=chimera-action:/... xflg=0x4 cmp=com.google.android.gms/.chimera.PersistentDirectBootAwareApiService }
D/nativeloader(28523): Load /data/app/~~pe0aCwfBd8vSU_XPUCpilQ==/com.google.android.apps.photos-ERpNndgOvBdf4SI9bxnmJA==/lib/arm64/libnative.so using class loader ns clns-9 (caller=/data/app/~~pe0aCwfBd8vSU_XPUCpilQ==/com.google.android.apps.photos-ERpNndgOvBdf4SI9bxnmJA==/base.apk!classes4.dex): ok
D/vulkan  (28523): searching for layers in '/data/app/~~pe0aCwfBd8vSU_XPUCpilQ==/com.google.android.apps.photos-ERpNndgOvBdf4SI9bxnmJA==/lib/arm64'
D/vulkan  (28523): searching for layers in '/data/app/~~pe0aCwfBd8vSU_XPUCpilQ==/com.google.android.apps.photos-ERpNndgOvBdf4SI9bxnmJA==/base.apk!/lib/arm64-v8a'
D/vulkan  (28523): searching for layers in '/data/app/~~pe0aCwfBd8vSU_XPUCpilQ==/com.google.android.apps.photos-ERpNndgOvBdf4SI9bxnmJA==/split_config.arm64_v8a.apk!/lib/arm64-v8a'
D/vulkan  (28523): searching for layers in '/data/app/~~pe0aCwfBd8vSU_XPUCpilQ==/com.google.android.apps.photos-ERpNndgOvBdf4SI9bxnmJA==/split_config.ja.apk!/lib/arm64-v8a'
D/vulkan  (28523): searching for layers in '/data/app/~~pe0aCwfBd8vSU_XPUCpilQ==/com.google.android.apps.photos-ERpNndgOvBdf4SI9bxnmJA==/split_config.xxhdpi.apk!/lib/arm64-v8a'
I/WifiHAL ( 1017): Creating message to get link statistics; iface = 47
I/WifiHAL ( 1017): Getting cached scan results, iface handle = 0xb4000072f282ed50
E/WifiHAL ( 1017): Creating message to get cached scan results
I/WifiHAL ( 1017): In GetCachedScanResultsCommand::handleResponse
D/WifiHAL ( 1017): Start debug command: mType GET_FEATURE
I/WifiHAL ( 1017): CreateRequest mType = GET_FEATURE
D/WifiHAL ( 1017): In DebugCommand::handleResponse, mType:GET_FEATURE
D/WifiHAL ( 1017): len = 4, expected len = 4
I/HalDevMgr( 1509): bestIfaceCreationProposal is null, requestIface=STA, existingIface=[name=wlan0 type=STA]
D/AOC     ( 1205): A3:MSG: usf_sensor.cc, 1866: USF: Received start sampling request for LSM6DSV Motion Detect (active:3).
D/AOC     ( 1205): A3:MSG: usf_sensor.cc, 1881: USF: Received stop sampling request for LSM6DSV Accelerometer (active:5).
D/ActivityManager( 1509): freezing 18771 .ShannonImsService
D/AOC     ( 1205): CHRE: DRAM vote count begins
D/AOC     ( 1205): CHRE: DRAM vote count ends: 0 ms
D/AOC     ( 1205): CHRE: DRAM vote count begins
D/AOC     ( 1205): CHRE: DRAM vote count ends: 0 ms
I/CHRE    (  967): @ 72732.371: [ImuCal] [GYRO_RPS] (s0, c0) Offset | Temp [C] | Quality: 0.000125, -0.000014, 0.000902 | 34.61 | 4
I/CHRE    (  967): @ 72732.371: [ImuCal] [GYRO_RPS] (s0) Temp Sensitivity: -0.000009, -0.000031, -0.000022
I/CHRE    (  967): @ 72732.371: [ImuCal] [GYRO_RPS] (s0) Temp Intercept: 0.000537, 0.001079, 0.001751
I/hwc-display(  554): Display Temperature : 33°C
I/WifiHAL ( 1017): Creating message to get link statistics; iface = 47
I/WifiHAL ( 1017): Getting cached scan results, iface handle = 0xb4000072f282ed50
E/WifiHAL ( 1017): Creating message to get cached scan results
I/WifiHAL ( 1017): In GetCachedScanResultsCommand::handleResponse
D/IpClient/wlan0( 2306): interfaceLinkStateChanged: ifindex 47 up
D/WifiHAL ( 1017): Start debug command: mType GET_FEATURE
I/WifiHAL ( 1017): CreateRequest mType = GET_FEATURE
D/WifiHAL ( 1017): In DebugCommand::handleResponse, mType:GET_FEATURE
D/WifiHAL ( 1017): len = 4, expected len = 4
I/HalDevMgr( 1509): bestIfaceCreationProposal is null, requestIface=STA, existingIface=[name=wlan0 type=STA]
D/ActivityManager( 1509): freezing 5840 com.google.android.apps.turbo
D/TemperatureStateSource( 2309): sequence=7191 actualDelay=10002
D/TemperatureStateSource( 2309): Reading temperature: sequence=7192
I/pixel-thermal( 1798): VIRTUAL-SKIN:34.9613 raw data: VIRTUAL-SKIN:34961.2 VIRTUAL-SKIN-SUB-1:34961.2 VIRTUAL-SKIN-SUB-2:31008.2 VIRTUAL-SKIN-SUB-3:33316.4 charger_therm:36046 gnss_tcxo_therm:35556 modem_therm:35623 quiet_therm:34599 rffe_therm:33909 soc_therm:35089 usb_conn_therm:33798 
D/InetDiagMessage( 1509): Destroyed 0 sockets, proto=IPPROTO_TCP, family=AF_INET, states=14
D/TemperatureStateSource( 2309): getDeviceTemperatures: sequence=7192 deviceTemperatureType=3 temperatureSource=0 temperatures=[34.96125]
D/TemperatureStateSource( 2309): sequence=7192 waitTime=10000
D/ImpulseStateSource( 2309): Notify clients: 7430
D/InetDiagMessage( 1509): Destroyed 0 sockets, proto=IPPROTO_TCP, family=AF_INET6, states=14
D/InetDiagMessage( 1509): Destroyed live tcp sockets for uids={10135} in 10ms
D/AOC     ( 1205): A3:MSG: usf_vsc_log.cc, 69: VSC: [Auto Brightness] Retune sensor-3 (tout:1 drop:0): avg 93.591 -> 93.590 [wm:95.564]
I/pixel-thermal( 1798): charger_therm:36.046 raw data: charger_therm:36046 
I/pixel-thermal( 1798): VIRTUAL-SKIN-CHARGE:35.524 raw data: VIRTUAL-SKIN-CHARGE:35524 VIRTUAL-SKIN-CHARGE-SUB-1:34644.7 VIRTUAL-SKIN-CHARGE-SUB-2:35524 charger_therm:36046 modem_therm:35623 quiet_therm:34599 rffe_therm:33909 soc_therm:35089 
I/pixel-thermal( 1798): VIRTUAL-SKIN-CHARGE power_budget=4734.77 err=2.47604 s_power=2200 time_elapsed_ms=7020 p=990.417 i=1600 d=-0 dt_per_min=nan compensation=0 budget transient=0 control target=2 excluded power budget=55.6495 (PARTIAL_SYSTEM_POWER: 1112.99 mW, cdev_weight: 0.050000)
I/pixel-thermal( 1798): VIRTUAL-SKIN-SPEAKER:34.8745 raw data: VIRTUAL-SKIN-SPEAKER:34874.5 VIRTUAL-SKIN-SPEAKER-SUB-1:32117.1 VIRTUAL-SKIN-SPEAKER-SUB-2:34874.5 battery:34500 gnss_tcxo_therm:35556 quiet_therm:34599 soc_therm:35089 usb_conn_therm:33798 
I/pixel-thermal( 1798): VIRTUAL-SKIN-CHARGE-WLC:35.218 raw data: VIRTUAL-SKIN-CHARGE-WLC:35218 charger_therm:36046 modem_therm:35623 rffe_therm:33909 soc_therm:35089 
I/pixel-thermal( 1798): VIRTUAL-SKIN-CHARGE-WLC power_budget=2245.1 err=2.782 s_power=1400 time_elapsed_ms=7020 p=556.4 i=400 d=0 dt_per_min=nan compensation=0 budget transient=0 control target=2 excluded power budget=111.299 (PARTIAL_SYSTEM_POWER: 1112.99 mW, cdev_weight: 0.100000)
D/AOC     ( 1205): A3:MSG: usf_vsc_log.cc, 69: VSC: [Auto Brightness] Retune sensor-0 (tout:1 drop:0): avg 93.278 -> 93.278 [wm:95.632]
I/PowerGroup( 1509): Napping power group (groupId=0, uid=1000)...
I/PowerGroup( 1509): dreamManagerAttemptedDozing status changed to false for group 0
I/PowerManagerService( 1509): Nap time (uid 1000)...
I/PowerGroup( 1509): Powering off display group due to timeout (groupId= 0, uid= 1000, millisSinceLastUserActivity=120006, lastUserActivityEvent=other)...
I/PowerManagerService( 1509): Going to sleep due to timeout (uid 1000, screenOffTimeout=120000, activityTimeoutWM=-1, maxDimRatio=0.20000005, maxDimDur=7000)...
W/ProcessStats( 1509): Tracking association SourceState{953046e system/1000 ImpFg #171372} whose proc state 5 is better than process ProcessState{f9a24e0 com.android.devicelockcontroller/10453 pkg=com.android.devicelockcontroller} proc state 14 (0 skipped)
D/BiometricUtils( 1509): isEncrypted: false isLockdown: false
D/KeyguardViewMediator( 2175): KeyguardViewMediator queue processing message: NOTIFY_STARTED_GOING_TO_SLEEP
D/BiometricScheduler( 1509): [Added] {[334] com.android.server.biometrics.sensors.fingerprint.aidl.FingerprintAuthenticationClient, proto=3, owner=com.android.systemui, cookie=0, requestId=92, userId=0}, new queue size: 1
D/BiometricScheduler( 1509): [Polled] {[334] com.android.server.biometrics.sensors.fingerprint.aidl.FingerprintAuthenticationClient, proto=3, owner=com.android.systemui, cookie=0, requestId=92, userId=0}, State: 0
D/GestureAvailabilityTracker( 1509): Notifying gesture availability, active=false
D/BiometricScheduler( 1509): [Started] {[334] com.android.server.biometrics.sensors.fingerprint.aidl.FingerprintAuthenticationClient, proto=3, owner=com.android.systemui, cookie=0, requestId=92, userId=0}
D/BiometricStateCallback( 1509): State updated from 0 to 2, client {[334] com.android.server.biometrics.sensors.fingerprint.aidl.FingerprintAuthenticationClient, proto=3, owner=com.android.systemui, cookie=0, requestId=92, userId=0}
I/Surface ( 1509): Creating surface for consumer unnamed-1509-779 with slotExpansion=1 for 64 slots
I/KeyguardTransitionRepository( 2175): STARTED transition: TransitionStep(from=GONE, to=DOZING, value=0.0, transitionState=STARTED, ownerName=FromGoneTransitionInteractor(Sleep transition triggered))
I/Surface ( 1509): Creating surface for consumer ColorFade#90(BLAST Consumer)90 with slotExpansion=1 for 64 slots
D/AuthenticationClient( 1509): Requesting auth for com.android.systemui
I/Surface ( 1509): Creating surface for consumer unnamed-1509-780 with slotExpansion=1 for 64 slots
D/BiometricStatusRepositoryImpl( 2175): authenticationState updated: Started(biometricSourceType=FINGERPRINT, requestReason=DeviceEntryAuthentication)
I/Surface ( 1509): Creating surface for consumer SurfaceTexture-7-1509-86 with slotExpansion=0 for 64 slots
D/WindowOnBackDispatcher(17230): setTopOnBackInvokedCallback (unwrapped): android.view.ViewRootImpl$$ExternalSyntheticLambda14@2a5d7b6
D/CoreBackPreview( 1509): Window{635cd0b u0 com.termux/com.termux.app.TermuxActivity}: Setting back callback OnBackInvokedCallbackInfo{mCallback=android.window.IOnBackInvokedCallback$Stub$Proxy@bfdc160, mPriority=0, mIsAnimationCallback=false, mOverrideBehavior=0}
I/GoogleInputMethodService( 4246): GoogleInputMethodService.onFinishInputView():1757 onFinishInputView(true)
I/EmojiAndGlobeKeyExtension( 4246): EmojiAndGlobeKeyExtension.onDeactivate():153 
I/FingerprintSession( 1560): authenticateWithContext
I/NgaExtension( 4246): NgaExtension.onDeactivate():714 NgaExtension#onDeactivate [SDG]
W/NotificationCenter( 4246): NotificationCenter.unregisterListener():474 Listener ify@514d8a6 was not registered for notification class oqu
D/FingerprintHal( 1560): fingerprint authenticateWithContext
D/FingerprintHal( 1560): fingerprint authenticate
I/[GF_HAL][DelmarHalUtils]( 1560): [checkModuleVerions] modules(2) version match passed: f59c333_f59c333_f59c333_2025.09.19_11:44:40
D/FpStateTracker( 1560): UpdateState: state_:0x0
D/FingerState( 1560): Set: ignore redundant finger up
I/KeyboardEventHandler( 4246): KeyboardEventHandler.handleKeyboardVisibilityEvent():219 Handling KeyboardVisibilityEvent: KEYBOARD_CLOSED [SD]
W/RemoteInputConnectionImpl(17230): requestCursorUpdates on inactive InputConnection
D/UdfpsController( 2175): showUdfpsOverlay | adding window reason=4
I/NgaVoiceInputHandler( 4246): NgaVoiceInputHandler.shutdownInternalLegacy():351 VoiceInputHandler:deactivating with reason: SHUTDOWN_UNIVERSAL_EXTENSION_ON_DEACTIVATE [SDG]
W/NotificationCenter( 4246): NotificationCenter.unregisterListener():474 Listener ptv@8ecf8a0 was not registered for notification class ptw
W/SmartEdit( 4246): SmartEdit.setGenAiVoiceEditManager():827 Cannot set LC UI delegate: promotionManager is null
I/NgaInputManager( 4246): NgaInputManager.onDeactivate():483 SmartEdit: unloading models false [SDG]
I/UniversalDictationUiProvider( 4246): UniversalDictationUiProvider.onDeactivate():69 onDeactivate() [UD]
D/FpStateTracker( 1560): UpdateState: state_:0x200
I/AbstractIme( 4246): AbstractIme.onDeactivate():229 PasswordIme.onDeactivate()
V/BiometricSchedulerOperation( 1509): started: {[334] com.android.server.biometrics.sensors.fingerprint.aidl.FingerprintAuthenticationClient, proto=3, owner=com.android.systemui, cookie=0, requestId=92, userId=0}, State: 2
D/usf_sensor_hal(  992): ambient light: Enter Batch. Period = 1000000, latency = 0.
I/PrimesLoggerHolder( 4246): FrameMetricServiceImpl.stopAsFuture():213 Measurement not found: OnConfigurationChanged
I/GoogleInputMethodService( 4246): GoogleInputMethodService.onFinishInput():2361 
D/ImeBackCallbackSender( 4246): Unregister OnBackInvokedCallback at app window (packageName=com.termux)
D/AOC     ( 1205): A3:MSG: usf_sensor.cc, 2512: USF: Received reconfig sampling request for TMD3719 Ambient Light.
W/ImeBackCallbackProxy(17230): Ime callback not found. Ignoring unregisterReceivedCallback. callbackId: 151698191 remaining callbacks: 0
I/Module  ( 4246): DeviceLockedStatusModuleProvider$Module.updateDeviceLockedStatusInternal():119 repeatCheckTimes = 0, locked = false
I/HardKeyTracker( 4246): HardKeyTracker.unregisterKeySequence():259 Unregister key sequence qpd{labelResId=2132020707, callback=gbv@ecbb765, lastModifier=2, keyCodes=[32], actions=[0]}
I/HardKeyTracker( 4246): HardKeyTracker.unregisterKeySequence():259 Unregister key sequence qpd{labelResId=2132020707, callback=gbv@bbc0c3a, lastModifier=0, keyCodes=[319], actions=[0]}
I/HardKeyTracker( 4246): HardKeyTracker.registerKeySequence():201 Register key sequence qpd{labelResId=2132020707, callback=gbv@9639a42, lastModifier=2, keyCodes=[32], actions=[0]}
I/HardKeyTracker( 4246): HardKeyTracker.registerKeySequence():201 Register key sequence qpd{labelResId=2132020707, callback=gbv@974fa53, lastModifier=0, keyCodes=[319], actions=[0]}
I/HardKeyTracker( 4246): HardKeyTracker.unregisterKeySequence():259 Unregister key sequence qpd{labelResId=2132020707, callback=gbv@9a710eb, lastModifier=2, keyCodes=[32], actions=[0]}
I/HardKeyTracker( 4246): HardKeyTracker.unregisterKeySequence():259 Unregister key sequence qpd{labelResId=2132020707, callback=gbv@40bfe48, lastModifier=0, keyCodes=[319], actions=[0]}
I/HardKeyTracker( 4246): HardKeyTracker.registerKeySequence():201 Register key sequence qpd{labelResId=2132020707, callback=gbv@a460f90, lastModifier=2, keyCodes=[32], actions=[0]}
I/HardKeyTracker( 4246): HardKeyTracker.registerKeySequence():201 Register key sequence qpd{labelResId=2132020707, callback=gbv@1f2b089, lastModifier=0, keyCodes=[319], actions=[0]}
W/AccessPointsManager( 4246): AccessPointsManager.addAccessPoint():1137 The holder controller #0x7f0b29f6 is not registered
I/KeyboardModeUtils( 4246): KeyboardModeUtils.getKeyboardBottomOffset():435 inch: 0.000000 ydpi: 409.127014 adjustKeyboardBottomByDisplaySize: false currentDensityDpi: 420 defaultDensityDpi: 420 keyboardBottomToScreenPx: 0 keyboardBottomToNavBarPx: -126 navBarHeight: 126
I/BaseKeyboardSizeHelper( 4246): BaseKeyboardSizeHelper.calculateMaxKeyboardBodyHeight():79 leave 281 height for app when ime window height:2153, header height:116 and isFullscreenMode:false, so the max keyboard body height is:1756
I/BaseKeyboardSizeHelper( 4246): BaseKeyboardSizeHelper.calculateMaxKeyboardBodyHeight():79 leave 281 height for app when ime window height:2153, header height:116 and isFullscreenMode:false, so the max keyboard body height is:1756
I/KeyboardViewManager( 4246): KeyboardViewManager.updateKeyboardBottomFrame():518 Set bottomFrameHeight = 10 while holderPaddingBottom = 10; navigationHeight = 126
W/hwc-libdisplaycolor(  554): GetRrRegammaForRange: no match found (op_hz, hz, dbv, range_id)=(60,60,532,9)
W/hwc-libdisplaycolor(  554): GetRrRegammaForRange: no match found (op_hz, hz, dbv, range_id)=(60,60,532,9)
W/hwc-libdisplaycolor(  554): GetRrRegammaForRange: no match found (op_hz, hz, dbv, range_id)=(60,60,532,9)
V/DisplayPowerController[0]( 1509): Brightness [0.04982827] reason changing to: 'automatic', previous reason: 'automatic [ dim ]'.
I/DisplayPowerController[0]( 1509): BrightnessEvent: brt=0.04982827(62.0%), nits=71.76882, lux=93.29004, reason=automatic, strat=AutomaticBrightnessStrategy, state=ON, stateReason=DEFAULT_POLICY, policy=OFF, flags=, initBrt=0.0098282695, rcmdBrt=0.04982827, preBrt=0.04426169, preLux=55.549137, lastReadLux=93.59097, wasShortTermModelActive=false, autoBrightness=true (default), unclampedBrt=0.04982827, brtRange=[0.0, 0.35571426], hbmMax=0.57, hbmMode=off, thrmMax=1.0, rbcStrength=50, powerFactor=1.0, physDisp=内蔵スクリーン(local:4619827677550801152), logicalId=0, slowChange=false, rampSpeed=0.0, colorTemp=NaN, thermalStatus=none
I/PixelDisplayManager( 2404): onDisplayChanged(内蔵スクリーン, 0, local:4619827677550801152): screenOn=false, hbmMode=0, br=0.0, product=DeviceProductInfo{name=Common Panel, manufacturerPnpId=GGL, productId=0, modelYear=null, manufactureDate=ManufactureDate{week=1, year=1990}, connectionToSinkType=1, edidStructureMetadata=EdidStructureMetadata{version=0, revision=0}, videoInputType=0}
D/usf_sensor_hal(  992): ambient light: Enter Batch. Period = 1000000, latency = 0.
D/usf_sensor_hal(  992): ambient light: Enter Batch. Period = 1000000, latency = 0.
I/PixelDisplayManager( 2404):  Request Lbe state 0 req 2, display unique id: local:4619827677550801152
D/AOC     ( 1205): A3:MSG: usf_sensor.cc, 1866: USF: Received start sampling request for LSM6DSV Accelerometer (active:6).
D/AOC     ( 1205): A3:MSG: lsm6dsv_device.cc, 732: USF: Lsm6dsvDevice: Sensor 0: Enabled 1, odr_index 6, period_ns 10000000.
D/AOC     ( 1205): A3:MSG: lsm6dsv_fifo.cc, 755: USF: Lsm6dsvFifo: ODR: XL/G/T/TS: 120/60/15/15 WM: 10 Intr: 21.
D/AOC     ( 1205): A3:MSG: lsm6dsv_device.cc, 641: USF: Lsm6dsvDevice: Fifo was disabled for 380331ns.
W/hwc-libdisplaycolor(  554): GetRrRegammaForRange: no match found (op_hz, hz, dbv, range_id)=(60,60,532,9)
D/AOC     ( 1205): A3:MSG: tmd3719_device.cc, 4540: USF: TMD3719: dbv:532 leakage:0.065025 refresh_rate:60 status:1 op_hz:60 [0]
D/InetDiagMessage( 1509): Destroyed 0 sockets, proto=IPPROTO_TCP, family=AF_INET, states=14
D/InetDiagMessage( 1509): Destroyed 0 sockets, proto=IPPROTO_TCP, family=AF_INET6, states=14
D/InetDiagMessage( 1509): Destroyed live tcp sockets for uids={10185} in 6ms
D/InetDiagMessage( 1509): Destroyed 0 sockets, proto=IPPROTO_TCP, family=AF_INET, states=14
D/InetDiagMessage( 1509): Destroyed 0 sockets, proto=IPPROTO_TCP, family=AF_INET6, states=14
D/InetDiagMessage( 1509): Destroyed live tcp sockets for uids={20185} in 3ms
I/DisplayPowerController[0]( 1509): Blocking screen off
I/hwc-display(  554): path=drm, id=0, level=0, nits=0.000000, brightness=-1.000000, DimmingOn=1, Hbm=0, LhbmOn=0, OpRate=60
W/hwc-libdisplaycolor(  554): GetRrRegammaForRange: no match found (op_hz, hz, dbv, range_id)=(60,60,532,9)
D/WindowManager( 1509): Add SleepToken: tag=Display-off, displayId=0
D/ActivityTaskManager( 1509): Top Process State changed to PROCESS_STATE_TOP_SLEEPING
D/usf_sensor_hal(  992): device orientation: Enter Activate. Enable = 0.
D/AOC     ( 1205): A3:MSG: usf_sensor.cc, 1881: USF: Received stop sampling request for Device Orientation (active:0).
D/AOC     ( 1205): A3:MSG: vsc_sensor.cc, 68: VSC: [Device Orientation] disable.
D/AOC     ( 1205): A3:MSG: tmd3719_device.cc, 4540: USF: TMD3719: dbv:0 leakage:0.000000 refresh_rate:60 status:1 op_hz:60 [0]
D/AOC     ( 1205): A3:MSG: usf_sensor.cc, 1881: USF: Received stop sampling request for LSM6DSV Accelerometer (active:4).
D/VRI[TermuxActivity](17230): visibilityChanged oldVisibility=true newVisibility=false
D/AOC     ( 1205): A3:MSG: lsm6dsv_device.cc, 732: USF: Lsm6dsvDevice: Sensor 0: Enabled 1, odr_index 6, period_ns 10000000.
D/AOC     ( 1205): A3:MSG: lsm6dsv_fifo.cc, 755: USF: Lsm6dsvFifo: ODR: XL/G/T/TS: 120/60/15/15 WM: 10 Intr: 21.
D/AOC     ( 1205): A3:MSG: lsm6dsv_device.cc, 641: USF: Lsm6dsvDevice: Fifo was disabled for 603434ns.
D/AOC     ( 1205): A3:MSG: usf_sensor.cc, 1881: USF: Received stop sampling request for LSM6DSV Gyroscope (active:1).
D/AOC     ( 1205): A3:MSG: lsm6dsv_device.cc, 732: USF: Lsm6dsvDevice: Sensor 1: Enabled 1, odr_index 5, period_ns 20000000.
D/AOC     ( 1205): A3:MSG: lsm6dsv_fifo.cc, 755: USF: Lsm6dsvFifo: ODR: XL/G/T/TS: 120/60/15/15 WM: 10 Intr: 21.
D/AOC     ( 1205): A3:MSG: lsm6dsv_device.cc, 641: USF: Lsm6dsvDevice: Fifo was disabled for 585083ns.
I/AutofillManager(17230): onInvisibleForAutofill(): expiringResponse
I/DisplayPowerController[0]( 1509): Unblocked screen off after 71 ms
D/usf_sensor_hal(  992): auto brightness: Enter Batch. Period = 250000000, latency = 0.
I/KeyboardEventHandler( 4246): KeyboardEventHandler.handleKeyboardHidden():298 Keyboard closed, ending dictation. [SD]
I/Surface ( 1509): Creating surface for consumer unnamed-1509-781 with slotExpansion=1 for 64 slots
I/Surface ( 1509): Creating surface for consumer ImageReader-864x1920f1m1-1509-601 with slotExpansion=1 for 64 slots
W/ImageReader_JNI( 1509): Unable to acquire a buffer item, very likely client tried to acquire more than maxImages buffers
D/usf_sensor_hal(  992): binned brightness: Enter Batch. Period = 200000000, latency = 0.
D/usf_sensor_hal(  992): binned brightness: Enter Activate. Enable = 1.
D/AOC     ( 1205): A3:MSG: usf_sensor.cc, 1866: USF: Received start sampling request for Binned Brightness (active:1).
D/AOC     ( 1205): A3:MSG: vsc_sensor.cc, 37: VSC: [Binned Brightness] enable: period 1000000000, latency = 0
D/AOC     ( 1205): A3:MSG: usf_sensor.cc, 1866: USF: Received start sampling request for TMD3719 Ambient Light (active:3).
I/DisplayBrightnessStrategySelector( 1509): Changing the DisplayBrightnessStrategy from AutomaticBrightnessStrategy to ScreenOffBrightnessStrategy for display 0
D/AOC     ( 1205): A3:MSG: usf_vsc_log.cc, 69: VSC: [BINNED_BRIGHTNESS] Changing bin to 2 (lux:93.421691)
V/DisplayPowerController[0]( 1509): Brightness [0.0] reason changing to: 'screen_off', previous reason: 'automatic'.
I/DisplayPowerController[0]( 1509): BrightnessEvent: brt=0.0(0.0%), nits=2.0, lux=-1.0, reason=screen_off, strat=ScreenOffBrightnessStrategy, state=OFF, stateReason=DEFAULT_POLICY, policy=OFF, flags=, initBrt=0.04982827, rcmdBrt=NaN, preBrt=NaN, preLux=0.0, wasShortTermModelActive=false, autoBrightness=true (default), unclampedBrt=-1.0, hbmMax=0.57, hbmMode=off, thrmMax=1.0, rbcStrength=50, powerFactor=1.0, physDisp=内蔵スクリーン(local:4619827677550801152), logicalId=0, slowChange=false, rampSpeed=0.0, colorTemp=NaN, thermalStatus=none
I/DisplayDeviceRepository( 1509): Display device changed state: "内蔵スクリーン", OFF
E/ConsumerBase( 1509): [ImageReader-864x1920f1m1-1509-601] abandonLocked: ConsumerBase is abandoned!
D/BrightnessThermalClamper( 1509): Thermal status observer already started
I/InputManager-JNI( 1509): Viewport [0] to add: local:4619827677550801152, isActive: false
I/InputReader( 1509): Reconfiguring input devices, changes=DISPLAY_INFO
I/InputReader( 1509): Disabling goodix_ts0 (device 4) because the associated viewport is not active
I/InputReader( 1509): Device reconfigured: id=4, name='goodix_ts0', size 1080x2400, orientation Rotation0, mode DISABLED, display id 0
D/SurfaceFlinger(  552): Setting power mode 0 synchronously for a physical display with token 0xb400007b1a60e490
D/WindowManager( 1509): DeferredDisplayUpdater: partially applying DisplayInfo(1080 x 2400) immediately
D/SurfaceFlinger(  552): Setting power mode 0 on physical display 4619827677550801152
D/SurfaceFlinger(  552): setPhysicalDisplayPowerModeAsync: Optimizing thread scheduling: optimizeForPower
D/SurfaceFlinger(  552): Enabling synthetic vsync
D/hwc-display(  554): setPowerMode:: FBIOBLANK mode(0), blank(4)
D/hwc-display(  554): [PrimaryDisplay] OperationRateManager::onPowerMode:mode=Off
I/PixelDisplayManager( 2404): onDisplayChanged(内蔵スクリーン, 0, local:4619827677550801152): screenOn=false, hbmMode=0, br=0.0, product=DeviceProductInfo{name=Common Panel, manufacturerPnpId=GGL, productId=0, modelYear=null, manufactureDate=ManufactureDate{week=1, year=1990}, connectionToSinkType=1, edidStructureMetadata=EdidStructureMetadata{version=0, revision=0}, videoInputType=0}
D/DeviceHalAidl( 1018): [default] setParameters: parameters: "screen_state=off"
D/WindowManager( 1509): DeferredDisplayUpdater: deferring DisplayInfo(1080 x 2400) update
D/WindowManager( 1509): DeferredDisplayUpdater: applying DisplayInfo(1080 x 2400) after deferring
V/WindowManager( 1509): Aborting Transition: 2039
I/bt_shim_scanner( 2277): system/main/shim/le_scanning_manager.cc:150 Scan: in shim layer stopped
W/SurfaceControl( 1509): Invalid layer stack -1
W/BtScan.ScanRadioStats( 2277): recordScanRadioStop(caller=configureRegularScanParams): No scan radio to stop
I/bt_shim_scanner( 2277): system/main/shim/le_scanning_manager.cc:315 SetScanParameters: in shim layer, scannerId1m=2, scannerIdCoded=0
I/DisplayDevice( 1509): [0] Layerstack set to -1 for local:4619827677550801152
I/bt_shim_scanner( 2277): system/main/shim/le_scanning_manager.cc:150 Scan: in shim layer started
I/bluetooth( 2277): system/gd/hci/le_address_manager.cc:269 unregister_client: Client unregistered
D/ASvc::Module(  959): updateScreenState: 0
I/AHal::Cs35l41Codec(  959): EnableHibernate off
I/PixelDisplayManager( 2404): onDisplayChanged(内蔵スクリーン, 0, local:4619827677550801152): screenOn=false, hbmMode=0, br=0.0, product=DeviceProductInfo{name=Common Panel, manufacturerPnpId=GGL, productId=0, modelYear=null, manufactureDate=ManufactureDate{week=1, year=1990}, connectionToSinkType=1, edidStructureMetadata=EdidStructureMetadata{version=0, revision=0}, videoInputType=0}
I/bthal.activity(  964): LogActivities: Disable LE Scanning, 0x2042
D/AHal::Cs35l41Codec(  959): SetAllSpeakers: set ctl [Hibernate Force Wake] = 0
D/AHal::Cs35l41Codec(  959): SetAllSpeakers: set ctl [R Hibernate Force Wake] = 0
D/DeviceHalAidl( 1018): [r_submix] setParameters: parameters: "screen_state=off"
D/AHAL_Module(  959): updateScreenState: r_submix: 0
D/DeviceHalAidl( 1018): [bluetooth] setParameters: parameters: "screen_state=off"
D/AHAL_Module(  959): updateScreenState: bluetooth: 0
I/NearbyDiscovery( 2764): (REDACTED) FastPairDisplayObserver: %s -> %s
D/GRIL-S  ( 2315): [1680]> UPDATE_DEVICE_STATE DeviceState: Usb:0, Wifi: 1, Wifi AP: 0, Earpiece: 0, Bluetooth: 1, Wireless charging: 0, Screen: 0, Camera: 0, 0, -, -, Motion: 1, Bluetooth tethering: 0, Voice: 0, Wifi 2.4G: 0, Radio: 1, Bluetooth connected: 0, Bluetooth media: 0, Wifi Band: 2, Wifi AP Band: 0, Wifi call: 0, mmWave: 0, mCellBackhaul: 0, mHallSensor: 0, mDozeStatus: 1, mAppClassInfo: 0, mWifiCapSensorStatus: 0, mCellCapSensorStatus: 0, mBesideHeadHandStatus: 0, mSpeakerStatus: 0, mProtectiveCaseStatus: 0, mWifiSettingStatus: 0, mGpsStatus: 0
I/NearbyDiscovery( 2764): (REDACTED) ApFastPairScanner: isScreenOn=%s, isLocationEnabled=%s, disableLocationRequirement=%s, isDiscoveryScanningEnabled=%s, during24GhzWifiWarmingUpPeriod=%s
D/BluetoothAdapter( 2764): isLeEnabled(): ON
I/NearbyDiscovery( 2764): (REDACTED) ApFastPairScanner: eventType=%s, intReq=%s, scanning=%s, scanAllowed=%s, bleEnabled=%s, lockScanRate=%s, startScanningByLowPowerMode=%s
I/NearbyDiscovery( 2764): (REDACTED) ApFastPairScanner: Stopping scan, %s
D/BluetoothAdapter( 2764): isLeEnabled(): ON
D/AOC     ( 1205): A3:MSG: usf_tbn_server.cc, 263: gti: Receive TBN event id: 206, op: 1
D/AOC     ( 1205): A3:MSG: usf_tbn_server.cc, 57: gti: Change bus owner to AOC.
D/AOC     ( 1205): A3:MSG: usf_touch_device.cc, 801: gtd: On tbn event, state: 2.
I/grilcallback( 1009): Updating HandGrip status
I/PkModeUpdater( 4246): PkModeUpdater.refreshDevices():206 refreshing devices
D/AOC     ( 1205): A3:MSG: usf_touch_device.cc, 593: gtd: Bus: 1, Host: 0; Enabled: 0.
D/AOC     ( 1205): A3:MSG: usf_tbn_server.cc, 236: gti: Send TBN event response id: 206, op: 1
I/bt_shim_scanner( 2277): system/main/shim/le_scanning_manager.cc:182 ScanFilterParamSetup: in shim layer, clientIf=2
I/bt_shim_scanner( 2277): system/main/shim/le_scanning_manager.cc:182 ScanFilterParamSetup: in shim layer, clientIf=2
I/bt_shim_scanner( 2277): system/main/shim/le_scanning_manager.cc:182 ScanFilterParamSetup: in shim layer, clientIf=2
I/bt_shim_scanner( 2277): system/main/shim/le_scanning_manager.cc:144 Unregister: in shim layer, scannerId=2
I/bluetooth( 2277): system/gd/hci/le_scanning_manager_impl.cc:774 stop_scan: Scanning already stopped, return. caller=configure_scan
I/bluetooth( 2277): system/gd/hci/le_address_manager.cc:254 register_client: Client registered
D/SatelliteController( 2429): handleCmdUpdateNtnSignalStrengthReporting: ignore request, satellite is disabled
D/SatelliteController( 2429): handleEventScreenStateChanged: false
E/BtScan.ScannerMap( 2277): Context not found for ID=2
E/BtScan.ScanController( 2277): onScanParamSetupCompleted(): App not found for scannerId=2
I/bthal.debug_central(  964): Command Complete Event of LE_SET_EXTENDED_SCAN_ENABLE, opcode:2042
I/bthal.flowcontrol(  964): HciEventPreProcess: HCI Event 0xe Opcode 0x2042 Length 6 unhandled by LeSetExtentedScanEnableEvent
I/NearbySharing( 2764): Screen is locked
I/NearbySharing( 2764): Stopping scanning because the screen is locked and no background sync is active.
I/bthal.activity(  964): LogActivities: BALANCED ScanMode
I/Mosey.A ( 6686): Mosey invoking StopDiscovery
I/Mosey.A ( 6686): API: stop() called.
I/bthal.activity(  964): LogActivities: Enable LE Scanning, 0x2042
I/Mosey.A ( 6686): Ignoring Stop: already IDLE.
I/bthal.debug_central(  964): Command Complete Event of LE_SET_EXTENDED_SCAN_ENABLE, opcode:2042
I/bthal.flowcontrol(  964): HciEventPreProcess: HCI Event 0xe Opcode 0x2042 Length 6 unhandled by LeSetExtentedScanEnableEvent
I/NearbySharing( 2764): External sharing provider has received status 0 for stopDiscovery
I/NearbySharing( 2764): External sharing provider has stopped discovery
I/NearbySharing( 2764): SendProvider: Stopping discovery.
V/RecentTasksController( 2175): Notify recent tasks changed
D/RecentTasksList(28190): invalidateLoadedTasks - previous requestLoadId: -1
V/RecentTasksController( 2175): generateList(getRecentTasks)
V/RecentTasksController( 2175): initializeDesksMap - allDeskIds: []
V/RecentTasksController( 2175): Task 5271 is not an active desktop task
V/RecentTasksController( 2175): Added fullscreen task: 5271
V/RecentTasksController( 2175): Task 5267 is not an active desktop task
V/RecentTasksController( 2175): Added fullscreen task: 5267
V/RecentTasksController( 2175): Task 5338 is not an active desktop task
V/RecentTasksController( 2175): Added fullscreen task: 5338
V/RecentTasksController( 2175): generateList - complete
D/PreloadThumbnailUseCase(28190): Preloading thumbnails for task ids: [[id=5338 windowingMode=1 user=0 lastActiveTime=71669068] null, [id=5267 windowingMode=1 user=0 lastActiveTime=71764945] null, [id=5271 windowingMode=1 user=0 lastActiveTime=72688072] null]
I/NearbySharing( 2764): NearbySharing Internal event SendManagerEnd
I/NearbySharing( 2764): Scanning has stopped.
I/NearbySharing( 2764): Stopping Fast Init advertisement because we're not scanning in the foreground.
I/NearbyConnections( 2764): Client 149895119 requested discovery to stop.
D/DLObserver( 2175): onReceive(); android.intent.action.BATTERY_CHANGED
D/DLObserver( 2175): plugged=0
D/SystemEventDataSource( 2175): onReceive: intentAction
D/PowerNotificationWarningsGoogleImpl( 2175): onReceive: android.intent.action.BATTERY_CHANGED
D/PulsarController( 2175): dispatchIntent: android.intent.action.BATTERY_CHANGED
D/IncompatibleChargerNotification( 2175): dispatchIntent: android.intent.action.BATTERY_CHANGED
D/GoogleBatteryDataSource( 2175): fetchDwellDefendStatus: DISCONNECTED
D/GoogleBatteryDataSource( 2175): fetchTempDefendStatus: t_sum=329617, time_sum=876 t_avg=376 lst_v=4425546 lst_t=310 lst_u=32808, dt=32809, t=0 e=1
D/SystemEventDataSource( 2175): updatedEventData: SystemEventData(intentAction=android.intent.action.BATTERY_CHANGED, plugged=EventData(value=0), batteryScale=EventData(value=100), batteryLevel=EventData(value=21), chargingStatus=EventData(value=1), maxChargingCurrent=EventData(value=0), maxChargingVoltage=EventData(value=0), batteryStatus=EventData(value=3), halEventData=HalEventData(dockDefendStatus=EventData(value=-3), tempDefendEventData=EventData(value=false), dwellDefendEventData=EventData(value=false)), settingsEventData=SettingsEventData(dockDefenderBypass=EventData(value=0), chargingLimitSettings=EventData(value=0), dndState=EventData(value=false), airplaneState=EventData(value=false)), frameworkApiEventData=FrameworkApiEventData(batterySaverState=EventData(value=false), extremeBatterySaverState=EventData(value=false)))
D/SystemEventDataSource( 2175): extra doesn't changed, no need to onEventSourceUpdate
I/NearbySharing( 2764): [NS_DEBUG] DiscoveryController stopped.
I/NearbySharing( 2764): NearbySharing Internal event ReceiveVisibilityChange(visibility=4)
I/NearbyMediums( 2764): Stopped BLE scanning, service-id=NearbySharing
I/NearbyMediums( 2764): [WifiAwareManagerHelper] Can't stop WiFi Aware subscribing because it was never started.
I/NearbyMediums( 2764): NFC discovery successfully stopped.
I/NearbySharing( 2764): Start advertising with mode SCREEN_OFF certificate visibility SELF_SHARE data usage preference ONLINE, bt advertising false, vendorId 0, deviceName included: false
I/NearbySharing( 2764): Uwb feature is off.
I/NearbySharing( 2764): Updating advertising options for [efbw@325cc84, effr@9d4b420, ealr@d81085b] providers
I/NearbySharing( 2764): Updating advertising options: AdvertisingOptions{mode=SCREEN_OFF, dataUsage=2, flowId=0, uwbSenderInfo=[], deviceType=1, bluetoothClassicEnabled=false, useStableIdentifiers=false, allowGattConnections=false, allowBleL2capConnections=false, vendorId=0, advertisePlaintextDeviceName=false, isPinCodeEnabled=false, listenOnly=false}
I/Mosey.A ( 6686): Mosey invoking UpdateAdvertising
I/Mosey.A ( 6686): update called.
I/Mosey.A ( 6686): execUpdate() called with options: AdvertisingOptions(mode=3, localDeviceName=, advertisePlaintextDeviceName=false, isPinCodeEnabled=false)
I/Mosey.A ( 6686): stopNsdAdvertising() called.
I/Mosey.A ( 6686): Event received: ContextReceiveUpdated(context=MoseyControllerContextImpl(sessionId=c05c1403-5d8f-4de5-8b6b-59187b2e7725, clientName=ReceiveProvider), isClosing=true, immediate=false, completer=dko{Active}@16d92f7)
I/NearbyConnections( 2764): No longer listening to visibility changes for client 149895119
I/Mosey.A ( 6686): Next state: Idle
I/Mosey.A ( 6686): State updated to: Idle
I/NearbySharing( 2764): External sharing provider has received status 0 for updateAdvertisingOptions
I/NearbySharing( 2764): External sharing provider has updated advertising options
I/NearbySharing( 2764): Updating advertising options: AdvertisingOptions{mode=SCREEN_OFF, dataUsage=2, flowId=0, uwbSenderInfo=[], deviceType=1, bluetoothClassicEnabled=false, useStableIdentifiers=false, allowGattConnections=false, allowBleL2capConnections=false, vendorId=0, advertisePlaintextDeviceName=false, isPinCodeEnabled=false, listenOnly=false}
I/NearbySharing( 2764): ReceiveProvider: Received request to update advertising.
I/NearbySharing( 2764): Updating advertising options: AdvertisingOptions{mode=SCREEN_OFF, dataUsage=2, flowId=0, uwbSenderInfo=[], deviceType=1, bluetoothClassicEnabled=false, useStableIdentifiers=false, allowGattConnections=false, allowBleL2capConnections=false, vendorId=0, advertisePlaintextDeviceName=false, isPinCodeEnabled=false, listenOnly=false}
I/grilcallback( 1009): HandGrip status updated successfully
D/GRIL-S  ( 2315): [1680]< UPDATE_DEVICE_STATE 
I/NearbySharing( 2764): Advertising has started with mode SCREEN_OFF, Bt enabled : false
I/NearbySharing( 2764): Stopping FastInitiation scanning because the screen is locked.
D/BluetoothAdapter( 2764): isLeEnabled(): ON
I/bt_shim_scanner( 2277): system/main/shim/le_scanning_manager.cc:182 ScanFilterParamSetup: in shim layer, clientIf=3
I/bt_shim_scanner( 2277): system/main/shim/le_scanning_manager.cc:182 ScanFilterParamSetup: in shim layer, clientIf=3
I/bt_shim_scanner( 2277): system/main/shim/le_scanning_manager.cc:144 Unregister: in shim layer, scannerId=3
I/NearbySharing( 2764): Stopped scanning for FastInitiation
I/NearbySharing( 2764): Fast Initiation Scanning has stopped
I/NearbySharing( 2764): Dismissing HUN as there's no device nearby.
I/NearbySharing( 2764): Loading certificates with visibility SELF_SHARE
I/NearbySharing( 2764): Saving the private certificate to file nearby_sharing_private_certificate_file_for_self.
I/NearbySharing( 2764): Network state changed: NetworkState(isRestricted=false, isOnline=true, isCongested=false, isMetered=false, isWifiConnected=true)
I/NearbySharing( 2764): Network state changed: NetworkState(isRestricted=false, isOnline=true, isCongested=false, isMetered=false, isWifiConnected=true)
I/NearbyConnections( 2764): ClientProxy(0p:com.google.android.gms.nearby.sharing) allow WebRtc to use mobile data.
I/NearbyConnections( 2764): Client 149895119 requested to update advertising options.
I/Nearby  ( 2764): (REDACTED) Note nearby client %s for operation %s
I/NearbyMediums( 2764): In ScanningCancellationFlag, service-id=NearbyConnections.TxAdvertisement is the last scanner to stop scanning. The flag has been cancelled.
D/BluetoothAdapter( 2764): isLeEnabled(): ON
I/NearbyMediums( 2764): Stopped BLE scanning, service-id=NearbyConnections.TxAdvertisement
I/NearbyConnections( 2764): [InstantConnectionPcpMgr] In invalidateTxAdvertisementScanning(by pre_updateAdvertising) tx advertisement scanning skipped or stopped for endpointId:VRIZ serviceId:NearbySharing isScreenUnlocked:false isAdvertising:true powerLevel:BALANCED isTxScanning:true
I/NearbyConnections( 2764): [PcpManager] In updateAdvertisingOptions() advertisingMediums:[BLE] upgradeMediums:[USB, WIFI_LAN, WIFI_DIRECT, WIFI_AWARE, WIFI_HOTSPOT, WEB_RTC, BLE_L2CAP, BLUETOOTH, BLE, NFC] requireRegisterWifiStatusChangedCallback:true
I/bt_shim_scanner( 2277): system/main/shim/le_scanning_manager.cc:182 ScanFilterParamSetup: in shim layer, clientIf=4
I/bt_shim_scanner( 2277): system/main/shim/le_scanning_manager.cc:182 ScanFilterParamSetup: in shim layer, clientIf=4
I/bt_shim_scanner( 2277): system/main/shim/le_scanning_manager.cc:182 ScanFilterParamSetup: in shim layer, clientIf=4
I/bt_shim_scanner( 2277): system/main/shim/le_scanning_manager.cc:150 Scan: in shim layer stopped
I/bt_shim_scanner( 2277): system/main/shim/le_scanning_manager.cc:315 SetScanParameters: in shim layer, scannerId1m=1, scannerIdCoded=0
I/bt_shim_scanner( 2277): system/main/shim/le_scanning_manager.cc:150 Scan: in shim layer started
I/bt_shim_scanner( 2277): system/main/shim/le_scanning_manager.cc:144 Unregister: in shim layer, scannerId=4
I/NearbyConnections( 2764): Instant Connection Security key rotated.
I/NearbyConnections( 2764): Scheduled invalidation of the HPKE key alarm (delayMillis:8000) for client 149895119
I/bluetooth( 2277): system/gd/hci/le_scanning_manager_impl.cc:774 stop_scan: Scanning already stopped, return. caller=configure_scan
I/bluetooth( 2277): system/gd/hci/le_address_manager.cc:269 unregister_client: Client unregistered
I/bluetooth( 2277): system/gd/hci/le_address_manager.cc:254 register_client: Client registered
I/NearbyConnections( 2764): Get local endpoint id from random generation FXWZ (last:VRIZ) for client 149895119
I/NearbyConnections( 2764): generateRxInstantConnectionAdvBytes() returns null because in advertisingMediums: [BLE], there is no instant connection supported medium available for advertising.
E/BtScan.ScanController( 2277): onScanParamSetupCompleted(): App callback null for ScannerApp(uid=10325, name=com.thetileapp.tile)
I/bt_shim_advertiser( 2277): system/main/shim/le_advertising_manager.cc:77 Unregister: in shim layer
I/bluetooth( 2277): bluetooth_private_gatt::gatt::server::isolation_manager: removing server (if any) associated with advertiser AdvertiserId(2)
I/NearbyMediums( 2764): Device token rotated, old deviceToken : [ 0x82 0xcc ].
I/bt_shim_advertiser( 2277): system/main/shim/le_advertising_manager.cc:77 Unregister: in shim layer
I/bluetooth( 2277): bluetooth_private_gatt::gatt::server::isolation_manager: removing server (if any) associated with advertiser AdvertiserId(1)
D/BluetoothAdapter( 2764): isLeEnabled(): ON
I/bluetooth( 2277): system/gd/hci/le_address_manager.cc:269 unregister_client: Client unregistered
I/bthal.activity(  964): LogActivities: Disable LE Scanning, 0x2042
I/bthal.debug_central(  964): Command Complete Event of LE_SET_EXTENDED_SCAN_ENABLE, opcode:2042
I/bthal.flowcontrol(  964): HciEventPreProcess: HCI Event 0xe Opcode 0x2042 Length 6 unhandled by LeSetExtentedScanEnableEvent
I/bthal.activity(  964): LogActivities: Other ScanMode, ratio:20
I/bt_shim_advertiser( 2277): system/main/shim/le_advertising_manager.cc:158 StartAdvertisingSet: in shim layer
I/bt_shim_advertiser( 2277): system/main/shim/le_advertising_manager.cc:185 StartAdvertisingSet: create advertising set, client_id:255, reg_id:-654
I/bthal.activity(  964): LogActivities: Enable LE Scanning, 0x2042
I/bluetooth( 2277): system/gd/hci/le_advertising_manager_impl.cc:421 allocate_advertiser: Removing advertiser id 0 from removed advertisers.
I/bluetooth( 2277): system/gd/hci/le_advertising_manager_impl.cc:663 create_extended_advertiser_with_id: Scheduling address rotation for advertiser_id=0
I/bluetooth( 2277): system/gd/hci/le_address_manager.cc:557 GetNextPrivateAddressIntervalRange: client=advertising_set_0, nonwake=7m39s, wake=13m32s
I/bluetooth( 2277): system/gd/hci/le_address_manager.cc:254 register_client: Client registered
I/bthal.debug_central(  964): Command Complete Event of LE_SET_EXTENDED_SCAN_ENABLE, opcode:2042
I/bthal.flowcontrol(  964): HciEventPreProcess: HCI Event 0xe Opcode 0x2042 Length 6 unhandled by LeSetExtentedScanEnableEvent
I/bluetooth( 2277): system/gd/hci/le_advertising_manager_impl.cc:1735 on_set_advertising_set_random_address_complete: update random address for advertising set 0 : xx:xx:xx:xx:a8:e4
I/NearbyMediums( 2764): [InstantOnLostManager] Start instant onLost extended advertising, hashes = [ 0xc9 0x7b 0xe3 0xc0 ].
I/NearbyMediums( 2764): Successfully stopped BLE advertising for service NearbySharing
I/serviceDiscovery( 1509): [MdnsAdvertiser] Removing service with ID 331
I/WifiService( 1509): releaseMulticastLock uid=10153 lockTag=nearby-connections-158541478
I/Nearby  ( 2764): (REDACTED) NsdManagerCompat released multicast lock %d.
D/TelephonyManager( 1509): requestModemActivityInfo: Sending result to app: ModemActivityInfo{ mTimestamp=72688262 mSleepTimeMs=66121117 mIdleTimeMs=2048562 mActivityStatsTechSpecificInfo=[{mRat=GERAN,mFrequencyRange=UNKNOWN,mTxTimeMs[]=[0, 0, 0, 0, 0],mRxTimeMs=268}, {mRat=UTRAN,mFrequencyRange=UNKNOWN,mTxTimeMs[]=[0, 0, 0, 0, 0],mRxTimeMs=0}, {mRat=EUTRAN,mFrequencyRange=UNKNOWN,mTxTimeMs[]=[63278, 34196, 117166, 23870, 20873],mRxTimeMs=4503219}, {mRat=NGRAN,mFrequencyRange=HIGH,mTxTimeMs[]=[0, 0, 0, 0, 0],mRxTimeMs=0}, {mRat=NGRAN,mFrequencyRange=MMWAVE,mTxTimeMs[]=[0, 0, 0, 0, 0],mRxTimeMs=0}, {mRat=UNKNOWN,mFrequencyRange=UNKNOWN,mTxTimeMs[]=[0, 0, 0, 0, 0],mRxTimeMs=0}]}
I/NearbyMediums( 2764): Stopped Wifi LAN advertising.
I/WifiHAL ( 1017): Creating message to get link statistics; iface = 47
I/NearbyMediums( 2764): Stopped listening for incoming Wifi Lan connections.
E/NearbyMediums( 2764): MEDIUM_ERROR [SYSTEM][WIFI_LAN][START_LISTENING_INCOMING_CONNECTION][ACCEPT_CONNECTION_FAILED][SOCKET_CLOSED], service-id=NearbySharing
E/NearbyMediums( 2764): Extra Sensitive/PII message : Socket closed
I/NearbyMediums( 2764): BLE extended advertising not started.
D/BluetoothAdapter( 2764): isLeEnabled(): ON
I/bt_shim_advertiser( 2277): system/main/shim/le_advertising_manager.cc:158 StartAdvertisingSet: in shim layer
I/bluetooth( 2277): system/gd/hci/le_advertising_manager_impl.cc:421 allocate_advertiser: Removing advertiser id 1 from removed advertisers.
I/bluetooth( 2277): system/gd/hci/le_advertising_manager_impl.cc:663 create_extended_advertiser_with_id: Scheduling address rotation for advertiser_id=1
I/bluetooth( 2277): system/gd/hci/le_address_manager.cc:557 GetNextPrivateAddressIntervalRange: client=advertising_set_1, nonwake=7m48s, wake=13m18s
I/bt_shim_advertiser( 2277): system/main/shim/le_advertising_manager.cc:185 StartAdvertisingSet: create advertising set, client_id:255, reg_id:-655
I/bluetooth( 2277): system/gd/hci/le_advertising_manager_impl.cc:1735 on_set_advertising_set_random_address_complete: update random address for advertising set 1 : xx:xx:xx:xx:e6:ce
I/NearbyMediums( 2764): Started BLE Legacy advertising. Regular Header Advertised : false, Fast Advertised : true, AdvertisingSettings : BleAdvertisingSetting{powerLevel= LOW_POWER, isConnectable= false, isPrivateGatt= true}, isAcceptingConnection : false
I/NearbyMediums( 2764): Successfully started BLE advertising of size 23 for service NearbySharing, deviceToken : [ 0x7e 0xec ].
I/NearbyMediums( 2764): [WifiNetworkV2] WifiStatusChangedCallback unregistered for NearbySharing (wifiStatusChangedCallbacks.size:0)
I/NearbyConnections( 2764): [InstantConnectionPcpMgr] In invalidateTxAdvertisementScanning(by final_updateAdvertising) tx advertisement scanning skipped or stopped for endpointId: serviceId:NearbySharing isScreenUnlocked:false isAdvertising:true powerLevel:LOW isTxScanning:false
I/NearbySharing( 2764): [broadcast provider] advertising options updated (BroadcastProviderOptions(powerLevel=1, flowId=5521992320651253615, uwbSenderInfo=[], deviceType=1, advertisingMediums=[4], upgradeMediums=[11, 5, 8, 6, 3, 9, 10, 2, 4, 7], useStableIdentifiers=false, allowBluetoothRadioToggling=false, allowWifiRadioToggling=false, enableBleL2capListening=false, allowGattConnections=false, enableFastAdvertisement=true, listenOnly=false)).
I/NearbySharing( 2764): [ClearcutLog] ADVERTISE_DEVICE_PRESENCE_START sessionId=0 flowId=5521992320651253615 sessionStatus: 1, visibility: 5
I/NearbySharing( 2764): NearbySharing Internal event ReceiveManagerUpdate(mode=1, isEveryoneMode=false, dataUsage=2, useQrCode=false, success=true)
D/SurfaceFlinger(  552): Finished setting power mode 0 on physical display 4619827677550801152
I/suez-nanoapp-clients(  992): Disabling ip_health nanoapp.
W/hwc-display(  554): [PrimaryDisplay,pid=992,blob#396,chan#0] HistogramDevice::checkQueryResult: DISPLAY_POWEROFF, data is not available
D/usf_sensor_hal(  992): [p0]DISPLAY_POWEROFF
D/SurfaceControl( 1509): Excessive delay in setPowerMode()
I/LocalDisplayAdapter( 1509): SF.setDisplayPowerMode took 151ms
I/PowerGroup( 1509): dreamManagerAttemptedDozing status changed to true for group 0
I/DreamManagerService( 1509): Entering dreamland.
I/PowerManagerService( 1509): Dozing...
D/AOC     ( 1205): A3:MSG: tmd3719_device.cc, 4540: USF: TMD3719: dbv:0 leakage:0.000000 refresh_rate:0 status:0 op_hz:60 [1]
D/AOC     ( 1205): A3:MSG: usf_vsc_log.cc, 69: VSC: [BINNED_BRIGHTNESS] Display[0] state changed to 0 (lux:92.404854)
D/AOC     ( 1205): CHRE: DRAM vote count begins
D/AOC     ( 1205): A3:MSG: tmd3719_device.cc, 4186: USF: TMD3719: [PROX]New PPERS: 1
I/DreamController( 1509): Starting dream: name=ComponentInfo{com.android.systemui/com.android.systemui.doze.DozeService}, isPreviewMode=false, canDoze=true, userId=0, reason='power manager request'
D/CHRE    (  967): @ 72735.166: Parsed nanoapp message from host: app ID 0x476f6f676c001022 endpoint 0x8042 msgType 2 payload size 0
D/AOC     ( 1205): CHRE: DRAM vote count ends: 0 ms
D/AOC     ( 1205): CHRE: DRAM vote count begins
D/AOC     ( 1205): A3:MSG: usf_sensor.cc, 1881: USF: Received stop sampling request for ICP20100 Pressure Sensor (active:0).
D/AOC     ( 1205): A3:MSG: icp20100_device.cc, 190: USF: ICP20100: Temperature stops sampling.
D/AOC     ( 1205): A3:MSG: icp20100_device.cc, 160: USF: ICP20100: Barometer stops sampling.
I/WifiHAL ( 1017): Getting cached scan results, iface handle = 0xb4000072f282ed50
E/WifiHAL ( 1017): Creating message to get cached scan results
I/CHRE    (  967): @ 72735.169: [ip] Received message from host endpoint 0x8042 of type 2 and size 0.
I/CHRE    (  967): @ 72735.169: [ip] App disabled by host.
D/AOC     ( 1205): CHRE: DRAM vote count ends: 0 ms
I/WifiHAL ( 1017): In GetCachedScanResultsCommand::handleResponse
E/WifiHAL ( 1017): Setting APF program, halHandle = 0xb4000072f282ed50
E/WifiHAL ( 1017): Set apf filter for iface = wlan0
I/WifiHAL ( 1017): createRequest: APF set program request
I/WifiHAL ( 1017): mProgramLen : 2518
I/Lyric   (  965): face_authentication_controller.cc:69: FaceAuthPreAllocation Finished
D/DLObserver( 2175): add listener: com.android.systemui.doze.DozeTriggers$DockEventListener@bbd8fd3
D/SbStateController( 2175): setState: requested state KEYGUARD!= upcomingState: SHADE. This usually means the status bar state transition was interrupted before the upcoming state could be applied.
D/KeyguardViewMediator( 2175): updateActivityLockScreenState(false, true, setDozing)
D/WindowManager( 1509): Add SleepToken: tag=keyguard, displayId=0
E/NotifRow( 2175): Magnetic state changed from IDLE to IDLE on a null swiped listener, or the logging key of the listener is null
V/WindowManagerShell( 2175): Transition requested (#2040): android.os.BinderProxy@3b0cc0e TransitionRequestInfo { type = TO_FRONT, triggerTask = null, pipChange = null, remoteTransitionInfo = null, displayChanges = null, requestedLocation = null, userChange = null, windowingLayerChange = null, fullscreenRequestChange = null, flags = 32768, debugId = 2040 }
W/DisconnectHandler( 2175): No disconnect change found in the transition, not handling request.
V/ShellDesktopMode( 2175): DesktopTasksController: skipping handleRequest reason=triggerTask is null
D/MediaViewHolder( 2175): marquee while longPressText.getHandler() is null
D/MediaViewHolder( 2175): java.lang.Exception
D/MediaViewHolder( 2175): 	at com.android.systemui.media.controls.ui.view.MediaViewHolder.marquee(go/retraceme 109b9d95419d40ed7f94ba06f2e494aa100aa2b80b21457e78a8af5d54598634:12)
D/MediaViewHolder( 2175): 	at com.android.systemui.media.controls.ui.controller.MediaControlPanel.closeGuts(go/retraceme 109b9d95419d40ed7f94ba06f2e494aa100aa2b80b21457e78a8af5d54598634:5)
D/MediaViewHolder( 2175): 	at com.android.systemui.media.controls.ui.controller.MediaCarouselController.closeGuts(go/retraceme 109b9d95419d40ed7f94ba06f2e494aa100aa2b80b21457e78a8af5d54598634:29)
D/MediaViewHolder( 2175): 	at com.android.systemui.media.controls.ui.controller.MediaHierarchyManager$setUpListenersAndCallbacks$2.onDozingChanged(go/retraceme 109b9d95419d40ed7f94ba06f2e494aa100aa2b80b21457e78a8af5d54598634:30)
D/MediaViewHolder( 2175): 	at com.android.systemui.statusbar.phone.DozeServiceHost.updateDozing(go/retraceme 109b9d95419d40ed7f94ba06f2e494aa100aa2b80b21457e78a8af5d54598634:106)
D/MediaViewHolder( 2175): 	at com.android.systemui.statusbar.phone.CentralSurfacesImpl$16.onStateChanged(go/retraceme 109b9d95419d40ed7f94ba06f2e494aa100aa2b80b21457e78a8af5d54598634:9)
D/MediaViewHolder( 2175): 	at com.android.systemui.statusbar.StatusBarStateControllerImpl.setState(go/retraceme 109b9d95419d40ed7f94ba06f2e494aa100aa2b80b21457e78a8af5d54598634:229)
D/MediaViewHolder( 2175): 	at com.android.systemui.statusbar.phone.CentralSurfacesImpl.updateIsKeyguard(go/retraceme 109b9d95419d40ed7f94ba06f2e494aa100aa2b80b21457e78a8af5d54598634:142)
D/MediaViewHolder( 2175): 	at com.android.systemui.doze.DozeUi.transitionTo(go/retraceme 109b9d95419d40ed7f94ba06f2e494aa100aa2b80b21457e78a8af5d54598634:376)
D/MediaViewHolder( 2175): 	at com.android.systemui.doze.DozeMachine.transitionTo(go/retraceme 109b9d95419d40ed7f94ba06f2e494aa100aa2b80b21457e78a8af5d54598634:430)
D/MediaViewHolder( 2175): 	at com.android.systemui.doze.DozeMachine.requestState(go/retraceme 109b9d95419d40ed7f94ba06f2e494aa100aa2b80b21457e78a8af5d54598634:79)
D/MediaViewHolder( 2175): 	at com.android.systemui.doze.DozeMachine.requestState(go/retraceme 109b9d95419d40ed7f94ba06f2e494aa100aa2b80b21457e78a8af5d54598634:93)
D/MediaViewHolder( 2175): 	at com.android.systemui.doze.DozeService.onDreamingStarted(go/retraceme 109b9d95419d40ed7f94ba06f2e494aa100aa2b80b21457e78a8af5d54598634:7)
D/MediaViewHolder( 2175): 	at android.service.dreams.DreamService.lambda$attach$4(DreamService.java:1616)
D/MediaViewHolder( 2175): 	at android.service.dreams.DreamService.$r8$lambda$EnTA56MuqG-Lc2_Dn1XOtb2UP4k(DreamService.java:0)
D/MediaViewHolder( 2175): 	at android.service.dreams.DreamService$$ExternalSyntheticLambda6.run(D8$$SyntheticClass:0)
D/MediaViewHolder( 2175): 	at android.service.dreams.DreamService.attach(DreamService.java:1656)
D/MediaViewHolder( 2175): 	at android.service.dreams.DreamService.-$$Nest$mattach(DreamService.java:0)
D/MediaViewHolder( 2175): 	at android.service.dreams.DreamService$DreamServiceWrapper.lambda$attach$1(DreamService.java:1870)
D/MediaViewHolder( 2175): 	at android.service.dreams.DreamService$DreamServiceWrapper$$ExternalSyntheticLambda0.accept(D8$$SyntheticClass:0)
D/MediaViewHolder( 2175): 	at android.service.dreams.DreamService$DreamServiceWrapper.lambda$post$0(DreamService.java:1862)
D/MediaViewHolder( 2175): 	at android.service.dreams.DreamService$DreamServiceWrapper$$ExternalSyntheticLambda3.run(D8$$SyntheticClass:0)
D/MediaViewHolder( 2175): 	at android.os.Handler.handleCallback(Handler.java:1095)
D/MediaViewHolder( 2175): 	at android.os.Handler.dispatchMessageImpl(Handler.java:135)
D/MediaViewHolder( 2175): 	at android.os.Handler.dispatchMessage(Handler.java:125)
D/MediaViewHolder( 2175): 	at android.os.Looper.loopOnce(Looper.java:296)
D/MediaViewHolder( 2175): 	at android.os.Looper.loop(Looper.java:397)
D/MediaViewHolder( 2175): 	at android.app.ActivityThread.main(ActivityThread.java:9523)
D/MediaViewHolder( 2175): 	at java.lang.reflect.Method.invoke(Native Method)
D/MediaViewHolder( 2175): 	at com.android.internal.os.RuntimeInit$MethodAndArgsCaller.run(RuntimeInit.java:575)
D/MediaViewHolder( 2175): 	at com.android.internal.os.ZygoteInit.main(ZygoteInit.java:939)
V/WindowManagerShell( 2175): onTransitionReady(transaction=6481105855114)
V/WindowManagerShell( 2175): onTransitionReady (#2040) android.os.BinderProxy@3b0cc0e: {id=2040 t=TO_FRONT f=0x8000 trk=0 r=[] c=[]}
D/InsetsController( 2175): Setting requestedVisibleTypes to 501 (was 503)
V/WindowManager( 1509): Sent Transition (#2040) createdAt=09-04 19:40:35.326 via request=TransitionRequestInfo { type = TO_FRONT, triggerTask = null, pipChange = null, remoteTransitionInfo = null, displayChanges = null, requestedLocation = null, userChange = null, windowingLayerChange = null, fullscreenRequestChange = null, flags = 32768, debugId = 2040 }
V/WindowManager( 1509):     startWCT=WindowContainerTransaction { changes= {} hops= [] flags= 0 errorCallbackToken=null taskFragmentOrganizer=null }
V/WindowManagerShell( 2175): FocusTransitionObserver: Updating focus state for transition #2040
D/DLIndicator( 2175): onDozingChanged(true)
D/DLIndicator( 2175): updateVisibility(), mDozing=true, mDocking=false, mTopIconShowing=false, mViewAttached=true
V/ShellDesktopMode( 2175): DesktopModeLogger: taskInfo map after processing changes 0
V/WindowManagerShell( 2175): Playing animation for (#2040) android.os.BinderProxy@3b0cc0e@0
V/WindowManager( 1509):     info={id=2040 t=TO_FRONT f=0x8000 trk=0 r=[] c=[]}
V/WindowManagerShell( 2175): start keyguard appearing transition, info = {id=2040 t=TO_FRONT f=0x8000 trk=0 r=[] c=[]}
D/KeyguardService( 2175): Starts IRemoteAnimationRunner: info={id=2040 t=TO_FRONT f=0x8000 trk=0 r=[] c=[]}
D/KeyguardService( 2175): Unexpected transit type: 3
D/KeyguardService( 2175): Finish IRemoteAnimationRunner.
V/WindowManagerShell( 2175):  animated by com.android.wm.shell.keyguard.KeyguardTransitionHandler@8b0599b
V/WindowManagerShell( 2175): Transition animation finished (aborted=false), notifying core (#2040) android.os.BinderProxy@3b0cc0e@0
V/WindowManager( 1509): Finish Transition (#2040): created at 09-04 19:40:35.326 collect-started=0.026ms request-sent=0.045ms started=3.283ms ready=3.279ms sent=4.018ms finished=8.011ms
V/WindowManagerShell( 2175): Track 0 became idle
V/WindowManagerShell( 2175): All active transition animations finished
D/KeyguardService( 2175): setOccluded(false)
D/KeyguardViewMediator( 2175): setOccluded(false)
D/DLIndicator( 2175): onStateChanged(1)
D/DLIndicator( 2175): updateVisibility(), mDozing=true, mDocking=false, mTopIconShowing=false, mViewAttached=true
I/AiAiEcho( 4286): (REDACTED) Settings changed for uri: %s
I/AiAiEcho( 4286): (REDACTED) #postPredictionTargets: Sending updates to UISurface %s with targets# %s (types=[%s])
I/AiAiEcho( 4286): (REDACTED) #postPredictionTargets: Sending updates to UISurface %s with targets# %s (types=[%s])
I/AiAiEcho( 4286): (REDACTED) #postPredictionTargets: Sending updates to UISurface %s with targets# %s (types=[%s])
D/ShadeStatusBarComponentsInteractor#disableFlagsInteractor( 2175): newValue: DisableFlagsModel(disable1=0, disable2=0, animate=false)
I/AiAiEcho( 4286): (REDACTED) #postPredictionTargets: Sending updates to UISurface %s with targets# %s (types=[%s])
D/DLObserver( 2175): add listener: com.android.systemui.doze.DozeDockHandler$DockEventListener@b907372
I/AmbientCueRepository( 2175): Receiving SmartSpace targets # 0
V/DreamService[DozeService]( 2175): UpdateDoze mDozeScreenState=1 mDozeScreenBrightness=0.0
D/DLObserver( 2175): onDockEvent mDockState = 0
D/DreamManagerService( 1509): Dream requested to start dozing: android.os.Binder@6b4c99b, screenState=OFF, reason=UNKNOWN, screenBrightness=0.0, useNormalBrightnessForDoze=false
I/DisplayPowerController[0]( 1509): BrightnessEvent: brt=0.0(0.0%), nits=2.0, lux=-1.0, reason=screen_off, strat=ScreenOffBrightnessStrategy, state=OFF, stateReason=UNKNOWN, policy=DOZE, flags=, initBrt=0.0, rcmdBrt=NaN, preBrt=NaN, preLux=0.0, wasShortTermModelActive=false, autoBrightness=true (default), unclampedBrt=-1.0, hbmMax=0.57, hbmMode=off, thrmMax=1.0, rbcStrength=50, powerFactor=1.0, physDisp=内蔵スクリーン(local:4619827677550801152), logicalId=0, slowChange=false, rampSpeed=0.0, colorTemp=NaN, thermalStatus=none
D/usf_sensor_hal(  992): device pickup: Enter Batch. Period = 1000000, latency = 0.
D/usf_sensor_hal(  992): device pickup: Enter Activate. Enable = 1.
I/ndroid.systemui( 2175): NativeAlloc concurrent mark compact GC freed 5929KB AllocSpace bytes, 0(0B) LOS objects, 80% free, 50MB/256MB, paused 381us,1.474ms total 256.491ms
D/AOC     ( 1205): A3:MSG: usf_sensor.cc, 1866: USF: Received start sampling request for Lift to Wake Sensor (active:1).
D/AOC     ( 1205): A3:MSG: vsc_sensor.cc, 37: VSC: [Lift to Wake Sensor] enable: period 1, latency = 0
D/AOC     ( 1205): A3:MSG: usf_sensor.cc, 1866: USF: Received start sampling request for TMD3719 Proximity (active:2).
I/Surface ( 2175): Creating surface for consumer unnamed-2175-1419 with slotExpansion=1 for 64 slots
D/AOC     ( 1205): A3:MSG: usf_sensor.cc, 1881: USF: Received stop sampling request for TMD3719 Proximity (active:1).
I/Surface ( 2175): Creating surface for consumer VRI[NotificationShade]#1314(BLAST Consumer)1314 with slotExpansion=1 for 64 slots
D/AOC     ( 1205): A3:MSG: usf_vsc_log.cc, 69: VSC: [Lift_to_Wake] Enable Lift to Wake gesture : 1
D/AOC     ( 1205): A3:MSG: usf_sensor.cc, 1866: USF: Received start sampling request for LSM6DSV Accelerometer (active:5).
W/View    ( 2175): requestLayout() improperly called by com.android.keyguard.CarrierText{1c1ae5e V.ED..... ......ID 70,0-485,151 #7f0a047f app:id/keyguard_carrier_text} during layout: running second layout pass
D/AOC     ( 1205): A3:MSG: lsm6dsv_device.cc, 732: USF: Lsm6dsvDevice: Sensor 0: Enabled 1, odr_index 6, period_ns 10000000.
D/AOC     ( 1205): A3:MSG: lsm6dsv_fifo.cc, 755: USF: Lsm6dsvFifo: ODR: XL/G/T/TS: 120/60/15/15 WM: 3 Intr: 70.
D/AOC     ( 1205): A3:MSG: lsm6dsv_device.cc, 641: USF: Lsm6dsvDevice: Fifo was disabled for 762330ns.
D/WindowManager( 1509): setClientSurface Surface(name=VRI-NotificationShade#88)/@0x5d8d113 for 2ca8366 NotificationShade
D/AOC     ( 1205): A3:MSG: usf_sensor.cc, 1866: USF: Received start sampling request for LSM6DSV Gyroscope (active:2).
D/AOC     ( 1205): A3:MSG: lsm6dsv_device.cc, 732: USF: Lsm6dsvDevice: Sensor 1: Enabled 1, odr_index 5, period_ns 20000000.
D/AOC     ( 1205): A3:MSG: lsm6dsv_fifo.cc, 755: USF: Lsm6dsvFifo: ODR: XL/G/T/TS: 120/60/15/15 WM: 3 Intr: 70.
D/AOC     ( 1205): A3:MSG: lsm6dsv_device.cc, 641: USF: Lsm6dsvDevice: Fifo was disabled for 533813ns.
D/KeyguardViewMediator( 2175): handleSetOccluded(false)
D/KeyguardViewMediator( 2175): KeyguardViewMediator queue processing message: SET_OCCLUDED
D/DLObserver( 2175): onDockEvent mDockState = 0
W/System  ( 2175): A resource failed to call release. 
D/AOC     ( 1205): A3:MSG: usf_sensor.cc, 1866: USF: Received start sampling request for LSM6DSV Stationary Detect (active:1).
D/AOC     ( 1205): A3:MSG: lsm6dsv_device.cc, 732: USF: Lsm6dsvDevice: Sensor 4: Enabled 1, odr_index 1, period_ns 500000000.
D/KeyguardViewMediator( 2175): KeyguardViewMediator queue processing message: NOTIFY_FINISHED_GOING_TO_SLEEP
D/AOC     ( 1205): A3:MSG: lsm6dsv_fifo.cc, 755: USF: Lsm6dsvFifo: ODR: XL/G/T/TS: 120/60/15/15 WM: 3 Intr: 70.
D/AOC     ( 1205): A3:MSG: lsm6dsv_device.cc, 252: USF: Lsm6dsvDevice: Config sampling too slow. Took 669393ns.
W/System  ( 2175): A resource failed to call release. 
D/AOC     ( 1205): A3:MSG: lsm6dsv_device.cc, 641: USF: Lsm6dsvDevice: Fifo was disabled for 669393ns.
D/AOC     ( 1205): A3:MSG: lsm6dsv_device.cc, 732: USF: Lsm6dsvDevice: Sensor 4: Enabled 0, odr_index 0, period_ns 0.
D/DeviceEntryIconViewBinder( 2175): Initializing device entry fgIconView
I/PowerManagerService( 1509): onFlip(): Face up.
D/ContextualAwarenessService( 2309): Before dispatching ACTION_SCREEN_OFF onReceive work to background
D/ContextualAwarenessService( 2309): After dispatching ACTION_SCREEN_OFF onReceive work to background
D/NfcService( 2395): applyScreenState: screenState = OFF_UNLOCKED
D/NfcService( 2395): applyScreenState: screenState != mScreenState=8
I/SHANNON_IMS( 2398): 9114 [PROX] onReceive: intent= [Intent { act=android.intent.action.SCREEN_OFF flg=0x50200010 }] (ConnectivityBroadcastReceiver%onReceive:91)
D/NfcService( 2395): handleMessage: MSG_APPLY_SCREEN_STATE OFF_UNLOCKED
D/ContextualAwarenessService( 2309): Before ACTION_SCREEN_OFF onReceive work
D/ContextualAwarenessService( 2309): After ACTION_SCREEN_OFF onReceive work
D/libnfc_nci( 2395): nfcManager_doSetScreenState: state = 1 sPrevScreenStateMask= 24, screen_state_mask= 1
D/libnfc_nci( 2395): nfcManager_doSetScreenState: discovry_param = 0x00
D/libnfc_nci( 2395): nfcManager_doSetScreenState: wait for gNfaSetConfigEvent
D/usf_sensor_hal(  992): proximity gated single tap: Enter Batch. Period = 1000000, latency = 0.
D/AOC     ( 1205): A3:MSG: lsm6dsv_fifo.cc, 755: USF: Lsm6dsvFifo: ODR: XL/G/T/TS: 120/60/15/15 WM: 3 Intr: 70.
D/AOC     ( 1205): A3:MSG: lsm6dsv_device.cc, 641: USF: Lsm6dsvDevice: Fifo was disabled for 585572ns.
D/AOC     ( 1205): A3:MSG: usf_sensor.cc, 2453: USF: Sampling configuration 10745 not found.
D/AOC     ( 1205): A3:MSG: usf_sensor_client.cc, 159: USF: Received kErrNotFound when disabling one shot sensor.
D/AOC     ( 1205): A3:MSG: usf_sensor.cc, 1881: USF: Received stop sampling request for LSM6DSV Accelerometer (active:4).
D/AOC     ( 1205): A3:MSG: lsm6dsv_device.cc, 732: USF: Lsm6dsvDevice: Sensor 0: Enabled 1, odr_index 6, period_ns 10000000.
D/AOC     ( 1205): A3:MSG: lsm6dsv_fifo.cc, 755: USF: Lsm6dsvFifo: ODR: XL/G/T/TS: 120/60/15/15 WM: 3 Intr: 70.
D/AOC     ( 1205): A3:MSG: lsm6dsv_device.cc, 641: USF: Lsm6dsvDevice: Fifo was disabled for 338786ns.
D/AOC     ( 1205): A3:MSG: usf_sensor.cc, 1881: USF: Received stop sampling request for LSM6DSV Gyroscope (active:1).
D/AOC     ( 1205): A3:MSG: lsm6dsv_device.cc, 732: USF: Lsm6dsvDevice: Sensor 1: Enabled 1, odr_index 5, period_ns 20000000.
D/AOC     ( 1205): A3:MSG: lsm6dsv_fifo.cc, 755: USF: Lsm6dsvFifo: ODR: XL/G/T/TS: 120/60/15/15 WM: 10 Intr: 21.
D/AOC     ( 1205): A3:MSG: lsm6dsv_device.cc, 641: USF: Lsm6dsvDevice: Fifo was disabled for 451823ns.
D/BiometricService( 1509): canAuthenticate: User=0, Caller=0, Authenticators=255
I/AppSlicerService( 2309): Received Screen Off intent 
D/SystemEventDataSource( 2175): onReceive: intentAction
D/usf_sensor_hal(  992): proximity gated single tap: Enter Activate. Enable = 1.
D/AOC     ( 1205): A3:MSG: usf_sensor.cc, 1866: USF: Received start sampling request for Proximity Gated Single Tap Gesture (active:1).
D/BiometricService/PreAuthInfo( 1509): Package: com.android.systemui Sensor ID: 1 Modality: 8 User id: 0 Status: 1
D/AOC     ( 1205): A3:MSG: vsc_sensor.cc, 37: VSC: [Proximity Gated Single Tap Gesture] enable: period 1, latency = 0
D/BiometricService/PreAuthInfo( 1509): Package: com.android.systemui Sensor ID: 0 Modality: 2 User id: 0 Status: 1
D/BiometricService/PreAuthInfo( 1509): getCanAuthenticateInternal Modality: 10 AuthenticatorStatus: 1
D/AuthService( 1509): canAuthenticate, userId: 0, callingUserId: 0, authenticators: 255, result: 0
D/AOC     ( 1205): A3:MSG: usf_sensor.cc, 1866: USF: Received start sampling request for TMD3719 Proximity (active:2).
D/DLObserver( 2175): add listener: com.android.systemui.dock.DockManagerExtensionsKt$retrieveIsDocked$1$callback$1@2e5ef7e
D/DLObserver( 2175): add listener: com.android.systemui.dock.DockManagerExtensionsKt$retrieveIsDocked$1$callback$1@4538cdf
D/DLObserver( 2175): add listener: com.android.systemui.dock.DockManagerExtensionsKt$retrieveIsDocked$1$callback$1@ff91d2c
D/DLObserver( 2175): add listener: com.android.systemui.dock.DockManagerExtensionsKt$retrieveIsDocked$1$callback$1@ffd03f5
D/DLObserver( 2175): add listener: com.android.systemui.dock.DockManagerExtensionsKt$retrieveIsDocked$1$callback$1@a6d858a
D/DLObserver( 2175): add listener: com.android.systemui.dock.DockManagerExtensionsKt$retrieveIsDocked$1$callback$1@20e17fb
D/libnfc_nci( 2395): nfaDeviceManagementCallback: enter; event=0x2
D/libnfc_nci( 2395): nfaDeviceManagementCallback: NFA_DM_SET_CONFIG_EVT
D/AOC     ( 1205): A3:MSG: usf_sensor.cc, 1866: USF: Received start sampling request for Touch Single Tap Sensor (active:1).
D/AOC     ( 1205): A3:MSG: usf_touch_device.cc, 199: gtd: Host enables sensor, type: 1.
D/AOC     ( 1205): A3:MSG: usf_touch_device.cc, 593: gtd: Bus: 1, Host: 1; Enabled: 0.
D/AOC     ( 1205): A3:MSG: gtx_hw.cc, 401: UTD-GTX: Enter gesture mode
D/ControlsListingControllerImpl( 2175): Subscribing callback, service count: 2
D/SystemEventDataSource( 2175): updatedEventData: SystemEventData(intentAction=android.intent.action.SCREEN_OFF, plugged=EventData(value=0), batteryScale=EventData(value=100), batteryLevel=EventData(value=21), chargingStatus=EventData(value=1), maxChargingCurrent=EventData(value=0), maxChargingVoltage=EventData(value=0), batteryStatus=EventData(value=3), halEventData=HalEventData(dockDefendStatus=EventData(value=-3), tempDefendEventData=EventData(value=false), dwellDefendEventData=EventData(value=false)), settingsEventData=SettingsEventData(dockDefenderBypass=EventData(value=0), chargingLimitSettings=EventData(value=0), dndState=EventData(value=false), airplaneState=EventData(value=false)), frameworkApiEventData=FrameworkApiEventData(batterySaverState=EventData(value=false), extremeBatterySaverState=EventData(value=false)))
D/ChargingLimitEventModule( 2175): validate()=false, chargingStatus=1
D/DwellDefendBatteryModule( 2175): validate: false -> false
D/TempDefendBatteryModule( 2175): validate: false -> false
D/AOC     ( 1205): A3:MSG: usf_vsc_log.cc, 69: VSC: gti: [STTW] prox state far
D/NfcNciHalWrapper( 1001): nfc_set_state 5->11
D/libnfc_nci( 2395): nfaDeviceManagementCallback: enter; event=0xB
D/libnfc_nci( 2395): nfaDeviceManagementCallback: NFA_DM_SET_POWER_SUB_STATE_EVT; status=0x0
D/libnfc_nci( 2395): nativeNfcTag_doDisconnect: enter
W/libnfc_nci( 2395): nativeNfcTag_doDisconnect: tag already deactivated
D/libnfc_nci( 2395): nativeNfcTag_doDisconnect: exit
D/DLObserver( 2175): onDockEvent mDockState = 0
D/DLObserver( 2175): onDockEvent mDockState = 0
D/DLObserver( 2175): onDockEvent mDockState = 0
D/DLObserver( 2175): onDockEvent mDockState = 0
D/DLObserver( 2175): onDockEvent mDockState = 0
D/DLObserver( 2175): onDockEvent mDockState = 0
D/SystemServerTiming( 1509): getUserSwitchability-0
D/SystemServerTiming( 1509): TM.isInCall
D/AOC     ( 1205): A3:MSG: usf_touch_device.cc, 345: gtd: Device is enabled.
D/usf_sensor_hal(  992): quick pickup: Enter Batch. Period = 1000000, latency = 0.
D/SystemServerTiming( 1509): hasUserRestriction-DISALLOW_USER_SWITCH
D/usf_sensor_hal(  992): quick pickup: Enter Activate. Enable = 1.
D/SystemServerTiming( 1509): getInt-ALLOW_USER_SWITCHING_WHEN_SYSTEM_USER_LOCKED
D/SystemServerTiming( 1509): getUserSwitchability-0
D/SystemServerTiming( 1509): TM.isInCall
D/SystemServerTiming( 1509): hasUserRestriction-DISALLOW_USER_SWITCH
D/SystemServerTiming( 1509): isUserUnlocked-USER_SYSTEM
D/SystemServerTiming( 1509): getInt-ALLOW_USER_SWITCHING_WHEN_SYSTEM_USER_LOCKED
D/SystemServerTiming( 1509): isUserUnlocked-USER_SYSTEM
D/BatteryEventService( 2175): collect BatteryEvents: BatteryEvents(eventTypes=[NOT_CHARGING], batteryLevel=21, pluggedType=0)
D/BatteryEventService( 2175): notifyForBatteryEventsUpdate: BatteryEvents(eventTypes=[NOT_CHARGING], batteryLevel=21, pluggedType=0)
D/BatteryEventService( 2175): AIDL callback listeners count: 1
D/BatteryEventService( 2175): notify AIDL callback to null, cost: 0 ms
I/BatteryEventService( 2175): notify all AIDL callbacks, cost: 0 ms
D/BatteryEventService( 2175): BatteryEventsListener (broadcast) count: 1
D/BatteryEventService( 2175): broadcastIntent(uid:0): Intent { act=com.google.android.battery_event.BATTERY_EVENTS_UPDATE cmp=com.google.android.apps.turbo/.batteryevent.BatteryEventUpdateReceiver (has extras) }, events:[NOT_CHARGING]
D/ControlsListingControllerImpl( 2175): Subscribing callback, service count: 2
D/AOC     ( 1205): A3:MSG: usf_sensor.cc, 1866: USF: Received start sampling request for Quick Pickup Sensor (active:1).
D/AOC     ( 1205): A3:MSG: vsc_sensor.cc, 37: VSC: [Quick Pickup Sensor] enable: period 1, latency = 0
D/AOC     ( 1205): A3:MSG: usf_vsc_log.cc, 69: VSC: [QuickPickup] Configuring sensor with interval: 1, latency: 0
D/AOC     ( 1205): A3:MSG: usf_vsc_log.cc, 69: VSC: [QuickPickup] QPA: state -> QPA_STATE_INACTIVE
D/AOC     ( 1205): A3:MSG: usf_sensor.cc, 1866: USF: Received start sampling request for LSM6DSV Accelerometer (active:5).
D/AOC     ( 1205): A3:MSG: lsm6dsv_device.cc, 732: USF: Lsm6dsvDevice: Sensor 0: Enabled 1, odr_index 6, period_ns 10000000.
D/AOC     ( 1205): A3:MSG: lsm6dsv_fifo.cc, 755: USF: Lsm6dsvFifo: ODR: XL/G/T/TS: 120/60/15/15 WM: 3 Intr: 70.
D/ControlsListingControllerImpl( 2175): Subscribing callback, service count: 2
D/AOC     ( 1205): A3:MSG: lsm6dsv_device.cc, 641: USF: Lsm6dsvDevice: Fifo was disabled for 443929ns.
I/QAWController( 2175): Re-creating the QAW client to avoid stale.
I/pixel-thermal( 1798): VIRTUAL-SKIN:34.9613 raw data: VIRTUAL-SKIN:34961.2 
I/BatteryEventService( 2175): notify all broadcast intent, cost: 5 ms
D/BatteryEventService( 2175): AIDL data callback listeners count: 0
D/AOC     ( 1205): A3:MSG: usf_vsc_log.cc, 69: VSC: [QuickPickup] Accelerometer enabled with interval: 20000000 ns.
D/AOC     ( 1205): A3:MSG: usf_vsc_log.cc, 69: VSC: [QuickPickup] SD enabled.
D/AOC     ( 1205): A3:MSG: usf_vsc_log.cc, 69: VSC: [QuickPickup] prox enabled.
D/AOC     ( 1205): A3:MSG: usf_vsc_log.cc, 69: VSC: [QuickPickup] FNA: state -> FNA_STATE_WAIT_NEXT_MOTION
D/AOC     ( 1205): A3:MSG: usf_vsc_log.cc, 69: VSC: [QuickPickup] STA: state -> STA_STATE_WAIT_NEXT_MOTION
W/AccessibilityWindowsPopulator( 1509): The displayInfo of this displayId (0) called back from the surface flinger is null
W/AccessibilityWindowsPopulator( 1509): The displayInfo of this displayId (0) called back from the surface flinger is null
D/usf_sensor_hal(  992): auto brightness: Enter Activate. Enable = 0.
D/AOC     ( 1205): A3:MSG: usf_sensor.cc, 1881: USF: Received stop sampling request for Auto Brightness (active:0).
D/AOC     ( 1205): A3:MSG: vsc_sensor.cc, 68: VSC: [Auto Brightness] disable.
D/AOC     ( 1205): A3:MSG: usf_sensor.cc, 1881: USF: Received stop sampling request for TMD3719 Ambient Light (active:2).
I/MR2ServiceImpl( 1509): Updating composite discovery preference | preference: RouteDiscoveryRequest{ preferredFeatures={}, activeScan=false }, active routers: []
W/AlarmManager( 1509): Unrecognized alarm listener com.android.server.DeviceIdleController$$ExternalSyntheticLambda1@ab628a8
I/ImeTracker(17230): com.termux:705bfaa6: onCancelled at PHASE_CLIENT_ON_CONTROLS_CHANGED
I/ImeTracker( 1509): com.termux:705bfaa6: onFinished on previously finished token at PHASE_CLIENT_ON_CONTROLS_CHANGED with STATUS_CANCEL
D/usf_sensor_hal(  992): accelerometer: Enter Batch. Period = 10000000, latency = 200000000.
D/usf_sensor_hal(  992): IMU temperature: Enter Batch. Period = 533334000, latency = 0.
W/AccessibilityWindowsPopulator( 1509): The displayInfo of this displayId (0) called back from the surface flinger is null
D/usf_sensor_hal(  992): accelerometer: Enter Batch. Period = 10000000, latency = 5000000000.
D/AOC     ( 1205): A3:MSG: usf_sensor.cc, 2512: USF: Received reconfig sampling request for LSM6DSV Accelerometer.
D/usf_sensor_hal(  992): IMU temperature: Enter Batch. Period = 533334000, latency = 0.
D/usf_sensor_hal(  992): magnetometer: Enter Activate. Enable = 0.
I/ActivityScheduler( 2764): nextTriggerTime: 72894235, in 205822ms, detectorType: 0,  alarmWindowMillis: 30000
D/AOC     ( 1205): A3:MSG: usf_sensor.cc, 1881: USF: Received stop sampling request for MMC56X3X Magnetometer (active:1).
D/AOC     ( 1205): A3:MSG: mmc56x3x_device.cc, 409: USF: MMC56X3X0: mmc56x3x_enable_measure odr = 10.
D/QnsTimer( 2837): onReceive action=android.intent.action.SCREEN_OFF
D/usf_sensor_hal(  992): gyroscope: Enter Activate. Enable = 0.
D/QnsTimer( 2837): No timers are pending to run
I/NearbyDiscovery( 2764): (REDACTED) FastPairHandler: Received action %s
D/AOC     ( 1205): A3:MSG: usf_sensor.cc, 1881: USF: Received stop sampling request for LSM6DSV Gyroscope (active:0).
I/NearbyDiscovery( 2764): (REDACTED) ApFastPairScanner: isScreenOn=%s, isLocationEnabled=%s, disableLocationRequirement=%s, isDiscoveryScanningEnabled=%s, during24GhzWifiWarmingUpPeriod=%s
D/BluetoothAdapter( 2764): isLeEnabled(): ON
I/NearbyDiscovery( 2764): (REDACTED) ApFastPairScanner: eventType=%s, intReq=%s, scanning=%s, scanAllowed=%s, bleEnabled=%s, lockScanRate=%s, startScanningByLowPowerMode=%s
I/WifiHAL ( 1017): Creating message to get link statistics; iface = 47
D/AOC     ( 1205): A3:MSG: controller.cc, 275: CNTRL: cmd ID: 0x000a, tag: 0x32 [cntr = 10768]
I/NearbyDiscovery( 2764): FastPairController: onSystemStateChanged: skip due to flag disabled [CONTEXT service_id=265 ]
D/AOC     ( 1205): A3:MSG: controller.cc, 919: CNTRL: ipc: control, cmd ID: 0x000a, tag: 0x32, rc: 0
D/AOC     ( 1205): A3:MSG: controller.cc, 275: CNTRL: cmd ID: 0x000a, tag: 0x33 [cntr = 10769]
D/AOC     ( 1205): A3:MSG: controller.cc, 919: CNTRL: ipc: control, cmd ID: 0x000a, tag: 0x33, rc: 0
D/AOC     ( 1205): A3:MSG: controller.cc, 275: CNTRL: cmd ID: 0x000a, tag: 0x34 [cntr = 10770]
D/AOC     ( 1205): A3:MSG: controller.cc, 919: CNTRL: ipc: control, cmd ID: 0x000a, tag: 0x34, rc: 0
D/AOC     ( 1205): A3:MSG: controller.cc, 275: CNTRL: cmd ID: 0x000a, tag: 0x35 [cntr = 10771]
D/AOC     ( 1205): A3:MSG: controller.cc, 919: CNTRL: ipc: control, cmd ID: 0x000a, tag: 0x35, rc: 0
D/AOC     ( 1205): A3:MSG: controller.cc, 275: CNTRL: cmd ID: 0x000a, tag: 0x36 [cntr = 10772]
D/AOC     ( 1205): A3:MSG: controller.cc, 919: CNTRL: ipc: control, cmd ID: 0x000a, tag: 0x36, rc: 0
D/AOC     ( 1205): A3:MSG: controller.cc, 275: CNTRL: cmd ID: 0x000a, tag: 0x37 [cntr = 10773]
D/AOC     ( 1205): A3:MSG: controller.cc, 919: CNTRL: ipc: control, cmd ID: 0x000a, tag: 0x37, rc: 0
D/AOC     ( 1205): A3:MSG: controller.cc, 275: CNTRL: cmd ID: 0x000a, tag: 0x38 [cntr = 10774]
D/AOC     ( 1205): A3:MSG: controller.cc, 919: CNTRL: ipc: control, cmd ID: 0x000a, tag: 0x38, rc: 0
D/AOC     ( 1205): A3:MSG: controller.cc, 275: CNTRL: cmd ID: 0x000a, tag: 0x39 [cntr = 10775]
D/AOC     ( 1205): A3:MSG: controller.cc, 919: CNTRL: ipc: control, cmd ID: 0x000a, tag: 0x39, rc: 0
D/AOC     ( 1205): A3:MSG: controller.cc, 275: CNTRL: cmd ID: 0x000a, tag: 0x3a [cntr = 10776]
D/AOC     ( 1205): A3:MSG: controller.cc, 919: CNTRL: ipc: control, cmd ID: 0x000a, tag: 0x3a, rc: 0
D/AOC     ( 1205): A3:MSG: controller.cc, 275: CNTRL: cmd ID: 0x000a, tag: 0x3b [cntr = 10777]
D/AOC     ( 1205): A3:MSG: controller.cc, 919: CNTRL: ipc: control, cmd ID: 0x000a, tag: 0x3b, rc: 0
D/SconeAwareness( 3179): Awareness received [android.intent.action.SCREEN_OFF] action.
I/DeviceStatusMonitor( 4246): DeviceStatusMonitor.handleBroadcast():184 onReceive() : Action = android.intent.action.SCREEN_OFF
D/AOC     ( 1205): A3:MSG: controller.cc, 275: CNTRL: cmd ID: 0x000a, tag: 0x3c [cntr = 10778]
I/DeviceStatusMonitor( 4246): DeviceStatusMonitor.updateCountryInfo():200 updateCountryInfo(), notifyAnyway = false
D/AOC     ( 1205): A3:MSG: controller.cc, 919: CNTRL: ipc: control, cmd ID: 0x000a, tag: 0x3c, rc: 0
D/AOC     ( 1205): A3:MSG: controller.cc, 275: CNTRL: cmd ID: 0x000a, tag: 0x3d [cntr = 10779]
D/AOC     ( 1205): A3:MSG: controller.cc, 919: CNTRL: ipc: control, cmd ID: 0x000a, tag: 0x3d, rc: 0
I/InputBundle( 4246): InputBundle.switchToKeyboardDirectly():531 switchToKeyboardDirectly(): KeyboardTypeAndPayload(keyboardType=prime, payload=null)
I/InputBundle( 4246): InputBundle.switchToKeyboardDirectly():531 switchToKeyboardDirectly(): KeyboardTypeAndPayload(keyboardType=prime, payload=null)
D/AOC     ( 1205): A3:MSG: controller.cc, 275: CNTRL: cmd ID: 0x000a, tag: 0x3e [cntr = 10780]
I/InputBundle( 4246): InputBundle.switchToKeyboardDirectly():531 switchToKeyboardDirectly(): KeyboardTypeAndPayload(keyboardType=prime, payload=null)
D/AOC     ( 1205): A3:MSG: controller.cc, 919: CNTRL: ipc: control, cmd ID: 0x000a, tag: 0x3e, rc: 0
I/InputBundle( 4246): InputBundle.switchToKeyboardDirectly():531 switchToKeyboardDirectly(): KeyboardTypeAndPayload(keyboardType=prime, payload=null)
I/InputBundle( 4246): InputBundle.switchToKeyboardDirectly():531 switchToKeyboardDirectly(): KeyboardTypeAndPayload(keyboardType=prime, payload=null)
I/InputBundle( 4246): InputBundle.switchToKeyboardDirectly():531 switchToKeyboardDirectly(): KeyboardTypeAndPayload(keyboardType=prime, payload=null)
I/VoiceImeUtils( 4246): VoiceImeUtils.sendStopVoiceEventToInputBundle():517 dispatching STOP_VOICE_IME [RD]
D/LauncherStateManager(28190): StateManager.goToState: fromState: Normal, toState: Normal, partial trace:
D/LauncherStateManager(28190): 	at com.android.launcher3.Launcher$$ExternalSyntheticLambda22.onScreenOnChanged(go/retraceme 8bcbbc35bb13161dedaa519f339f298517b051dcbf8e2046701ae935fa579434:37)
D/LauncherStateManager(28190): 	at com.android.launcher3.util.ScreenOnTracker$$ExternalSyntheticLambda2.accept(go/retraceme 8bcbbc35bb13161dedaa519f339f298517b051dcbf8e2046701ae935fa579434:11)
D/LauncherStateManager(28190): 	at java.util.concurrent.CopyOnWriteArrayList.forEach(CopyOnWriteArrayList.java:909)
D/LauncherStateManager(28190): StateManager.onRepeatStateSetAborted: state: Normal
I/Module  ( 4246): DeviceLockedStatusModuleProvider$Module.updateDeviceLockedStatusInternal():119 repeatCheckTimes = 0, locked = false
D/AOC     ( 1205): A3:MSG: controller.cc, 275: CNTRL: cmd ID: 0x000a, tag: 0x3f [cntr = 10781]
I/InputBundle( 4246): InputBundle.consumeEvent():1058 Skip consuming an event as imeStatus is INACTIVE
D/AOC     ( 1205): A3:MSG: controller.cc, 919: CNTRL: ipc: control, cmd ID: 0x000a, tag: 0x3f, rc: 0
D/AOC     ( 1205): A3:MSG: controller.cc, 275: CNTRL: cmd ID: 0x000a, tag: 0x40 [cntr = 10782]
D/AOC     ( 1205): A3:MSG: controller.cc, 919: CNTRL: ipc: control, cmd ID: 0x000a, tag: 0x40, rc: 0
D/SconeAwareness( 3179): Awareness received [android.intent.action.SCREEN_OFF] action and try to relay info
W/JobInfo ( 3179): Job 'com.google.android.apps.scone/.awareness.AwarenessJobIntentService#188052156' has a deadline with no functional constraints. The deadline won't improve job execution latency. Consider removing the deadline.
W/JobInfo ( 1509): Job 'com.google.android.apps.scone/.awareness.AwarenessJobIntentService#188052156' has a deadline with no functional constraints. The deadline won't improve job execution latency. Consider removing the deadline.
D/AOC     ( 1205): A3:MSG: controller.cc, 275: CNTRL: cmd ID: 0x000a, tag: 0x41 [cntr = 10783]
D/AOC     ( 1205): A3:MSG: controller.cc, 919: CNTRL: ipc: control, cmd ID: 0x000a, tag: 0x41, rc: 0
D/SconeAwareness( 3179): handleIntent android.intent.action.SCREEN_OFF
D/SconeRadioEngine( 3179): Skip sending mobility to wifi because mobility is uninitialized.
D/AOC     ( 1205): A3:MSG: controller.cc, 275: CNTRL: cmd ID: 0x000a, tag: 0x42 [cntr = 10784]
D/AOC     ( 1205): A3:MSG: controller.cc, 919: CNTRL: ipc: control, cmd ID: 0x000a, tag: 0x42, rc: 0
I/bthal.activitywatcher(  964): getStateResidency: ActivityStat{0 : totalTimeMs 32287567 totalEntryCount 688961140 lastEntryMs 4280558}
I/bthal.activitywatcher(  964): getStateResidency: ActivityStat{1 : totalTimeMs 10049780 totalEntryCount 274992854 lastEntryMs 4280559}
I/bthal.activitywatcher(  964): getStateResidency: ActivityStat{2 : totalTimeMs 374382 totalEntryCount 523459036 lastEntryMs 4280584}
I/bthal.activitywatcher(  964): getStateResidency: ActivityStat{3 : totalTimeMs 3604228 totalEntryCount 165501553 lastEntryMs 4280908}
I/bthal.activitywatcher(  964): send_hci_activities_vsc: Sent VSC <[4]{89, 253, 1, 1}>
I/bthal.activitywatcher(  964): filter_hci_activities_vse: Filtered <[103]{14, 101, 1, 89, 253, 0, 1, 114, 16, 32, 0, 184, 90, 1, 0, 98, 97, 60, 0, 0, 0, 0, 0, 13, 98, 60, 0, 0, 0, 0, 0, 57, 22, 13, 0, 85, 164, 0, 0, 13, 98, 60, 0, 0, 0, 0, 0, 98, 97, 60, 0, 0, 0, 0, 0, 228, 247, 23, 0, 201, 4, 0, 0, 238, 98, 60, 0, 0, 0, 0, 0, 239, 98, 60, 0, 0, 0, 0, 0, 141, 24, 8, 0, 198, 60, 0, 0, 133, 98, 60, 0, 0, 0, 0, 0, 203, 98, 60, 0, 0, 0, 0, 0}>
I/bthal.flowcontrol(  964): HciEventPreProcess: HCI Event 0xe Opcode 0xfd59 Length 103 handled by ControllerActivityWatcher
I/bthal.bqr(  964): Batt_Per: 21, Avg_Cur_Pwr: 2 mA, BEr_Tx_Plv: 0 dBm, Le_Tx_Plv: 12 dBm, Idle_Tm: 38865 ms, Act_Tm: 42103 ms, BEr_Tx_Tm: 0 ms, BEr_Rx_Tm: 0 ms, Le_Tx_Tm: 1226 ms, Le_Rx_Tm: 0 ms, total_Tm 40091 ms, Rx_1Ch_Tm 0 ms, Rx_2Ch_Tm 0 ms, Tx_iPA_1Ch_Tm 1226 ms, Tx_iPA_2Ch_Tm 0 ms, Tx_ePA_1Ch_Tm 0 ms, Tx_ePA_2Ch_Tm 0 ms, BEr_Rx_Scan_total_Tm 0, Le_Rx_Scan_total_Tm 0
I/bthal.bqr(  964): update_bqr_energy_reportv7: Avg_Cur_Pwr: 2, BEr_Tx_Plv: 0 dBm, Le_Tx_Plv: 12
I/bthal.flowcontrol(  964): HciEventPreProcess: HCI Event 0xff Opcode 0 Length 92 unhandled by debug_VendorEvent
I/WifiHAL ( 1017): Getting cached scan results, iface handle = 0xb4000072f282ed50
E/WifiHAL ( 1017): Creating message to get cached scan results
W/btm_acl ( 2277): system/stack/acl/btm_acl.cc:1376 BTM_ReadRemoteVersion: Unable to find active acl
D/ActivityManager( 1509): sync unfroze 5840 com.google.android.apps.turbo for 3
I/bluetooth( 2277): system/btif/src/btif_bqr.cc:1064 bqr_delivery_event: len: 89, addr: ff:ff:ff:ff:ff:ff, lmp_ver: 0, manufacturer_id: 0, lmp_subver: 0
I/BluetoothQualityReportJni( 2277): android/app/jni/com_android_bluetooth_BluetoothQualityReport.cpp:52 bqr_delivery_callback: 
I/BluetoothQualityReportNativeCallback( 2277): BQR: {
I/BluetoothQualityReportNativeCallback( 2277):   mAddr: FF:FF:FF:FF:FF:FF, mLmpVer: 0x00, mLmpSubVer: 0x0000, mManufacturerId: 0x0000, mName: , mBluetoothClass: 0,
I/BluetoothQualityReportNativeCallback( 2277):   BqrCommon: {
I/BluetoothQualityReportNativeCallback( 2277):     mQualityReportId: Energy Monitor(0x06), mPacketType: INVALID(0x00), mConnectionHandle: 0x0000, mConnectionRole: 0(0), mTxPowerLevel: 0, mRssi: 0, mSnr: 0, mUnusedAfhChannelCount: 0,
I/BluetoothQualityReportNativeCallback( 2277):     mAfhSelectUnidealChannelCount: 0, mLsto: 0, mPiconetClock: 0x00000000, mRetransmissionCount: 0, mNoRxCount: 0, mNakCount: 0, mLastTxAckTimestamp: 0x00000000, mFlowOffCount: 0,
I/BluetoothQualityReportNativeCallback( 2277):     mLastFlowOnTimestamp: 0x00000000, mOverflowCount: 0, mUnderflowCount: 0, mAddr: null, mCalFailedItemCount: 0,
I/BluetoothQualityReportNativeCallback( 2277):     mTxTotalPackets: 0, mTxUnackPackets: 0, mTxFlushPackets: 0, mTxLastSubeventPackets: 0, mCrcErrorPackets: 0, mRxDupPackets: 0, mRxUnRecvPackets: 0, mCoexInfoMask: 0
I/BluetoothQualityReportNativeCallback( 2277):   }
I/BluetoothQualityReportNativeCallback( 2277):   BqrEnergyMonitor: {
I/BluetoothQualityReportNativeCallback( 2277):     AvgCurrentConsume: 2, mIdleTotalTime: 104401, mIdleStateEnterCount: 3399, mActiveTotalTime: 42103, mActiveStateEnterCount: 1614,
I/BluetoothQualityReportNativeCallback( 2277):     mBredrTxTotalTime: 0, mBredrTxStateEnterCount: 0, mBredrTxAvgPowerLevel: 0, mBredrRxTotalTime: 0, mBredrRxStateEnterCount: 344, mLeTxTotalTime: 1226, mLeTxStateEnterCount: 2584, mLeTxAvgPowerLevel: 12, mLeRxTotalTime: 0, mLeRxStateEnterCount: 470, mReportTotalTime: 105627, mRxActiveOneChainTime: 0, mRxActiveTwoChainTime: 0, mTxiPaActiveOneChainTime: 1226, mTxiPaActiveTwoChainTime: 0, mTxePaActiveOneChainTime: 0, mTxePaActiveTwoChainTime: 0
I/BluetoothQualityReportNativeCallback( 2277):   }
I/BluetoothQualityReportNativeCallback( 2277): }
D/usf_sensor_hal(  992): IMU temperature: Enter Batch. Period = 533334000, latency = 5000000000.
D/AOC     ( 1205): A3:MSG: lsm6dsv_device.cc, 732: USF: Lsm6dsvDevice: Sensor 1: Enabled 0, odr_index 0, period_ns 0.
E/AOC     ( 1205): A3:ERR: lsm6dsv_device.cc, 1226: USF: Lsm6dsvDevice: Skip calling ESP unset timer.
D/AOC     ( 1205): A3:MSG: lsm6dsv_fifo.cc, 755: USF: Lsm6dsvFifo: ODR: XL/G/T/TS: 120/0/15/15 WM: 2 Intr: 75.
D/AOC     ( 1205): A3:MSG: lsm6dsv_device.cc, 641: USF: Lsm6dsvDevice: Fifo was disabled for 1186320ns.
I/WifiHAL ( 1017): In GetCachedScanResultsCommand::handleResponse
I/system_server( 1509): NativeAlloc concurrent mark compact GC freed 29MB AllocSpace bytes, 11(224KB) LOS objects, 81% free, 95MB/512MB, paused 4.483ms,12.210ms total 381.427ms
D/AOC     ( 1205): A3:MSG: usf_sensor.cc, 2512: USF: Received reconfig sampling request for LSM6DSV Temperature.
D/AOC     ( 1205): A3:MSG: usf_sensor.cc, 1866: USF: Received start sampling request for LSM6DSV Accelerometer (active:6).
D/GRIL-S  ( 2315): [1681]> UPDATE_SCONE_INFO Mobility:0 Battery:1 Thermal:2 Screen:2
D/AOC     ( 1205): A3:MSG: usf_sensor.cc, 1866: USF: Received start sampling request for LSM6DSV Gyroscope (active:1).
D/AOC     ( 1205): A3:MSG: usf_sensor.cc, 1866: USF: Received start sampling request for LSM6DSV Temperature (active:4).
D/usf_sensor_hal(  992): proximity: Enter Activate. Enable = 0.
D/AOC     ( 1205): A3:MSG: lsm6dsv_device.cc, 732: USF: Lsm6dsvDevice: Sensor 2: Enabled 1, odr_index 3, period_ns 66666666.
D/AOC     ( 1205): A3:MSG: lsm6dsv_fifo.cc, 755: USF: Lsm6dsvFifo: ODR: XL/G/T/TS: 120/0/15/15 WM: 2 Intr: 75.
D/DeviceEntryIconViewBinder( 2175): Updating device entry icon image state ForegroundIconViewModel(type=FINGERPRINT, useAodVariant=false, tint=-793647, padding=51)
D/AOC     ( 1205): A3:MSG: lsm6dsv_device.cc, 641: USF: Lsm6dsvDevice: Fifo was disabled for 509643ns.
D/AOC     ( 1205): A3:MSG: usf_sensor.cc, 1881: USF: Received stop sampling request for TMD3719 Proximity (active:1).
W/System  ( 1509): A resource failed to call HardwareBuffer.close. 
W/System  ( 1509): A resource failed to call HardwareBuffer.close. 
D/AOC     ( 1205): A3:MSG: usf_sensor.cc, 1866: USF: Received start sampling request for MMC56X3X Magnetometer (active:2).
W/AccessibilityWindowsPopulator( 1509): The displayInfo of this displayId (0) called back from the surface flinger is null
D/AOC     ( 1205): A3:MSG: mmc56x3x_device.cc, 409: USF: MMC56X3X0: mmc56x3x_enable_measure odr = 10.
I/Dtdi    ( 2764): [RouteScanController] stopScan: stopping route scanning [CONTEXT service_id=312 ]
I/Dtdi    ( 2764): [RouteScanController] stopScan: no active scanning sessions exist [CONTEXT service_id=312 ]
D/DeviceEntryIconViewBinder( 2175): Updating device entry icon image state ForegroundIconViewModel(type=FINGERPRINT, useAodVariant=true, tint=-793647, padding=51)
D/DeviceEntryIconViewBinder( 2175): Updating device entry icon image state ForegroundIconViewModel(type=FINGERPRINT, useAodVariant=true, tint=-1, padding=51)
I/BatchScanningManager( 2764): (REDACTED) Starting batch scanner in %d seconds.
D/usf_sensor_hal(  992): accelerometer: Enter Activate. Enable = 0.
D/AOC     ( 1205): A3:MSG: usf_sensor.cc, 1881: USF: Received stop sampling request for LSM6DSV Accelerometer (active:3).
D/AOC     ( 1205): A3:MSG: lsm6dsv_device.cc, 732: USF: Lsm6dsvDevice: Sensor 0: Enabled 1, odr_index 5, period_ns 20000000.
D/AOC     ( 1205): A3:MSG: lsm6dsv_fifo.cc, 755: USF: Lsm6dsvFifo: ODR: XL/G/T/TS: 60/0/15/7 WM: 1 Intr: 60.
D/AOC     ( 1205): A3:MSG: lsm6dsv_device.cc, 641: USF: Lsm6dsvDevice: Fifo was disabled for 769206ns.
D/usf_sensor_hal(  992): IMU temperature: Enter Activate. Enable = 0.
D/AOC     ( 1205): A3:MSG: usf_sensor.cc, 1881: USF: Received stop sampling request for LSM6DSV Temperature (active:2).
I/KeyguardTransitionRepository( 2175): FINISHED transition: TransitionStep(from=GONE, to=DOZING, value=1.0, transitionState=FINISHED, ownerName=FromGoneTransitionInteractor(Sleep transition triggered))
D/StatusBar##isHomeStatusBarAllowed( 2175): newValue: false
D/StatusBar##canShowOngoingActivityChips( 2175): newValue: false
D/StatusBar##chips( 2175): newValue: Chips[allowed=false numChips=0]
D/HWUI    ( 2764): --- Failed to create image decoder with message 'unimplemented'
W/BitmapDrawable( 2764): BitmapDrawable created with null Bitmap
W/InputChannel-JNI( 1509): Channel already disposed.
W/AccessibilityWindowsPopulator( 1509): The displayInfo of this displayId (0) called back from the surface flinger is null
D/WindowManager( 1509): setClientSurface Surface(name=VRI-UdfpsControllerOverlay#18022)/@0x8ea5c5e for 79460e3 UdfpsControllerOverlay
I/Surface ( 2175): Creating surface for consumer unnamed-2175-1420 with slotExpansion=1 for 64 slots
I/Surface ( 2175): Creating surface for consumer VRI[UdfpsControllerOverlay]#1315(BLAST Consumer)1315 with slotExpansion=1 for 64 slots
W/AccessibilityWindowsPopulator( 1509): The displayInfo of this displayId (0) called back from the surface flinger is null
W/TypefaceCache( 2175): MISS: CacheKey(res=FontSpec(source=AssetFontSource(file=google_sans_flex.ttf), variations=FontVariations(lockscreen='wght' 1000, 'wdth' 108, 'opsz' 90, doze='wght' 878, 'wdth' 100, 'opsz' 144, chargeLockscreen='wght' 878, 'wdth' 100, 'opsz' 144, chargeDoze='wght' 1000, 'wdth' 108, 'opsz' 90, fidget='wght' 1000, 'wdth' 108, 'opsz' 90)), fvar='wght' 878, 'wdth' 100, 'opsz' 144); Total: 87
D/HWUI    ( 2764): --- Failed to create image decoder with message 'unimplemented'
W/BitmapDrawable( 2764): BitmapDrawable created with null Bitmap
D/GRIL-S  ( 2315): [1681]< UPDATE_SCONE_INFO 
D/HWUI    ( 2764): --- Failed to create image decoder with message 'unimplemented'
W/BitmapDrawable( 2764): BitmapDrawable created with null Bitmap
W/AccessibilityWindowsPopulator( 1509): The displayInfo of this displayId (0) called back from the surface flinger is null
D/UdfpsTouchOverlayBinder( 2175): [com.android.systemui.biometrics.ui.view.UdfpsTouchOverlay{fb49dc0 V.E...... ........ 0,0-1080,2400 #7f0a09d8 app:id/udfps_touch_overlay}]: update shouldHandleTouches=true
I/FingerprintSession( 1560): setIgnoreDisplayTouches 0
D/FingerprintProvider/default( 1509): setIgnoreDisplayTouches set to false
I/FingerprintSession( 1560): onContextChanged
I/KeyboardActiveSessionStreamManager( 4246): KeyboardActiveSessionStreamManager.closeStream():110 Closing stream. [SDG]
I/Interaction( 4246): Interaction$KeyboardEventStreamObserver.onCompleted():141 Interaction#300 completed by the client [SD]
I/Interaction( 4246): Interaction.shutdownAndForget():92 Shutting down Interaction#300 [SD]
I/KeyboardActiveSessionStreamManager( 4246): KeyboardActiveSessionStreamManager$AssistantEventObserver.onCompleted():240 Assistant event stream completed. [SDG]
I/InteractionManager( 4246): InteractionManager.forgetInteraction$<anonymous>():50 Forgetting Interaction#300 [SD]
I/AiAiEcho( 4286): (REDACTED) #postPredictionTargets: Sending updates to UISurface %s with targets# %s (types=[%s])
W/AccessibilityWindowsPopulator( 1509): The displayInfo of this displayId (0) called back from the surface flinger is null
I/NearbySharing( 2764): Stopping scanning because the screen is locked and no background sync is active.
I/NearbySharing( 2764): Stopping Fast Init advertisement because we're not scanning in the foreground.
I/NearbySharing( 2764): Failed to advertise because we're already advertising with mode SCREEN_OFF, certificate visibility SELF_SHARE data usage preference ONLINE, and bt advertising false with vendorId 0
I/NearbySharing( 2764): Stopping FastInitiation scanning because the screen is locked.
I/NearbySharing( 2764): Fast Initiation Scanning has stopped
I/NearbySharing( 2764): Dismissing HUN as there's no device nearby.
I/AiAiEcho( 4286): (REDACTED) #postPredictionTargets: Sending updates to UISurface %s with targets# %s (types=[%s])
W/AccessibilityManagerService( 1509):  wait for adding window timeout: 1258
I/adbd    ( 1256): adbd service requested 'shell,v2,TERM=dumb:export ANDROID_LOG_TAGS="''"; exec logcat '-d' '-v' 'brief''
V/WindowManagerShell( 2175): Transition requested (#2041): android.os.BinderProxy@de96333 TransitionRequestInfo { type = SLEEP, triggerTask = null, pipChange = null, remoteTransitionInfo = null, displayChanges = null, requestedLocation = null, userChange = null, windowingLayerChange = null, fullscreenRequestChange = null, flags = 0, debugId = 2041 }
V/WindowManagerShell( 2175): onTransitionReady(transaction=6481105855145)
V/WindowManager( 1509): Sent Transition (#2041) createdAt=09-04 19:40:36.095 via request=TransitionRequestInfo { type = SLEEP, triggerTask = null, pipChange = null, remoteTransitionInfo = null, displayChanges = null, requestedLocation = null, userChange = null, windowingLayerChange = null, fullscreenRequestChange = null, flags = 0, debugId = 2041 }
V/WindowManager( 1509):     startWCT=null
V/WindowManager( 1509):     info={id=2041 t=SLEEP f=0x0 trk=0 r=[] c=[]}
W/Transition( 1509): Transition already started id=2041 state=2
V/WindowManagerShell( 2175): onTransitionReady (#2041) android.os.BinderProxy@de96333: {id=2041 t=SLEEP f=0x0 trk=0 r=[] c=[]}
V/WindowManagerShell( 2175): FocusTransitionObserver: Updating focus state for transition #2041
V/WindowManagerShell( 2175): No transition roots in (#2041) android.os.BinderProxy@de96333@0 so abort
V/WindowManagerShell( 2175): Transition animation finished (aborted=true), notifying core (#2041) android.os.BinderProxy@de96333@0
V/WindowManager( 1509): Finish Transition (#2041): created at 09-04 19:40:36.095 collect-started=0.251ms request-sent=0.616ms started=1.671ms ready=1.629ms sent=2.595ms finished=18.461ms
V/WindowManagerShell( 2175): Track 0 became idle
V/WindowManagerShell( 2175): All active transition animations finished
--------- beginning of main
I/adbd    ( 1256): adbd service requested 'shell,v2,TERM=dumb,raw:am broadcast -n com.example.ollamataskerbridge/.bridge.OllamaBridgeReceiver -a com.example.ollamataskerbridge.action.GENERATE --es backend local --es model smollm2:135m --es prompt TESTONE --es system_prompt plain --ei max_tokens 16 --ef temperature 0.2 --es request_id local-cpu-1'
I/ActivityManager( 1509): Broadcasting: Intent { act=com.example.ollamataskerbridge.action.GENERATE flg=0x400000 cmp=com.example.ollamataskerbridge/.bridge.OllamaBridgeReceiver (has extras) }
--------- beginning of system
I/ActivityManager( 1509): Enqueued broadcast Intent { act=com.example.ollamataskerbridge.action.GENERATE flg=0x400000 cmp=com.example.ollamataskerbridge/.bridge.OllamaBridgeReceiver (has extras) }: 0
V/GrammaticalInflectionUtils( 1509): AttributionSource: android.content.AttributionSource@44eda2e6 does not have READ_SYSTEM_GRAMMATICAL_GENDER permission.
D/Zygote  (  941): Forked child process 4224
I/ActivityManager( 1509): Start proc 4224:com.example.ollamataskerbridge/u0a480 for broadcast {com.example.ollamataskerbridge/com.example.ollamataskerbridge.bridge.OllamaBridgeReceiver}
I/libprocessgroup( 4224): Created cgroup /sys/fs/cgroup/apps/uid_10480/pid_4224
I/Zygote  ( 4224): Process 4224 created for com.example.ollamataskerbridge
I/amataskerbridge( 4224): Late-enabling -Xcheck:jni
I/amataskerbridge( 4224): Using generational CollectorTypeCMC GC.
I/adbd    ( 1256): jdwp connection from 4224
D/nativeloader( 4224): Load libframework-connectivity-tiramisu-jni.so using APEX ns com_android_tethering for caller /apex/com.android.tethering/javalib/framework-connectivity-t.jar: ok
D/ApplicationLoaders( 4224): Returning zygote-cached class loader: /system_ext/framework/androidx.window.extensions.jar
D/ApplicationLoaders( 4224): Returning zygote-cached class loader: /system_ext/framework/androidx.window.sidecar.jar
D/nativeloader( 4224): Configuring clns-9 for other apk /data/app/~~0TirYOKk7cIcLwG1kr7zGA==/com.example.ollamataskerbridge-QeScb-30bO72zJamaxYIcg==/base.apk. target_sdk_version=36, uses_libraries=, library_path=/data/app/~~0TirYOKk7cIcLwG1kr7zGA==/com.example.ollamataskerbridge-QeScb-30bO72zJamaxYIcg==/lib/arm64:/data/app/~~0TirYOKk7cIcLwG1kr7zGA==/com.example.ollamataskerbridge-QeScb-30bO72zJamaxYIcg==/base.apk!/lib/arm64-v8a, permitted_path=/data:/mnt/expand:/data/user/0/com.example.ollamataskerbridge
V/GraphicsEnvironment( 4224): Currently set values for:
V/GraphicsEnvironment( 4224):   angle_gl_driver_selection_pkgs=[com.android.angle]
V/GraphicsEnvironment( 4224):   angle_gl_driver_selection_values=[angle]
V/GraphicsEnvironment( 4224): com.example.ollamataskerbridge is not listed in per-application setting
V/GraphicsEnvironment( 4224): No special selections for ANGLE, returning default driver choice
V/GraphicsEnvironment( 4224): Neither updatable production driver nor prerelease driver is supported.
I/InferenceEngineImpl( 4224): Instantiating InferenceEngineImpl,,,
I/InferenceEngineImpl( 4224): Loading native library...
D/nativeloader( 4224): Load /data/app/~~0TirYOKk7cIcLwG1kr7zGA==/com.example.ollamataskerbridge-QeScb-30bO72zJamaxYIcg==/base.apk!/lib/arm64-v8a/libai-chat.so using class loader ns clns-9 (caller=/data/app/~~0TirYOKk7cIcLwG1kr7zGA==/com.example.ollamataskerbridge-QeScb-30bO72zJamaxYIcg==/base.apk!classes4.dex): ok
I/InferenceEngineImpl( 4224): SUPPORTED_ABIS=arm64-v8a
I/InferenceEngineImpl( 4224): nativeLibraryDir=/data/app/~~0TirYOKk7cIcLwG1kr7zGA==/com.example.ollamataskerbridge-QeScb-30bO72zJamaxYIcg==/lib/arm64 files=
I/ai-chat ( 4224): Native library/backend path: /data/app/~~0TirYOKk7cIcLwG1kr7zGA==/com.example.ollamataskerbridge-QeScb-30bO72zJamaxYIcg==/lib/arm64
I/ai-chat ( 4224): Static CPU backend build: dynamic backend loading is disabled
I/ai-chat ( 4224): Backend registry count = 1
I/ai-chat ( 4224): Backend[0] = CPU
I/ai-chat ( 4224): Backend initiated; Log handler set.
I/InferenceEngineImpl( 4224): Native library loaded! System info: 
I/InferenceEngineImpl( 4224): CPU : NEON = 1 | ARM_FMA = 1 | REPACK = 1 | 
I/InferenceEngineImpl( 4224): Checking access to model file... 
I/InferenceEngineImpl( 4224): /data/user/0/com.example.ollamataskerbridge/files/models/smollm2_135m.gguf
I/InferenceEngineImpl( 4224): Loading model... 
I/InferenceEngineImpl( 4224): /data/user/0/com.example.ollamataskerbridge/files/models/smollm2_135m.gguf
I/ai-chat ( 4224): Model path=/data/user/0/com.example.ollamataskerbridge/files/models/smollm2_135m.gguf size=105454432 stat=0
D/ai-chat ( 4224): Java_com_arm_aichat_internal_InferenceEngineImpl_load: Loading model from: 
D/ai-chat ( 4224): /data/user/0/com.example.ollamataskerbridge/files/models/smollm2_135m.gguf
I/ai-chat ( 4224): llama_model_loader: loaded meta data with 37 key-value pairs and 272 tensors from /data/user/0/com.example.ollamataskerbridge/files/models/smollm2_135m.gguf (version GGUF V3 (latest))
I/ai-chat ( 4224): llama_model_loader: Dumping metadata keys/values. Note: KV overrides do not apply in this output.
I/ai-chat ( 4224): llama_model_loader: - kv   0:                       general.architecture str              = llama
I/ai-chat ( 4224): llama_model_loader: - kv   1:                               general.type str              = model
I/ai-chat ( 4224): llama_model_loader: - kv   2:                               general.name str              = Smollm2 135M 8k Lc100K Mix1 Ep2
I/ai-chat ( 4224): llama_model_loader: - kv   3:                       general.organization str              = HuggingFaceTB
I/ai-chat ( 4224): llama_model_loader: - kv   4:                           general.finetune str              = 8k-lc100k-mix1-ep2
I/ai-chat ( 4224): llama_model_loader: - kv   5:                           general.basename str              = smollm2
I/ai-chat ( 4224): llama_model_loader: - kv   6:                         general.size_label str              = 135M
I/ai-chat ( 4224): llama_model_loader: - kv   7:                            general.license str              = apache-2.0
I/ai-chat ( 4224): llama_model_loader: - kv   8:                          general.languages arr[str,1]       = ["en"]
I/ai-chat ( 4224): llama_model_loader: - kv   9:                          llama.block_count u32              = 30
I/ai-chat ( 4224): llama_model_loader: - kv  10:                       llama.context_length u32              = 8192
I/ai-chat ( 4224): llama_model_loader: - kv  11:                     llama.embedding_length u32              = 576
I/ai-chat ( 4224): llama_model_loader: - kv  12:                  llama.feed_forward_length u32              = 1536
I/ai-chat ( 4224): llama_model_loader: - kv  13:                 llama.attention.head_count u32              = 9
I/ai-chat ( 4224): llama_model_loader: - kv  14:              llama.attention.head_count_kv u32              = 3
I/ai-chat ( 4224): llama_model_loader: - kv  15:                       llama.rope.freq_base f32              = 100000.000000
I/ai-chat ( 4224): llama_model_loader: - kv  16:     llama.attention.layer_norm_rms_epsilon f32              = 0.000010
I/ai-chat ( 4224): llama_model_loader: - kv  17:                          general.file_type u32              = 15
I/ai-chat ( 4224): llama_model_loader: - kv  18:                           llama.vocab_size u32              = 49152
I/ai-chat ( 4224): llama_model_loader: - kv  19:                 llama.rope.dimension_count u32              = 64
I/ai-chat ( 4224): llama_model_loader: - kv  20:            tokenizer.ggml.add_space_prefix bool             = false
I/ai-chat ( 4224): llama_model_loader: - kv  21:               tokenizer.ggml.add_bos_token bool             = false
I/ai-chat ( 4224): llama_model_loader: - kv  22:                       tokenizer.ggml.model str              = gpt2
I/ai-chat ( 4224): llama_model_loader: - kv  23:                         tokenizer.ggml.pre str              = smollm
I/ai-chat ( 4224): llama_model_loader: - kv  24:                      tokenizer.ggml.tokens arr[str,49152]   = ["<|endoftext|>", "<|im_start|>", "<|...
I/ai-chat ( 4224): llama_model_loader: - kv  25:                  tokenizer.ggml.token_type arr[i32,49152]   = [3, 3, 3, 3, 3, 3, 3, 3, 3, 3, 3, 3, ...
I/ai-chat ( 4224): llama_model_loader: - kv  26:                      tokenizer.ggml.merges arr[str,48900]   = ["Ġ t", "Ġ a", "i n", "h e", "Ġ Ġ...
I/ai-chat ( 4224): llama_model_loader: - kv  27:                tokenizer.ggml.bos_token_id u32              = 1
I/ai-chat ( 4224): llama_model_loader: - kv  28:                tokenizer.ggml.eos_token_id u32              = 2
I/ai-chat ( 4224): llama_model_loader: - kv  29:            tokenizer.ggml.unknown_token_id u32              = 0
I/ai-chat ( 4224): llama_model_loader: - kv  30:            tokenizer.ggml.padding_token_id u32              = 2
I/ai-chat ( 4224): llama_model_loader: - kv  31:                    tokenizer.chat_template str              = {% for message in messages %}{% if lo...
I/ai-chat ( 4224): llama_model_loader: - kv  32:               general.quantization_version u32              = 2
I/ai-chat ( 4224): llama_model_loader: - kv  33:                      quantize.imatrix.file str              = /models_out/SmolLM2-135M-Instruct-GGU...
I/ai-chat ( 4224): llama_model_loader: - kv  34:                   quantize.imatrix.dataset str              = /training_dir/calibration_datav3.txt
I/ai-chat ( 4224): llama_model_loader: - kv  35:             quantize.imatrix.entries_count i32              = 210
I/ai-chat ( 4224): llama_model_loader: - kv  36:              quantize.imatrix.chunks_count i32              = 141
I/ai-chat ( 4224): llama_model_loader: - type  f32:   61 tensors
I/ai-chat ( 4224): llama_model_loader: - type q5_0:  166 tensors
I/ai-chat ( 4224): llama_model_loader: - type q8_0:   15 tensors
I/ai-chat ( 4224): llama_model_loader: - type q4_K:   16 tensors
I/ai-chat ( 4224): llama_model_loader: - type q6_K:   14 tensors
I/ai-chat ( 4224): print_info: file format = GGUF V3 (latest)
I/ai-chat ( 4224): print_info: file type   = Q4_K - Medium
I/ai-chat ( 4224): print_info: file size   = 98.87 MiB (6.17 BPW) 
D/BoundBrokerSvc( 2764): onUnbind: Intent { act=com.google.android.gms.findmydevice.spot.service.locationreport.START dat=chimera-action:/... xflg=0x4 cmp=com.google.android.gms/.chimera.PersistentApiService }
I/pixel-thermal( 1798): charger_therm:36.313 raw data: charger_therm:36313 
I/pixel-thermal( 1798): VIRTUAL-SKIN-CHARGE:35.513 raw data: VIRTUAL-SKIN-CHARGE:35513 VIRTUAL-SKIN-CHARGE-SUB-1:34676.4 VIRTUAL-SKIN-CHARGE-SUB-2:35513 charger_therm:36313 modem_therm:35690 quiet_therm:34644 rffe_therm:33820 soc_therm:35133 
I/pixel-thermal( 1798): VIRTUAL-SKIN-CHARGE power_budget=4737.23 err=2.48695 s_power=2200 time_elapsed_ms=7015 p=994.781 i=1600 d=-0 dt_per_min=nan compensation=0 budget transient=0 control target=2 excluded power budget=57.5534 (PARTIAL_SYSTEM_POWER: 1151.07 mW, cdev_weight: 0.050000)
I/pixel-thermal( 1798): VIRTUAL-SKIN-SPEAKER:34.6718 raw data: VIRTUAL-SKIN-SPEAKER:34671.8 VIRTUAL-SKIN-SPEAKER-SUB-1:32178.8 VIRTUAL-SKIN-SPEAKER-SUB-2:34671.8 battery:34400 gnss_tcxo_therm:35668 quiet_therm:34644 soc_therm:35133 usb_conn_therm:33597 
I/pixel-thermal( 1798): VIRTUAL-SKIN-CHARGE-WLC:35.2512 raw data: VIRTUAL-SKIN-CHARGE-WLC:35251.2 charger_therm:36313 modem_therm:35690 rffe_therm:33820 soc_therm:35133 
I/pixel-thermal( 1798): VIRTUAL-SKIN-CHARGE-WLC power_budget=2234.66 err=2.74884 s_power=1400 time_elapsed_ms=7015 p=549.767 i=400 d=-0 dt_per_min=nan compensation=0 budget transient=0 control target=2 excluded power budget=115.107 (PARTIAL_SYSTEM_POWER: 1151.07 mW, cdev_weight: 0.100000)
D/ai-chat ( 4224): init_tokenizer: initializing tokenizer for type 2
I/ai-chat ( 4224): load: 0 unused tokens
D/ai-chat ( 4224): load: control token:     15 '<jupyter_script>' is not marked as EOG
D/ai-chat ( 4224): load: control token:      7 '<gh_stars>' is not marked as EOG
D/ai-chat ( 4224): load: control token:      5 '<file_sep>' is not marked as EOG
D/ai-chat ( 4224): load: control token:     12 '<jupyter_text>' is not marked as EOG
D/ai-chat ( 4224): load: control token:     10 '<issue_closed>' is not marked as EOG
D/ai-chat ( 4224): load: control token:     11 '<jupyter_start>' is not marked as EOG
D/ai-chat ( 4224): load: control token:      1 '<|im_start|>' is not marked as EOG
D/ai-chat ( 4224): load: control token:      9 '<issue_comment>' is not marked as EOG
D/ai-chat ( 4224): load: control token:      8 '<issue_start>' is not marked as EOG
D/ai-chat ( 4224): load: control token:     13 '<jupyter_code>' is not marked as EOG
D/ai-chat ( 4224): load: control token:      3 '<repo_name>' is not marked as EOG
D/ai-chat ( 4224): load: control token:      6 '<filename>' is not marked as EOG
D/ai-chat ( 4224): load: control token:     14 '<jupyter_output>' is not marked as EOG
D/ai-chat ( 4224): load: control token:     16 '<empty_output>' is not marked as EOG
I/ai-chat ( 4224): load: printing all EOG tokens:
I/ai-chat ( 4224): load:   - 0 ('<|endoftext|>')
I/ai-chat ( 4224): load:   - 2 ('<|im_end|>')
I/ai-chat ( 4224): load:   - 4 ('<reponame>')
I/ai-chat ( 4224): load: special tokens cache size = 17
I/ai-chat ( 4224): load: token to piece cache size = 0.3170 MB
I/ai-chat ( 4224): print_info: arch                  = llama
I/ai-chat ( 4224): print_info: vocab_only            = 0
I/ai-chat ( 4224): print_info: no_alloc              = 0
I/ai-chat ( 4224): print_info: n_ctx_train           = 8192
I/ai-chat ( 4224): print_info: n_embd_inp            = 576
I/ai-chat ( 4224): print_info: n_embd                = 576
I/ai-chat ( 4224): print_info: n_embd_out            = 576
I/ai-chat ( 4224): print_info: n_layer               = 30
I/ai-chat ( 4224): print_info: n_layer_all           = 30
I/ai-chat ( 4224): print_info: n_head                = 9
I/ai-chat ( 4224): print_info: n_head_kv             = 3
I/ai-chat ( 4224): print_info: n_rot                 = 64
I/ai-chat ( 4224): print_info: n_swa                 = 0
I/ai-chat ( 4224): print_info: is_swa_any            = 0
I/ai-chat ( 4224): print_info: n_embd_head_k         = 64
I/ai-chat ( 4224): print_info: n_embd_head_v         = 64
I/ai-chat ( 4224): print_info: n_gqa                 = 3
I/ai-chat ( 4224): print_info: n_embd_k_gqa          = 192
I/ai-chat ( 4224): print_info: n_embd_v_gqa          = 192
I/ai-chat ( 4224): print_info: f_norm_eps            = 0.0e+00
I/ai-chat ( 4224): print_info: f_norm_rms_eps        = 1.0e-05
I/ai-chat ( 4224): print_info: f_clamp_kqv           = 0.0e+00
I/ai-chat ( 4224): print_info: f_max_alibi_bias      = 0.0e+00
I/ai-chat ( 4224): print_info: f_logit_scale         = 0.0e+00
I/ai-chat ( 4224): print_info: f_attn_scale          = 0.0e+00
I/ai-chat ( 4224): print_info: f_attn_value_scale    = 0.0000
I/ai-chat ( 4224): print_info: n_ff                  = 1536
I/ai-chat ( 4224): print_info: n_expert              = 0
I/ai-chat ( 4224): print_info: n_expert_used         = 0
I/ai-chat ( 4224): print_info: n_expert_groups       = 0
I/ai-chat ( 4224): print_info: n_group_used          = 0
I/ai-chat ( 4224): print_info: causal attn           = 1
I/ai-chat ( 4224): print_info: pooling type          = -1
I/ai-chat ( 4224): print_info: rope type             = 0
I/ai-chat ( 4224): print_info: rope scaling          = linear
I/ai-chat ( 4224): print_info: freq_base_train       = 100000.0
I/ai-chat ( 4224): print_info: freq_scale_train      = 1
I/ai-chat ( 4224): print_info: n_ctx_orig_yarn       = 8192
I/ai-chat ( 4224): print_info: rope_yarn_log_mul     = 0.0000
I/ai-chat ( 4224): print_info: rope_finetuned        = unknown
I/ai-chat ( 4224): print_info: model type            = 256M
I/ai-chat ( 4224): print_info: model params          = 134.52 M
I/ai-chat ( 4224): print_info: general.name          = Smollm2 135M 8k Lc100K Mix1 Ep2
I/ai-chat ( 4224): print_info: vocab type            = BPE
I/ai-chat ( 4224): print_info: n_vocab               = 49152
I/ai-chat ( 4224): print_info: n_merges              = 48900
I/ai-chat ( 4224): print_info: BOS token             = 1 '<|im_start|>'
I/ai-chat ( 4224): print_info: EOS token             = 2 '<|im_end|>'
I/ai-chat ( 4224): print_info: EOT token             = 2 '<|im_end|>'
I/ai-chat ( 4224): print_info: UNK token             = 0 '<|endoftext|>'
I/ai-chat ( 4224): print_info: PAD token             = 2 '<|im_end|>'
I/ai-chat ( 4224): print_info: LF token              = 198 'Ċ'
I/ai-chat ( 4224): print_info: FIM REP token         = 4 '<reponame>'
I/ai-chat ( 4224): print_info: EOG token             = 0 '<|endoftext|>'
I/ai-chat ( 4224): print_info: EOG token             = 2 '<|im_end|>'
I/ai-chat ( 4224): print_info: EOG token             = 4 '<reponame>'
I/ai-chat ( 4224): print_info: max token length      = 162
I/ai-chat ( 4224): load_tensors: loading model tensors, this can take a while... (load_mode = mmap)
D/ai-chat ( 4224): load_tensors: layer   0 assigned to device CPU, is_swa = 0
D/ai-chat ( 4224): load_tensors: layer   1 assigned to device CPU, is_swa = 0
D/ai-chat ( 4224): load_tensors: layer   2 assigned to device CPU, is_swa = 0
D/ai-chat ( 4224): load_tensors: layer   3 assigned to device CPU, is_swa = 0
D/ai-chat ( 4224): load_tensors: layer   4 assigned to device CPU, is_swa = 0
D/ai-chat ( 4224): load_tensors: layer   5 assigned to device CPU, is_swa = 0
D/ai-chat ( 4224): load_tensors: layer   6 assigned to device CPU, is_swa = 0
D/ai-chat ( 4224): load_tensors: layer   7 assigned to device CPU, is_swa = 0
D/ai-chat ( 4224): load_tensors: layer   8 assigned to device CPU, is_swa = 0
D/ai-chat ( 4224): load_tensors: layer   9 assigned to device CPU, is_swa = 0
D/ai-chat ( 4224): load_tensors: layer  10 assigned to device CPU, is_swa = 0
D/ai-chat ( 4224): load_tensors: layer  11 assigned to device CPU, is_swa = 0
D/ai-chat ( 4224): load_tensors: layer  12 assigned to device CPU, is_swa = 0
D/ai-chat ( 4224): load_tensors: layer  13 assigned to device CPU, is_swa = 0
D/ai-chat ( 4224): load_tensors: layer  14 assigned to device CPU, is_swa = 0
D/ai-chat ( 4224): load_tensors: layer  15 assigned to device CPU, is_swa = 0
D/ai-chat ( 4224): load_tensors: layer  16 assigned to device CPU, is_swa = 0
D/ai-chat ( 4224): load_tensors: layer  17 assigned to device CPU, is_swa = 0
D/ai-chat ( 4224): load_tensors: layer  18 assigned to device CPU, is_swa = 0
D/ai-chat ( 4224): load_tensors: layer  19 assigned to device CPU, is_swa = 0
D/ai-chat ( 4224): load_tensors: layer  20 assigned to device CPU, is_swa = 0
D/ai-chat ( 4224): load_tensors: layer  21 assigned to device CPU, is_swa = 0
D/ai-chat ( 4224): load_tensors: layer  22 assigned to device CPU, is_swa = 0
D/ai-chat ( 4224): load_tensors: layer  23 assigned to device CPU, is_swa = 0
D/ai-chat ( 4224): load_tensors: layer  24 assigned to device CPU, is_swa = 0
D/ai-chat ( 4224): load_tensors: layer  25 assigned to device CPU, is_swa = 0
D/ai-chat ( 4224): load_tensors: layer  26 assigned to device CPU, is_swa = 0
D/ai-chat ( 4224): load_tensors: layer  27 assigned to device CPU, is_swa = 0
D/ai-chat ( 4224): load_tensors: layer  28 assigned to device CPU, is_swa = 0
D/ai-chat ( 4224): load_tensors: layer  29 assigned to device CPU, is_swa = 0
D/ai-chat ( 4224): load_tensors: layer  30 assigned to device CPU, is_swa = 0
D/ai-chat ( 4224): create_tensor: loading tensor token_embd.weight
D/ai-chat ( 4224): create_tensor: loading tensor output_norm.weight
D/ai-chat ( 4224): create_tensor: loading tensor output.weight
D/ai-chat ( 4224): create_tensor: loading tensor token_embd.weight
D/ai-chat ( 4224): create_tensor: loading tensor blk.0.attn_norm.weight
D/ai-chat ( 4224): create_tensor: loading tensor blk.0.attn_qkv.weight
D/ai-chat ( 4224): create_tensor: loading tensor blk.0.attn_q.weight
D/ai-chat ( 4224): create_tensor: loading tensor blk.0.attn_k.weight
D/ai-chat ( 4224): create_tensor: loading tensor blk.0.attn_v.weight
D/ai-chat ( 4224): create_tensor: loading tensor blk.0.attn_q.bias
D/ai-chat ( 4224): create_tensor: loading tensor blk.0.attn_k.bias
D/ai-chat ( 4224): create_tensor: loading tensor blk.0.attn_v.bias
D/ai-chat ( 4224): create_tensor: loading tensor blk.0.attn_output.weight
D/ai-chat ( 4224): create_tensor: loading tensor blk.0.attn_output.bias
D/ai-chat ( 4224): create_tensor: loading tensor blk.0.ffn_norm.weight
D/ai-chat ( 4224): create_tensor: loading tensor rope_freqs.weight
D/ai-chat ( 4224): create_tensor: loading tensor blk.0.ffn_gate.weight
D/ai-chat ( 4224): create_tensor: loading tensor blk.0.ffn_down.weight
D/ai-chat ( 4224): create_tensor: loading tensor blk.0.ffn_up.weight
D/ai-chat ( 4224): create_tensor: loading tensor blk.0.ffn_gate.bias
D/ai-chat ( 4224): create_tensor: loading tensor blk.0.ffn_down.bias
D/ai-chat ( 4224): create_tensor: loading tensor blk.0.ffn_up.bias
D/ai-chat ( 4224): create_tensor: loading tensor blk.1.attn_norm.weight
D/ai-chat ( 4224): create_tensor: loading tensor blk.1.attn_qkv.weight
D/ai-chat ( 4224): create_tensor: loading tensor blk.1.attn_q.weight
D/ai-chat ( 4224): create_tensor: loading tensor blk.1.attn_k.weight
D/ai-chat ( 4224): create_tensor: loading tensor blk.1.attn_v.weight
D/ai-chat ( 4224): create_tensor: loading tensor blk.1.attn_q.bias
D/ai-chat ( 4224): create_tensor: loading tensor blk.1.attn_k.bias
D/ai-chat ( 4224): create_tensor: loading tensor blk.1.attn_v.bias
D/ai-chat ( 4224): create_tensor: loading tensor blk.1.attn_output.weight
D/ai-chat ( 4224): create_tensor: loading tensor blk.1.attn_output.bias
D/ai-chat ( 4224): create_tensor: loading tensor blk.1.ffn_norm.weight
D/ai-chat ( 4224): create_tensor: loading tensor rope_freqs.weight
D/ai-chat ( 4224): create_tensor: loading tensor blk.1.ffn_gate.weight
D/ai-chat ( 4224): create_tensor: loading tensor blk.1.ffn_down.weight
D/ai-chat ( 4224): create_tensor: loading tensor blk.1.ffn_up.weight
D/ai-chat ( 4224): create_tensor: loading tensor blk.1.ffn_gate.bias
D/ai-chat ( 4224): create_tensor: loading tensor blk.1.ffn_down.bias
D/ai-chat ( 4224): create_tensor: loading tensor blk.1.ffn_up.bias
D/ai-chat ( 4224): create_tensor: loading tensor blk.2.attn_norm.weight
D/ai-chat ( 4224): create_tensor: loading tensor blk.2.attn_qkv.weight
D/ai-chat ( 4224): create_tensor: loading tensor blk.2.attn_q.weight
D/ai-chat ( 4224): create_tensor: loading tensor blk.2.attn_k.weight
D/ai-chat ( 4224): create_tensor: loading tensor blk.2.attn_v.weight
D/ai-chat ( 4224): create_tensor: loading tensor blk.2.attn_q.bias
D/ai-chat ( 4224): create_tensor: loading tensor blk.2.attn_k.bias
D/ai-chat ( 4224): create_tensor: loading tensor blk.2.attn_v.bias
D/ai-chat ( 4224): create_tensor: loading tensor blk.2.attn_output.weight
D/ai-chat ( 4224): create_tensor: loading tensor blk.2.attn_output.bias
D/ai-chat ( 4224): create_tensor: loading tensor blk.2.ffn_norm.weight
D/ai-chat ( 4224): create_tensor: loading tensor rope_freqs.weight
D/ai-chat ( 4224): create_tensor: loading tensor blk.2.ffn_gate.weight
D/ai-chat ( 4224): create_tensor: loading tensor blk.2.ffn_down.weight
D/ai-chat ( 4224): create_tensor: loading tensor blk.2.ffn_up.weight
D/ai-chat ( 4224): create_tensor: loading tensor blk.2.ffn_gate.bias
D/ai-chat ( 4224): create_tensor: loading tensor blk.2.ffn_down.bias
D/ai-chat ( 4224): create_tensor: loading tensor blk.2.ffn_up.bias
D/ai-chat ( 4224): create_tensor: loading tensor blk.3.attn_norm.weight
D/ai-chat ( 4224): create_tensor: loading tensor blk.3.attn_qkv.weight
D/ai-chat ( 4224): create_tensor: loading tensor blk.3.attn_q.weight
D/ai-chat ( 4224): create_tensor: loading tensor blk.3.attn_k.weight
D/ai-chat ( 4224): create_tensor: loading tensor blk.3.attn_v.weight
D/ai-chat ( 4224): create_tensor: loading tensor blk.3.attn_q.bias
D/ai-chat ( 4224): create_tensor: loading tensor blk.3.attn_k.bias
D/ai-chat ( 4224): create_tensor: loading tensor blk.3.attn_v.bias
D/ai-chat ( 4224): create_tensor: loading tensor blk.3.attn_output.weight
D/ai-chat ( 4224): create_tensor: loading tensor blk.3.attn_output.bias
D/ai-chat ( 4224): create_tensor: loading tensor blk.3.ffn_norm.weight
D/ai-chat ( 4224): create_tensor: loading tensor rope_freqs.weight
D/ai-chat ( 4224): create_tensor: loading tensor blk.3.ffn_gate.weight
D/ai-chat ( 4224): create_tensor: loading tensor blk.3.ffn_down.weight
D/ai-chat ( 4224): create_tensor: loading tensor blk.3.ffn_up.weight
D/ai-chat ( 4224): create_tensor: loading tensor blk.3.ffn_gate.bias
D/ai-chat ( 4224): create_tensor: loading tensor blk.3.ffn_down.bias
D/ai-chat ( 4224): create_tensor: loading tensor blk.3.ffn_up.bias
D/ai-chat ( 4224): create_tensor: loading tensor blk.4.attn_norm.weight
D/ai-chat ( 4224): create_tensor: loading tensor blk.4.attn_qkv.weight
D/ai-chat ( 4224): create_tensor: loading tensor blk.4.attn_q.weight
D/ai-chat ( 4224): create_tensor: loading tensor blk.4.attn_k.weight
D/ai-chat ( 4224): create_tensor: loading tensor blk.4.attn_v.weight
D/ai-chat ( 4224): create_tensor: loading tensor blk.4.attn_q.bias
D/ai-chat ( 4224): create_tensor: loading tensor blk.4.attn_k.bias
D/ai-chat ( 4224): create_tensor: loading tensor blk.4.attn_v.bias
D/ai-chat ( 4224): create_tensor: loading tensor blk.4.attn_output.weight
D/ai-chat ( 4224): create_tensor: loading tensor blk.4.attn_output.bias
D/ai-chat ( 4224): create_tensor: loading tensor blk.4.ffn_norm.weight
D/ai-chat ( 4224): create_tensor: loading tensor rope_freqs.weight
D/ai-chat ( 4224): create_tensor: loading tensor blk.4.ffn_gate.weight
D/ai-chat ( 4224): create_tensor: loading tensor blk.4.ffn_down.weight
D/ai-chat ( 4224): create_tensor: loading tensor blk.4.ffn_up.weight
D/ai-chat ( 4224): create_tensor: loading tensor blk.4.ffn_gate.bias
D/ai-chat ( 4224): create_tensor: loading tensor blk.4.ffn_down.bias
D/ai-chat ( 4224): create_tensor: loading tensor blk.4.ffn_up.bias
D/ai-chat ( 4224): create_tensor: loading tensor blk.5.attn_norm.weight
D/ai-chat ( 4224): create_tensor: loading tensor blk.5.attn_qkv.weight
D/ai-chat ( 4224): create_tensor: loading tensor blk.5.attn_q.weight
D/ai-chat ( 4224): create_tensor: loading tensor blk.5.attn_k.weight
D/ai-chat ( 4224): create_tensor: loading tensor blk.5.attn_v.weight
D/ai-chat ( 4224): create_tensor: loading tensor blk.5.attn_q.bias
D/ai-chat ( 4224): create_tensor: loading tensor blk.5.attn_k.bias
D/ai-chat ( 4224): create_tensor: loading tensor blk.5.attn_v.bias
D/ai-chat ( 4224): create_tensor: loading tensor blk.5.attn_output.weight
D/ai-chat ( 4224): create_tensor: loading tensor blk.5.attn_output.bias
D/ai-chat ( 4224): create_tensor: loading tensor blk.5.ffn_norm.weight
D/ai-chat ( 4224): create_tensor: loading tensor rope_freqs.weight
D/ai-chat ( 4224): create_tensor: loading tensor blk.5.ffn_gate.weight
D/ai-chat ( 4224): create_tensor: loading tensor blk.5.ffn_down.weight
D/ai-chat ( 4224): create_tensor: loading tensor blk.5.ffn_up.weight
D/ai-chat ( 4224): create_tensor: loading tensor blk.5.ffn_gate.bias
D/ai-chat ( 4224): create_tensor: loading tensor blk.5.ffn_down.bias
D/ai-chat ( 4224): create_tensor: loading tensor blk.5.ffn_up.bias
D/ai-chat ( 4224): create_tensor: loading tensor blk.6.attn_norm.weight
D/ai-chat ( 4224): create_tensor: loading tensor blk.6.attn_qkv.weight
D/ai-chat ( 4224): create_tensor: loading tensor blk.6.attn_q.weight
D/ai-chat ( 4224): create_tensor: loading tensor blk.6.attn_k.weight
D/ai-chat ( 4224): create_tensor: loading tensor blk.6.attn_v.weight
D/ai-chat ( 4224): create_tensor: loading tensor blk.6.attn_q.bias
D/ai-chat ( 4224): create_tensor: loading tensor blk.6.attn_k.bias
D/ai-chat ( 4224): create_tensor: loading tensor blk.6.attn_v.bias
D/ai-chat ( 4224): create_tensor: loading tensor blk.6.attn_output.weight
D/ai-chat ( 4224): create_tensor: loading tensor blk.6.attn_output.bias
D/ai-chat ( 4224): create_tensor: loading tensor blk.6.ffn_norm.weight
D/ai-chat ( 4224): create_tensor: loading tensor rope_freqs.weight
D/ai-chat ( 4224): create_tensor: loading tensor blk.6.ffn_gate.weight
D/ai-chat ( 4224): create_tensor: loading tensor blk.6.ffn_down.weight
D/ai-chat ( 4224): create_tensor: loading tensor blk.6.ffn_up.weight
D/ai-chat ( 4224): create_tensor: loading tensor blk.6.ffn_gate.bias
D/ai-chat ( 4224): create_tensor: loading tensor blk.6.ffn_down.bias
D/ai-chat ( 4224): create_tensor: loading tensor blk.6.ffn_up.bias
D/ai-chat ( 4224): create_tensor: loading tensor blk.7.attn_norm.weight
D/ai-chat ( 4224): create_tensor: loading tensor blk.7.attn_qkv.weight
D/ai-chat ( 4224): create_tensor: loading tensor blk.7.attn_q.weight
D/ai-chat ( 4224): create_tensor: loading tensor blk.7.attn_k.weight
D/ai-chat ( 4224): create_tensor: loading tensor blk.7.attn_v.weight
D/ai-chat ( 4224): create_tensor: loading tensor blk.7.attn_q.bias
D/ai-chat ( 4224): create_tensor: loading tensor blk.7.attn_k.bias
D/ai-chat ( 4224): create_tensor: loading tensor blk.7.attn_v.bias
D/ai-chat ( 4224): create_tensor: loading tensor blk.7.attn_output.weight
D/ai-chat ( 4224): create_tensor: loading tensor blk.7.attn_output.bias
D/ai-chat ( 4224): create_tensor: loading tensor blk.7.ffn_norm.weight
D/ai-chat ( 4224): create_tensor: loading tensor rope_freqs.weight
D/ai-chat ( 4224): create_tensor: loading tensor blk.7.ffn_gate.weight
D/ai-chat ( 4224): create_tensor: loading tensor blk.7.ffn_down.weight
D/ai-chat ( 4224): create_tensor: loading tensor blk.7.ffn_up.weight
D/ai-chat ( 4224): create_tensor: loading tensor blk.7.ffn_gate.bias
D/ai-chat ( 4224): create_tensor: loading tensor blk.7.ffn_down.bias
D/ai-chat ( 4224): create_tensor: loading tensor blk.7.ffn_up.bias
D/ai-chat ( 4224): create_tensor: loading tensor blk.8.attn_norm.weight
D/ai-chat ( 4224): create_tensor: loading tensor blk.8.attn_qkv.weight
D/ai-chat ( 4224): create_tensor: loading tensor blk.8.attn_q.weight
D/ai-chat ( 4224): create_tensor: loading tensor blk.8.attn_k.weight
D/ai-chat ( 4224): create_tensor: loading tensor blk.8.attn_v.weight
D/ai-chat ( 4224): create_tensor: loading tensor blk.8.attn_q.bias
D/ai-chat ( 4224): create_tensor: loading tensor blk.8.attn_k.bias
D/ai-chat ( 4224): create_tensor: loading tensor blk.8.attn_v.bias
D/ai-chat ( 4224): create_tensor: loading tensor blk.8.attn_output.weight
D/ai-chat ( 4224): create_tensor: loading tensor blk.8.attn_output.bias
D/ai-chat ( 4224): create_tensor: loading tensor blk.8.ffn_norm.weight
D/ai-chat ( 4224): create_tensor: loading tensor rope_freqs.weight
D/ai-chat ( 4224): create_tensor: loading tensor blk.8.ffn_gate.weight
D/ai-chat ( 4224): create_tensor: loading tensor blk.8.ffn_down.weight
D/ai-chat ( 4224): create_tensor: loading tensor blk.8.ffn_up.weight
D/ai-chat ( 4224): create_tensor: loading tensor blk.8.ffn_gate.bias
D/ai-chat ( 4224): create_tensor: loading tensor blk.8.ffn_down.bias
D/ai-chat ( 4224): create_tensor: loading tensor blk.8.ffn_up.bias
D/ai-chat ( 4224): create_tensor: loading tensor blk.9.attn_norm.weight
D/ai-chat ( 4224): create_tensor: loading tensor blk.9.attn_qkv.weight
D/ai-chat ( 4224): create_tensor: loading tensor blk.9.attn_q.weight
D/ai-chat ( 4224): create_tensor: loading tensor blk.9.attn_k.weight
D/ai-chat ( 4224): create_tensor: loading tensor blk.9.attn_v.weight
D/ai-chat ( 4224): create_tensor: loading tensor blk.9.attn_q.bias
D/ai-chat ( 4224): create_tensor: loading tensor blk.9.attn_k.bias
D/ai-chat ( 4224): create_tensor: loading tensor blk.9.attn_v.bias
D/ai-chat ( 4224): create_tensor: loading tensor blk.9.attn_output.weight
D/ai-chat ( 4224): create_tensor: loading tensor blk.9.attn_output.bias
D/ai-chat ( 4224): create_tensor: loading tensor blk.9.ffn_norm.weight
D/ai-chat ( 4224): create_tensor: loading tensor rope_freqs.weight
D/ai-chat ( 4224): create_tensor: loading tensor blk.9.ffn_gate.weight
D/ai-chat ( 4224): create_tensor: loading tensor blk.9.ffn_down.weight
D/ai-chat ( 4224): create_tensor: loading tensor blk.9.ffn_up.weight
D/ai-chat ( 4224): create_tensor: loading tensor blk.9.ffn_gate.bias
D/ai-chat ( 4224): create_tensor: loading tensor blk.9.ffn_down.bias
D/ai-chat ( 4224): create_tensor: loading tensor blk.9.ffn_up.bias
D/ai-chat ( 4224): create_tensor: loading tensor blk.10.attn_norm.weight
D/ai-chat ( 4224): create_tensor: loading tensor blk.10.attn_qkv.weight
D/ai-chat ( 4224): create_tensor: loading tensor blk.10.attn_q.weight
D/ai-chat ( 4224): create_tensor: loading tensor blk.10.attn_k.weight
D/ai-chat ( 4224): create_tensor: loading tensor blk.10.attn_v.weight
D/ai-chat ( 4224): create_tensor: loading tensor blk.10.attn_q.bias
D/ai-chat ( 4224): create_tensor: loading tensor blk.10.attn_k.bias
D/ai-chat ( 4224): create_tensor: loading tensor blk.10.attn_v.bias
D/ai-chat ( 4224): create_tensor: loading tensor blk.10.attn_output.weight
D/ai-chat ( 4224): create_tensor: loading tensor blk.10.attn_output.bias
D/ai-chat ( 4224): create_tensor: loading tensor blk.10.ffn_norm.weight
D/ai-chat ( 4224): create_tensor: loading tensor rope_freqs.weight
D/ai-chat ( 4224): create_tensor: loading tensor blk.10.ffn_gate.weight
D/ai-chat ( 4224): create_tensor: loading tensor blk.10.ffn_down.weight
D/ai-chat ( 4224): create_tensor: loading tensor blk.10.ffn_up.weight
D/ai-chat ( 4224): create_tensor: loading tensor blk.10.ffn_gate.bias
D/ai-chat ( 4224): create_tensor: loading tensor blk.10.ffn_down.bias
D/ai-chat ( 4224): create_tensor: loading tensor blk.10.ffn_up.bias
D/ai-chat ( 4224): create_tensor: loading tensor blk.11.attn_norm.weight
D/ai-chat ( 4224): create_tensor: loading tensor blk.11.attn_qkv.weight
D/ai-chat ( 4224): create_tensor: loading tensor blk.11.attn_q.weight
D/ai-chat ( 4224): create_tensor: loading tensor blk.11.attn_k.weight
D/ai-chat ( 4224): create_tensor: loading tensor blk.11.attn_v.weight
D/ai-chat ( 4224): create_tensor: loading tensor blk.11.attn_q.bias
D/ai-chat ( 4224): create_tensor: loading tensor blk.11.attn_k.bias
D/ai-chat ( 4224): create_tensor: loading tensor blk.11.attn_v.bias
D/ai-chat ( 4224): create_tensor: loading tensor blk.11.attn_output.weight
D/ai-chat ( 4224): create_tensor: loading tensor blk.11.attn_output.bias
D/ai-chat ( 4224): create_tensor: loading tensor blk.11.ffn_norm.weight
D/ai-chat ( 4224): create_tensor: loading tensor rope_freqs.weight
D/ai-chat ( 4224): create_tensor: loading tensor blk.11.ffn_gate.weight
D/ai-chat ( 4224): create_tensor: loading tensor blk.11.ffn_down.weight
D/ai-chat ( 4224): create_tensor: loading tensor blk.11.ffn_up.weight
D/ai-chat ( 4224): create_tensor: loading tensor blk.11.ffn_gate.bias
D/ai-chat ( 4224): create_tensor: loading tensor blk.11.ffn_down.bias
D/ai-chat ( 4224): create_tensor: loading tensor blk.11.ffn_up.bias
D/ai-chat ( 4224): create_tensor: loading tensor blk.12.attn_norm.weight
D/ai-chat ( 4224): create_tensor: loading tensor blk.12.attn_qkv.weight
D/ai-chat ( 4224): create_tensor: loading tensor blk.12.attn_q.weight
D/ai-chat ( 4224): create_tensor: loading tensor blk.12.attn_k.weight
D/ai-chat ( 4224): create_tensor: loading tensor blk.12.attn_v.weight
D/ai-chat ( 4224): create_tensor: loading tensor blk.12.attn_q.bias
D/ai-chat ( 4224): create_tensor: loading tensor blk.12.attn_k.bias
D/ai-chat ( 4224): create_tensor: loading tensor blk.12.attn_v.bias
D/ai-chat ( 4224): create_tensor: loading tensor blk.12.attn_output.weight
D/ai-chat ( 4224): create_tensor: loading tensor blk.12.attn_output.bias
D/ai-chat ( 4224): create_tensor: loading tensor blk.12.ffn_norm.weight
D/ai-chat ( 4224): create_tensor: loading tensor rope_freqs.weight
D/ai-chat ( 4224): create_tensor: loading tensor blk.12.ffn_gate.weight
D/ai-chat ( 4224): create_tensor: loading tensor blk.12.ffn_down.weight
D/ai-chat ( 4224): create_tensor: loading tensor blk.12.ffn_up.weight
D/ai-chat ( 4224): create_tensor: loading tensor blk.12.ffn_gate.bias
D/ai-chat ( 4224): create_tensor: loading tensor blk.12.ffn_down.bias
D/ai-chat ( 4224): create_tensor: loading tensor blk.12.ffn_up.bias
D/ai-chat ( 4224): create_tensor: loading tensor blk.13.attn_norm.weight
D/ai-chat ( 4224): create_tensor: loading tensor blk.13.attn_qkv.weight
D/ai-chat ( 4224): create_tensor: loading tensor blk.13.attn_q.weight
D/ai-chat ( 4224): create_tensor: loading tensor blk.13.attn_k.weight
D/ai-chat ( 4224): create_tensor: loading tensor blk.13.attn_v.weight
D/ai-chat ( 4224): create_tensor: loading tensor blk.13.attn_q.bias
D/ai-chat ( 4224): create_tensor: loading tensor blk.13.attn_k.bias
D/ai-chat ( 4224): create_tensor: loading tensor blk.13.attn_v.bias
D/ai-chat ( 4224): create_tensor: loading tensor blk.13.attn_output.weight
D/ai-chat ( 4224): create_tensor: loading tensor blk.13.attn_output.bias
D/ai-chat ( 4224): create_tensor: loading tensor blk.13.ffn_norm.weight
D/ai-chat ( 4224): create_tensor: loading tensor rope_freqs.weight
D/ai-chat ( 4224): create_tensor: loading tensor blk.13.ffn_gate.weight
D/ai-chat ( 4224): create_tensor: loading tensor blk.13.ffn_down.weight
D/ai-chat ( 4224): create_tensor: loading tensor blk.13.ffn_up.weight
D/ai-chat ( 4224): create_tensor: loading tensor blk.13.ffn_gate.bias
D/ai-chat ( 4224): create_tensor: loading tensor blk.13.ffn_down.bias
D/ai-chat ( 4224): create_tensor: loading tensor blk.13.ffn_up.bias
D/ai-chat ( 4224): create_tensor: loading tensor blk.14.attn_norm.weight
D/ai-chat ( 4224): create_tensor: loading tensor blk.14.attn_qkv.weight
D/ai-chat ( 4224): create_tensor: loading tensor blk.14.attn_q.weight
D/ai-chat ( 4224): create_tensor: loading tensor blk.14.attn_k.weight
D/ai-chat ( 4224): create_tensor: loading tensor blk.14.attn_v.weight
D/ai-chat ( 4224): create_tensor: loading tensor blk.14.attn_q.bias
D/ai-chat ( 4224): create_tensor: loading tensor blk.14.attn_k.bias
D/ai-chat ( 4224): create_tensor: loading tensor blk.14.attn_v.bias
D/ai-chat ( 4224): create_tensor: loading tensor blk.14.attn_output.weight
D/ai-chat ( 4224): create_tensor: loading tensor blk.14.attn_output.bias
D/ai-chat ( 4224): create_tensor: loading tensor blk.14.ffn_norm.weight
D/ai-chat ( 4224): create_tensor: loading tensor rope_freqs.weight
D/ai-chat ( 4224): create_tensor: loading tensor blk.14.ffn_gate.weight
D/ai-chat ( 4224): create_tensor: loading tensor blk.14.ffn_down.weight
D/ai-chat ( 4224): create_tensor: loading tensor blk.14.ffn_up.weight
D/ai-chat ( 4224): create_tensor: loading tensor blk.14.ffn_gate.bias
D/ai-chat ( 4224): create_tensor: loading tensor blk.14.ffn_down.bias
D/ai-chat ( 4224): create_tensor: loading tensor blk.14.ffn_up.bias
D/ai-chat ( 4224): create_tensor: loading tensor blk.15.attn_norm.weight
D/ai-chat ( 4224): create_tensor: loading tensor blk.15.attn_qkv.weight
D/ai-chat ( 4224): create_tensor: loading tensor blk.15.attn_q.weight
D/ai-chat ( 4224): create_tensor: loading tensor blk.15.attn_k.weight
D/ai-chat ( 4224): create_tensor: loading tensor blk.15.attn_v.weight
D/ai-chat ( 4224): create_tensor: loading tensor blk.15.attn_q.bias
D/ai-chat ( 4224): create_tensor: loading tensor blk.15.attn_k.bias
D/ai-chat ( 4224): create_tensor: loading tensor blk.15.attn_v.bias
D/ai-chat ( 4224): create_tensor: loading tensor blk.15.attn_output.weight
D/ai-chat ( 4224): create_tensor: loading tensor blk.15.attn_output.bias
D/ai-chat ( 4224): create_tensor: loading tensor blk.15.ffn_norm.weight
D/ai-chat ( 4224): create_tensor: loading tensor rope_freqs.weight
D/ai-chat ( 4224): create_tensor: loading tensor blk.15.ffn_gate.weight
D/ai-chat ( 4224): create_tensor: loading tensor blk.15.ffn_down.weight
D/ai-chat ( 4224): create_tensor: loading tensor blk.15.ffn_up.weight
D/ai-chat ( 4224): create_tensor: loading tensor blk.15.ffn_gate.bias
D/ai-chat ( 4224): create_tensor: loading tensor blk.15.ffn_down.bias
D/ai-chat ( 4224): create_tensor: loading tensor blk.15.ffn_up.bias
D/ai-chat ( 4224): create_tensor: loading tensor blk.16.attn_norm.weight
D/ai-chat ( 4224): create_tensor: loading tensor blk.16.attn_qkv.weight
D/ai-chat ( 4224): create_tensor: loading tensor blk.16.attn_q.weight
D/ai-chat ( 4224): create_tensor: loading tensor blk.16.attn_k.weight
D/ai-chat ( 4224): create_tensor: loading tensor blk.16.attn_v.weight
D/ai-chat ( 4224): create_tensor: loading tensor blk.16.attn_q.bias
D/ai-chat ( 4224): create_tensor: loading tensor blk.16.attn_k.bias
D/ai-chat ( 4224): create_tensor: loading tensor blk.16.attn_v.bias
D/ai-chat ( 4224): create_tensor: loading tensor blk.16.attn_output.weight
D/ai-chat ( 4224): create_tensor: loading tensor blk.16.attn_output.bias
D/ai-chat ( 4224): create_tensor: loading tensor blk.16.ffn_norm.weight
D/ai-chat ( 4224): create_tensor: loading tensor rope_freqs.weight
D/ai-chat ( 4224): create_tensor: loading tensor blk.16.ffn_gate.weight
D/ai-chat ( 4224): create_tensor: loading tensor blk.16.ffn_down.weight
D/ai-chat ( 4224): create_tensor: loading tensor blk.16.ffn_up.weight
D/ai-chat ( 4224): create_tensor: loading tensor blk.16.ffn_gate.bias
D/ai-chat ( 4224): create_tensor: loading tensor blk.16.ffn_down.bias
D/ai-chat ( 4224): create_tensor: loading tensor blk.16.ffn_up.bias
D/ai-chat ( 4224): create_tensor: loading tensor blk.17.attn_norm.weight
D/ai-chat ( 4224): create_tensor: loading tensor blk.17.attn_qkv.weight
D/ai-chat ( 4224): create_tensor: loading tensor blk.17.attn_q.weight
D/ai-chat ( 4224): create_tensor: loading tensor blk.17.attn_k.weight
D/ai-chat ( 4224): create_tensor: loading tensor blk.17.attn_v.weight
D/ai-chat ( 4224): create_tensor: loading tensor blk.17.attn_q.bias
D/ai-chat ( 4224): create_tensor: loading tensor blk.17.attn_k.bias
D/ai-chat ( 4224): create_tensor: loading tensor blk.17.attn_v.bias
D/ai-chat ( 4224): create_tensor: loading tensor blk.17.attn_output.weight
D/ai-chat ( 4224): create_tensor: loading tensor blk.17.attn_output.bias
D/ai-chat ( 4224): create_tensor: loading tensor blk.17.ffn_norm.weight
D/ai-chat ( 4224): create_tensor: loading tensor rope_freqs.weight
D/ai-chat ( 4224): create_tensor: loading tensor blk.17.ffn_gate.weight
D/ai-chat ( 4224): create_tensor: loading tensor blk.17.ffn_down.weight
D/ai-chat ( 4224): create_tensor: loading tensor blk.17.ffn_up.weight
D/ai-chat ( 4224): create_tensor: loading tensor blk.17.ffn_gate.bias
D/ai-chat ( 4224): create_tensor: loading tensor blk.17.ffn_down.bias
D/ai-chat ( 4224): create_tensor: loading tensor blk.17.ffn_up.bias
D/ai-chat ( 4224): create_tensor: loading tensor blk.18.attn_norm.weight
D/ai-chat ( 4224): create_tensor: loading tensor blk.18.attn_qkv.weight
D/ai-chat ( 4224): create_tensor: loading tensor blk.18.attn_q.weight
D/ai-chat ( 4224): create_tensor: loading tensor blk.18.attn_k.weight
D/ai-chat ( 4224): create_tensor: loading tensor blk.18.attn_v.weight
D/ai-chat ( 4224): create_tensor: loading tensor blk.18.attn_q.bias
D/ai-chat ( 4224): create_tensor: loading tensor blk.18.attn_k.bias
D/ai-chat ( 4224): create_tensor: loading tensor blk.18.attn_v.bias
D/ai-chat ( 4224): create_tensor: loading tensor blk.18.attn_output.weight
D/ai-chat ( 4224): create_tensor: loading tensor blk.18.attn_output.bias
D/ai-chat ( 4224): create_tensor: loading tensor blk.18.ffn_norm.weight
D/ai-chat ( 4224): create_tensor: loading tensor rope_freqs.weight
D/ai-chat ( 4224): create_tensor: loading tensor blk.18.ffn_gate.weight
D/ai-chat ( 4224): create_tensor: loading tensor blk.18.ffn_down.weight
D/ai-chat ( 4224): create_tensor: loading tensor blk.18.ffn_up.weight
D/ai-chat ( 4224): create_tensor: loading tensor blk.18.ffn_gate.bias
D/ai-chat ( 4224): create_tensor: loading tensor blk.18.ffn_down.bias
D/ai-chat ( 4224): create_tensor: loading tensor blk.18.ffn_up.bias
D/ai-chat ( 4224): create_tensor: loading tensor blk.19.attn_norm.weight
D/ai-chat ( 4224): create_tensor: loading tensor blk.19.attn_qkv.weight
D/ai-chat ( 4224): create_tensor: loading tensor blk.19.attn_q.weight
D/ai-chat ( 4224): create_tensor: loading tensor blk.19.attn_k.weight
D/ai-chat ( 4224): create_tensor: loading tensor blk.19.attn_v.weight
D/ai-chat ( 4224): create_tensor: loading tensor blk.19.attn_q.bias
D/ai-chat ( 4224): create_tensor: loading tensor blk.19.attn_k.bias
D/ai-chat ( 4224): create_tensor: loading tensor blk.19.attn_v.bias
D/ai-chat ( 4224): create_tensor: loading tensor blk.19.attn_output.weight
D/ai-chat ( 4224): create_tensor: loading tensor blk.19.attn_output.bias
D/ai-chat ( 4224): create_tensor: loading tensor blk.19.ffn_norm.weight
D/ai-chat ( 4224): create_tensor: loading tensor rope_freqs.weight
D/ai-chat ( 4224): create_tensor: loading tensor blk.19.ffn_gate.weight
D/ai-chat ( 4224): create_tensor: loading tensor blk.19.ffn_down.weight
D/ai-chat ( 4224): create_tensor: loading tensor blk.19.ffn_up.weight
D/ai-chat ( 4224): create_tensor: loading tensor blk.19.ffn_gate.bias
D/ai-chat ( 4224): create_tensor: loading tensor blk.19.ffn_down.bias
D/ai-chat ( 4224): create_tensor: loading tensor blk.19.ffn_up.bias
D/ai-chat ( 4224): create_tensor: loading tensor blk.20.attn_norm.weight
D/ai-chat ( 4224): create_tensor: loading tensor blk.20.attn_qkv.weight
D/ai-chat ( 4224): create_tensor: loading tensor blk.20.attn_q.weight
D/ai-chat ( 4224): create_tensor: loading tensor blk.20.attn_k.weight
D/ai-chat ( 4224): create_tensor: loading tensor blk.20.attn_v.weight
D/ai-chat ( 4224): create_tensor: loading tensor blk.20.attn_q.bias
D/ai-chat ( 4224): create_tensor: loading tensor blk.20.attn_k.bias
D/ai-chat ( 4224): create_tensor: loading tensor blk.20.attn_v.bias
D/ai-chat ( 4224): create_tensor: loading tensor blk.20.attn_output.weight
D/ai-chat ( 4224): create_tensor: loading tensor blk.20.attn_output.bias
D/ai-chat ( 4224): create_tensor: loading tensor blk.20.ffn_norm.weight
D/ai-chat ( 4224): create_tensor: loading tensor rope_freqs.weight
D/ai-chat ( 4224): create_tensor: loading tensor blk.20.ffn_gate.weight
D/ai-chat ( 4224): create_tensor: loading tensor blk.20.ffn_down.weight
D/ai-chat ( 4224): create_tensor: loading tensor blk.20.ffn_up.weight
D/ai-chat ( 4224): create_tensor: loading tensor blk.20.ffn_gate.bias
D/ai-chat ( 4224): create_tensor: loading tensor blk.20.ffn_down.bias
D/ai-chat ( 4224): create_tensor: loading tensor blk.20.ffn_up.bias
D/ai-chat ( 4224): create_tensor: loading tensor blk.21.attn_norm.weight
D/ai-chat ( 4224): create_tensor: loading tensor blk.21.attn_qkv.weight
D/ai-chat ( 4224): create_tensor: loading tensor blk.21.attn_q.weight
D/ai-chat ( 4224): create_tensor: loading tensor blk.21.attn_k.weight
D/ai-chat ( 4224): create_tensor: loading tensor blk.21.attn_v.weight
D/ai-chat ( 4224): create_tensor: loading tensor blk.21.attn_q.bias
D/ai-chat ( 4224): create_tensor: loading tensor blk.21.attn_k.bias
D/ai-chat ( 4224): create_tensor: loading tensor blk.21.attn_v.bias
D/ai-chat ( 4224): create_tensor: loading tensor blk.21.attn_output.weight
D/ai-chat ( 4224): create_tensor: loading tensor blk.21.attn_output.bias
D/ai-chat ( 4224): create_tensor: loading tensor blk.21.ffn_norm.weight
D/ai-chat ( 4224): create_tensor: loading tensor rope_freqs.weight
D/ai-chat ( 4224): create_tensor: loading tensor blk.21.ffn_gate.weight
D/ai-chat ( 4224): create_tensor: loading tensor blk.21.ffn_down.weight
D/ai-chat ( 4224): create_tensor: loading tensor blk.21.ffn_up.weight
D/ai-chat ( 4224): create_tensor: loading tensor blk.21.ffn_gate.bias
D/ai-chat ( 4224): create_tensor: loading tensor blk.21.ffn_down.bias
D/ai-chat ( 4224): create_tensor: loading tensor blk.21.ffn_up.bias
D/ai-chat ( 4224): create_tensor: loading tensor blk.22.attn_norm.weight
D/ai-chat ( 4224): create_tensor: loading tensor blk.22.attn_qkv.weight
D/ai-chat ( 4224): create_tensor: loading tensor blk.22.attn_q.weight
D/ai-chat ( 4224): create_tensor: loading tensor blk.22.attn_k.weight
D/ai-chat ( 4224): create_tensor: loading tensor blk.22.attn_v.weight
D/ai-chat ( 4224): create_tensor: loading tensor blk.22.attn_q.bias
D/ai-chat ( 4224): create_tensor: loading tensor blk.22.attn_k.bias
D/ai-chat ( 4224): create_tensor: loading tensor blk.22.attn_v.bias
D/ai-chat ( 4224): create_tensor: loading tensor blk.22.attn_output.weight
D/ai-chat ( 4224): create_tensor: loading tensor blk.22.attn_output.bias
D/ai-chat ( 4224): create_tensor: loading tensor blk.22.ffn_norm.weight
D/ai-chat ( 4224): create_tensor: loading tensor rope_freqs.weight
D/ai-chat ( 4224): create_tensor: loading tensor blk.22.ffn_gate.weight
D/ai-chat ( 4224): create_tensor: loading tensor blk.22.ffn_down.weight
D/ai-chat ( 4224): create_tensor: loading tensor blk.22.ffn_up.weight
D/ai-chat ( 4224): create_tensor: loading tensor blk.22.ffn_gate.bias
D/ai-chat ( 4224): create_tensor: loading tensor blk.22.ffn_down.bias
D/ai-chat ( 4224): create_tensor: loading tensor blk.22.ffn_up.bias
D/ai-chat ( 4224): create_tensor: loading tensor blk.23.attn_norm.weight
D/ai-chat ( 4224): create_tensor: loading tensor blk.23.attn_qkv.weight
D/ai-chat ( 4224): create_tensor: loading tensor blk.23.attn_q.weight
D/ai-chat ( 4224): create_tensor: loading tensor blk.23.attn_k.weight
D/ai-chat ( 4224): create_tensor: loading tensor blk.23.attn_v.weight
D/ai-chat ( 4224): create_tensor: loading tensor blk.23.attn_q.bias
D/ai-chat ( 4224): create_tensor: loading tensor blk.23.attn_k.bias
D/ai-chat ( 4224): create_tensor: loading tensor blk.23.attn_v.bias
D/ai-chat ( 4224): create_tensor: loading tensor blk.23.attn_output.weight
D/ai-chat ( 4224): create_tensor: loading tensor blk.23.attn_output.bias
D/ai-chat ( 4224): create_tensor: loading tensor blk.23.ffn_norm.weight
D/ai-chat ( 4224): create_tensor: loading tensor rope_freqs.weight
D/ai-chat ( 4224): create_tensor: loading tensor blk.23.ffn_gate.weight
D/ai-chat ( 4224): create_tensor: loading tensor blk.23.ffn_down.weight
D/ai-chat ( 4224): create_tensor: loading tensor blk.23.ffn_up.weight
D/ai-chat ( 4224): create_tensor: loading tensor blk.23.ffn_gate.bias
D/ai-chat ( 4224): create_tensor: loading tensor blk.23.ffn_down.bias
D/ai-chat ( 4224): create_tensor: loading tensor blk.23.ffn_up.bias
D/ai-chat ( 4224): create_tensor: loading tensor blk.24.attn_norm.weight
D/ai-chat ( 4224): create_tensor: loading tensor blk.24.attn_qkv.weight
D/ai-chat ( 4224): create_tensor: loading tensor blk.24.attn_q.weight
D/ai-chat ( 4224): create_tensor: loading tensor blk.24.attn_k.weight
D/ai-chat ( 4224): create_tensor: loading tensor blk.24.attn_v.weight
D/ai-chat ( 4224): create_tensor: loading tensor blk.24.attn_q.bias
D/ai-chat ( 4224): create_tensor: loading tensor blk.24.attn_k.bias
D/ai-chat ( 4224): create_tensor: loading tensor blk.24.attn_v.bias
D/ai-chat ( 4224): create_tensor: loading tensor blk.24.attn_output.weight
D/ai-chat ( 4224): create_tensor: loading tensor blk.24.attn_output.bias
D/ai-chat ( 4224): create_tensor: loading tensor blk.24.ffn_norm.weight
D/ai-chat ( 4224): create_tensor: loading tensor rope_freqs.weight
D/ai-chat ( 4224): create_tensor: loading tensor blk.24.ffn_gate.weight
D/ai-chat ( 4224): create_tensor: loading tensor blk.24.ffn_down.weight
D/ai-chat ( 4224): create_tensor: loading tensor blk.24.ffn_up.weight
D/ai-chat ( 4224): create_tensor: loading tensor blk.24.ffn_gate.bias
D/ai-chat ( 4224): create_tensor: loading tensor blk.24.ffn_down.bias
D/ai-chat ( 4224): create_tensor: loading tensor blk.24.ffn_up.bias
D/ai-chat ( 4224): create_tensor: loading tensor blk.25.attn_norm.weight
D/ai-chat ( 4224): create_tensor: loading tensor blk.25.attn_qkv.weight
D/ai-chat ( 4224): create_tensor: loading tensor blk.25.attn_q.weight
D/ai-chat ( 4224): create_tensor: loading tensor blk.25.attn_k.weight
D/ai-chat ( 4224): create_tensor: loading tensor blk.25.attn_v.weight
D/ai-chat ( 4224): create_tensor: loading tensor blk.25.attn_q.bias
D/ai-chat ( 4224): create_tensor: loading tensor blk.25.attn_k.bias
D/ai-chat ( 4224): create_tensor: loading tensor blk.25.attn_v.bias
D/ai-chat ( 4224): create_tensor: loading tensor blk.25.attn_output.weight
D/ai-chat ( 4224): create_tensor: loading tensor blk.25.attn_output.bias
D/ai-chat ( 4224): create_tensor: loading tensor blk.25.ffn_norm.weight
D/ai-chat ( 4224): create_tensor: loading tensor rope_freqs.weight
D/ai-chat ( 4224): create_tensor: loading tensor blk.25.ffn_gate.weight
D/ai-chat ( 4224): create_tensor: loading tensor blk.25.ffn_down.weight
D/ai-chat ( 4224): create_tensor: loading tensor blk.25.ffn_up.weight
D/ai-chat ( 4224): create_tensor: loading tensor blk.25.ffn_gate.bias
D/ai-chat ( 4224): create_tensor: loading tensor blk.25.ffn_down.bias
D/ai-chat ( 4224): create_tensor: loading tensor blk.25.ffn_up.bias
D/ai-chat ( 4224): create_tensor: loading tensor blk.26.attn_norm.weight
D/ai-chat ( 4224): create_tensor: loading tensor blk.26.attn_qkv.weight
D/ai-chat ( 4224): create_tensor: loading tensor blk.26.attn_q.weight
D/ai-chat ( 4224): create_tensor: loading tensor blk.26.attn_k.weight
D/ai-chat ( 4224): create_tensor: loading tensor blk.26.attn_v.weight
D/ai-chat ( 4224): create_tensor: loading tensor blk.26.attn_q.bias
D/ai-chat ( 4224): create_tensor: loading tensor blk.26.attn_k.bias
D/ai-chat ( 4224): create_tensor: loading tensor blk.26.attn_v.bias
D/ai-chat ( 4224): create_tensor: loading tensor blk.26.attn_output.weight
D/ai-chat ( 4224): create_tensor: loading tensor blk.26.attn_output.bias
D/ai-chat ( 4224): create_tensor: loading tensor blk.26.ffn_norm.weight
D/ai-chat ( 4224): create_tensor: loading tensor rope_freqs.weight
D/ai-chat ( 4224): create_tensor: loading tensor blk.26.ffn_gate.weight
D/ai-chat ( 4224): create_tensor: loading tensor blk.26.ffn_down.weight
D/ai-chat ( 4224): create_tensor: loading tensor blk.26.ffn_up.weight
D/ai-chat ( 4224): create_tensor: loading tensor blk.26.ffn_gate.bias
D/ai-chat ( 4224): create_tensor: loading tensor blk.26.ffn_down.bias
D/ai-chat ( 4224): create_tensor: loading tensor blk.26.ffn_up.bias
D/ai-chat ( 4224): create_tensor: loading tensor blk.27.attn_norm.weight
D/ai-chat ( 4224): create_tensor: loading tensor blk.27.attn_qkv.weight
D/ai-chat ( 4224): create_tensor: loading tensor blk.27.attn_q.weight
D/ai-chat ( 4224): create_tensor: loading tensor blk.27.attn_k.weight
D/ai-chat ( 4224): create_tensor: loading tensor blk.27.attn_v.weight
D/ai-chat ( 4224): create_tensor: loading tensor blk.27.attn_q.bias
D/ai-chat ( 4224): create_tensor: loading tensor blk.27.attn_k.bias
D/ai-chat ( 4224): create_tensor: loading tensor blk.27.attn_v.bias
D/ai-chat ( 4224): create_tensor: loading tensor blk.27.attn_output.weight
D/ai-chat ( 4224): create_tensor: loading tensor blk.27.attn_output.bias
D/ai-chat ( 4224): create_tensor: loading tensor blk.27.ffn_norm.weight
D/ai-chat ( 4224): create_tensor: loading tensor rope_freqs.weight
D/ai-chat ( 4224): create_tensor: loading tensor blk.27.ffn_gate.weight
D/ai-chat ( 4224): create_tensor: loading tensor blk.27.ffn_down.weight
D/ai-chat ( 4224): create_tensor: loading tensor blk.27.ffn_up.weight
D/ai-chat ( 4224): create_tensor: loading tensor blk.27.ffn_gate.bias
D/ai-chat ( 4224): create_tensor: loading tensor blk.27.ffn_down.bias
D/ai-chat ( 4224): create_tensor: loading tensor blk.27.ffn_up.bias
D/ai-chat ( 4224): create_tensor: loading tensor blk.28.attn_norm.weight
D/ai-chat ( 4224): create_tensor: loading tensor blk.28.attn_qkv.weight
D/ai-chat ( 4224): create_tensor: loading tensor blk.28.attn_q.weight
D/ai-chat ( 4224): create_tensor: loading tensor blk.28.attn_k.weight
D/ai-chat ( 4224): create_tensor: loading tensor blk.28.attn_v.weight
D/ai-chat ( 4224): create_tensor: loading tensor blk.28.attn_q.bias
D/ai-chat ( 4224): create_tensor: loading tensor blk.28.attn_k.bias
D/ai-chat ( 4224): create_tensor: loading tensor blk.28.attn_v.bias
D/ai-chat ( 4224): create_tensor: loading tensor blk.28.attn_output.weight
D/ai-chat ( 4224): create_tensor: loading tensor blk.28.attn_output.bias
D/ai-chat ( 4224): create_tensor: loading tensor blk.28.ffn_norm.weight
D/ai-chat ( 4224): create_tensor: loading tensor rope_freqs.weight
D/ai-chat ( 4224): create_tensor: loading tensor blk.28.ffn_gate.weight
D/ai-chat ( 4224): create_tensor: loading tensor blk.28.ffn_down.weight
D/ai-chat ( 4224): create_tensor: loading tensor blk.28.ffn_up.weight
D/ai-chat ( 4224): create_tensor: loading tensor blk.28.ffn_gate.bias
D/ai-chat ( 4224): create_tensor: loading tensor blk.28.ffn_down.bias
D/ai-chat ( 4224): create_tensor: loading tensor blk.28.ffn_up.bias
D/ai-chat ( 4224): create_tensor: loading tensor blk.29.attn_norm.weight
D/ai-chat ( 4224): create_tensor: loading tensor blk.29.attn_qkv.weight
D/ai-chat ( 4224): create_tensor: loading tensor blk.29.attn_q.weight
D/ai-chat ( 4224): create_tensor: loading tensor blk.29.attn_k.weight
D/ai-chat ( 4224): create_tensor: loading tensor blk.29.attn_v.weight
D/ai-chat ( 4224): create_tensor: loading tensor blk.29.attn_q.bias
D/ai-chat ( 4224): create_tensor: loading tensor blk.29.attn_k.bias
D/ai-chat ( 4224): create_tensor: loading tensor blk.29.attn_v.bias
D/ai-chat ( 4224): create_tensor: loading tensor blk.29.attn_output.weight
D/ai-chat ( 4224): create_tensor: loading tensor blk.29.attn_output.bias
D/ai-chat ( 4224): create_tensor: loading tensor blk.29.ffn_norm.weight
D/ai-chat ( 4224): create_tensor: loading tensor rope_freqs.weight
D/ai-chat ( 4224): create_tensor: loading tensor blk.29.ffn_gate.weight
D/ai-chat ( 4224): create_tensor: loading tensor blk.29.ffn_down.weight
D/ai-chat ( 4224): create_tensor: loading tensor blk.29.ffn_up.weight
D/ai-chat ( 4224): create_tensor: loading tensor blk.29.ffn_gate.bias
D/ai-chat ( 4224): create_tensor: loading tensor blk.29.ffn_down.bias
D/ai-chat ( 4224): create_tensor: loading tensor blk.29.ffn_up.bias
D/ai-chat ( 4224): create_tensor: loading tensor blk.0.attn_q.scale
D/ai-chat ( 4224): create_tensor: loading tensor blk.0.attn_k.scale
D/ai-chat ( 4224): create_tensor: loading tensor blk.0.attn_v.scale
D/ai-chat ( 4224): create_tensor: loading tensor blk.0.attn_output.scale
D/ai-chat ( 4224): create_tensor: loading tensor blk.0.ffn_gate.scale
D/ai-chat ( 4224): create_tensor: loading tensor blk.0.ffn_down.scale
D/ai-chat ( 4224): create_tensor: loading tensor blk.0.ffn_up.scale
D/ai-chat ( 4224): create_tensor: loading tensor blk.0.attn_q.input_scale
D/ai-chat ( 4224): create_tensor: loading tensor blk.0.attn_k.input_scale
D/ai-chat ( 4224): create_tensor: loading tensor blk.0.attn_v.input_scale
D/ai-chat ( 4224): create_tensor: loading tensor blk.0.attn_output.input_scale
D/ai-chat ( 4224): create_tensor: loading tensor blk.0.ffn_gate.input_scale
D/ai-chat ( 4224): create_tensor: loading tensor blk.0.ffn_down.input_scale
D/ai-chat ( 4224): create_tensor: loading tensor blk.0.ffn_up.input_scale
D/ai-chat ( 4224): create_tensor: loading tensor blk.1.attn_q.scale
D/ai-chat ( 4224): create_tensor: loading tensor blk.1.attn_k.scale
D/ai-chat ( 4224): create_tensor: loading tensor blk.1.attn_v.scale
D/ai-chat ( 4224): create_tensor: loading tensor blk.1.attn_output.scale
D/ai-chat ( 4224): create_tensor: loading tensor blk.1.ffn_gate.scale
D/ai-chat ( 4224): create_tensor: loading tensor blk.1.ffn_down.scale
D/ai-chat ( 4224): create_tensor: loading tensor blk.1.ffn_up.scale
D/ai-chat ( 4224): create_tensor: loading tensor blk.1.attn_q.input_scale
D/ai-chat ( 4224): create_tensor: loading tensor blk.1.attn_k.input_scale
D/ai-chat ( 4224): create_tensor: loading tensor blk.1.attn_v.input_scale
D/ai-chat ( 4224): create_tensor: loading tensor blk.1.attn_output.input_scale
D/ai-chat ( 4224): create_tensor: loading tensor blk.1.ffn_gate.input_scale
D/ai-chat ( 4224): create_tensor: loading tensor blk.1.ffn_down.input_scale
D/ai-chat ( 4224): create_tensor: loading tensor blk.1.ffn_up.input_scale
D/ai-chat ( 4224): create_tensor: loading tensor blk.2.attn_q.scale
D/ai-chat ( 4224): create_tensor: loading tensor blk.2.attn_k.scale
D/ai-chat ( 4224): create_tensor: loading tensor blk.2.attn_v.scale
D/ai-chat ( 4224): create_tensor: loading tensor blk.2.attn_output.scale
D/ai-chat ( 4224): create_tensor: loading tensor blk.2.ffn_gate.scale
D/ai-chat ( 4224): create_tensor: loading tensor blk.2.ffn_down.scale
D/ai-chat ( 4224): create_tensor: loading tensor blk.2.ffn_up.scale
D/ai-chat ( 4224): create_tensor: loading tensor blk.2.attn_q.input_scale
D/ai-chat ( 4224): create_tensor: loading tensor blk.2.attn_k.input_scale
D/ai-chat ( 4224): create_tensor: loading tensor blk.2.attn_v.input_scale
D/ai-chat ( 4224): create_tensor: loading tensor blk.2.attn_output.input_scale
D/ai-chat ( 4224): create_tensor: loading tensor blk.2.ffn_gate.input_scale
D/ai-chat ( 4224): create_tensor: loading tensor blk.2.ffn_down.input_scale
D/ai-chat ( 4224): create_tensor: loading tensor blk.2.ffn_up.input_scale
D/ai-chat ( 4224): create_tensor: loading tensor blk.3.attn_q.scale
D/ai-chat ( 4224): create_tensor: loading tensor blk.3.attn_k.scale
D/ai-chat ( 4224): create_tensor: loading tensor blk.3.attn_v.scale
D/ai-chat ( 4224): create_tensor: loading tensor blk.3.attn_output.scale
D/ai-chat ( 4224): create_tensor: loading tensor blk.3.ffn_gate.scale
D/ai-chat ( 4224): create_tensor: loading tensor blk.3.ffn_down.scale
D/ai-chat ( 4224): create_tensor: loading tensor blk.3.ffn_up.scale
D/ai-chat ( 4224): create_tensor: loading tensor blk.3.attn_q.input_scale
D/ai-chat ( 4224): create_tensor: loading tensor blk.3.attn_k.input_scale
D/ai-chat ( 4224): create_tensor: loading tensor blk.3.attn_v.input_scale
D/ai-chat ( 4224): create_tensor: loading tensor blk.3.attn_output.input_scale
D/ai-chat ( 4224): create_tensor: loading tensor blk.3.ffn_gate.input_scale
D/ai-chat ( 4224): create_tensor: loading tensor blk.3.ffn_down.input_scale
D/ai-chat ( 4224): create_tensor: loading tensor blk.3.ffn_up.input_scale
D/ai-chat ( 4224): create_tensor: loading tensor blk.4.attn_q.scale
D/ai-chat ( 4224): create_tensor: loading tensor blk.4.attn_k.scale
D/ai-chat ( 4224): create_tensor: loading tensor blk.4.attn_v.scale
D/ai-chat ( 4224): create_tensor: loading tensor blk.4.attn_output.scale
D/ai-chat ( 4224): create_tensor: loading tensor blk.4.ffn_gate.scale
D/ai-chat ( 4224): create_tensor: loading tensor blk.4.ffn_down.scale
D/ai-chat ( 4224): create_tensor: loading tensor blk.4.ffn_up.scale
D/ai-chat ( 4224): create_tensor: loading tensor blk.4.attn_q.input_scale
D/ai-chat ( 4224): create_tensor: loading tensor blk.4.attn_k.input_scale
D/ai-chat ( 4224): create_tensor: loading tensor blk.4.attn_v.input_scale
D/ai-chat ( 4224): create_tensor: loading tensor blk.4.attn_output.input_scale
D/ai-chat ( 4224): create_tensor: loading tensor blk.4.ffn_gate.input_scale
D/ai-chat ( 4224): create_tensor: loading tensor blk.4.ffn_down.input_scale
D/ai-chat ( 4224): create_tensor: loading tensor blk.4.ffn_up.input_scale
D/ai-chat ( 4224): create_tensor: loading tensor blk.5.attn_q.scale
D/ai-chat ( 4224): create_tensor: loading tensor blk.5.attn_k.scale
D/ai-chat ( 4224): create_tensor: loading tensor blk.5.attn_v.scale
D/ai-chat ( 4224): create_tensor: loading tensor blk.5.attn_output.scale
D/ai-chat ( 4224): create_tensor: loading tensor blk.5.ffn_gate.scale
D/ai-chat ( 4224): create_tensor: loading tensor blk.5.ffn_down.scale
D/ai-chat ( 4224): create_tensor: loading tensor blk.5.ffn_up.scale
D/ai-chat ( 4224): create_tensor: loading tensor blk.5.attn_q.input_scale
D/ai-chat ( 4224): create_tensor: loading tensor blk.5.attn_k.input_scale
D/ai-chat ( 4224): create_tensor: loading tensor blk.5.attn_v.input_scale
D/ai-chat ( 4224): create_tensor: loading tensor blk.5.attn_output.input_scale
D/ai-chat ( 4224): create_tensor: loading tensor blk.5.ffn_gate.input_scale
D/ai-chat ( 4224): create_tensor: loading tensor blk.5.ffn_down.input_scale
D/ai-chat ( 4224): create_tensor: loading tensor blk.5.ffn_up.input_scale
D/ai-chat ( 4224): create_tensor: loading tensor blk.6.attn_q.scale
D/ai-chat ( 4224): create_tensor: loading tensor blk.6.attn_k.scale
D/ai-chat ( 4224): create_tensor: loading tensor blk.6.attn_v.scale
D/ai-chat ( 4224): create_tensor: loading tensor blk.6.attn_output.scale
D/ai-chat ( 4224): create_tensor: loading tensor blk.6.ffn_gate.scale
D/ai-chat ( 4224): create_tensor: loading tensor blk.6.ffn_down.scale
D/ai-chat ( 4224): create_tensor: loading tensor blk.6.ffn_up.scale
D/ai-chat ( 4224): create_tensor: loading tensor blk.6.attn_q.input_scale
D/ai-chat ( 4224): create_tensor: loading tensor blk.6.attn_k.input_scale
D/ai-chat ( 4224): create_tensor: loading tensor blk.6.attn_v.input_scale
D/ai-chat ( 4224): create_tensor: loading tensor blk.6.attn_output.input_scale
D/ai-chat ( 4224): create_tensor: loading tensor blk.6.ffn_gate.input_scale
D/ai-chat ( 4224): create_tensor: loading tensor blk.6.ffn_down.input_scale
D/ai-chat ( 4224): create_tensor: loading tensor blk.6.ffn_up.input_scale
D/ai-chat ( 4224): create_tensor: loading tensor blk.7.attn_q.scale
D/ai-chat ( 4224): create_tensor: loading tensor blk.7.attn_k.scale
D/ai-chat ( 4224): create_tensor: loading tensor blk.7.attn_v.scale
D/ai-chat ( 4224): create_tensor: loading tensor blk.7.attn_output.scale
D/ai-chat ( 4224): create_tensor: loading tensor blk.7.ffn_gate.scale
D/ai-chat ( 4224): create_tensor: loading tensor blk.7.ffn_down.scale
D/ai-chat ( 4224): create_tensor: loading tensor blk.7.ffn_up.scale
D/ai-chat ( 4224): create_tensor: loading tensor blk.7.attn_q.input_scale
D/ai-chat ( 4224): create_tensor: loading tensor blk.7.attn_k.input_scale
D/ai-chat ( 4224): create_tensor: loading tensor blk.7.attn_v.input_scale
D/ai-chat ( 4224): create_tensor: loading tensor blk.7.attn_output.input_scale
D/ai-chat ( 4224): create_tensor: loading tensor blk.7.ffn_gate.input_scale
D/ai-chat ( 4224): create_tensor: loading tensor blk.7.ffn_down.input_scale
D/ai-chat ( 4224): create_tensor: loading tensor blk.7.ffn_up.input_scale
D/ai-chat ( 4224): create_tensor: loading tensor blk.8.attn_q.scale
D/ai-chat ( 4224): create_tensor: loading tensor blk.8.attn_k.scale
D/ai-chat ( 4224): create_tensor: loading tensor blk.8.attn_v.scale
D/ai-chat ( 4224): create_tensor: loading tensor blk.8.attn_output.scale
D/ai-chat ( 4224): create_tensor: loading tensor blk.8.ffn_gate.scale
D/ai-chat ( 4224): create_tensor: loading tensor blk.8.ffn_down.scale
D/ai-chat ( 4224): create_tensor: loading tensor blk.8.ffn_up.scale
D/ai-chat ( 4224): create_tensor: loading tensor blk.8.attn_q.input_scale
D/ai-chat ( 4224): create_tensor: loading tensor blk.8.attn_k.input_scale
D/ai-chat ( 4224): create_tensor: loading tensor blk.8.attn_v.input_scale
D/ai-chat ( 4224): create_tensor: loading tensor blk.8.attn_output.input_scale
D/ai-chat ( 4224): create_tensor: loading tensor blk.8.ffn_gate.input_scale
D/ai-chat ( 4224): create_tensor: loading tensor blk.8.ffn_down.input_scale
D/ai-chat ( 4224): create_tensor: loading tensor blk.8.ffn_up.input_scale
D/ai-chat ( 4224): create_tensor: loading tensor blk.9.attn_q.scale
D/ai-chat ( 4224): create_tensor: loading tensor blk.9.attn_k.scale
D/ai-chat ( 4224): create_tensor: loading tensor blk.9.attn_v.scale
D/ai-chat ( 4224): create_tensor: loading tensor blk.9.attn_output.scale
D/ai-chat ( 4224): create_tensor: loading tensor blk.9.ffn_gate.scale
D/ai-chat ( 4224): create_tensor: loading tensor blk.9.ffn_down.scale
D/ai-chat ( 4224): create_tensor: loading tensor blk.9.ffn_up.scale
D/ai-chat ( 4224): create_tensor: loading tensor blk.9.attn_q.input_scale
D/ai-chat ( 4224): create_tensor: loading tensor blk.9.attn_k.input_scale
D/ai-chat ( 4224): create_tensor: loading tensor blk.9.attn_v.input_scale
D/ai-chat ( 4224): create_tensor: loading tensor blk.9.attn_output.input_scale
D/ai-chat ( 4224): create_tensor: loading tensor blk.9.ffn_gate.input_scale
D/ai-chat ( 4224): create_tensor: loading tensor blk.9.ffn_down.input_scale
D/ai-chat ( 4224): create_tensor: loading tensor blk.9.ffn_up.input_scale
D/ai-chat ( 4224): create_tensor: loading tensor blk.10.attn_q.scale
D/ai-chat ( 4224): create_tensor: loading tensor blk.10.attn_k.scale
D/ai-chat ( 4224): create_tensor: loading tensor blk.10.attn_v.scale
D/ai-chat ( 4224): create_tensor: loading tensor blk.10.attn_output.scale
D/ai-chat ( 4224): create_tensor: loading tensor blk.10.ffn_gate.scale
D/ai-chat ( 4224): create_tensor: loading tensor blk.10.ffn_down.scale
D/ai-chat ( 4224): create_tensor: loading tensor blk.10.ffn_up.scale
D/ai-chat ( 4224): create_tensor: loading tensor blk.10.attn_q.input_scale
D/ai-chat ( 4224): create_tensor: loading tensor blk.10.attn_k.input_scale
D/ai-chat ( 4224): create_tensor: loading tensor blk.10.attn_v.input_scale
D/ai-chat ( 4224): create_tensor: loading tensor blk.10.attn_output.input_scale
D/ai-chat ( 4224): create_tensor: loading tensor blk.10.ffn_gate.input_scale
D/ai-chat ( 4224): create_tensor: loading tensor blk.10.ffn_down.input_scale
D/ai-chat ( 4224): create_tensor: loading tensor blk.10.ffn_up.input_scale
D/ai-chat ( 4224): create_tensor: loading tensor blk.11.attn_q.scale
D/ai-chat ( 4224): create_tensor: loading tensor blk.11.attn_k.scale
D/ai-chat ( 4224): create_tensor: loading tensor blk.11.attn_v.scale
D/ai-chat ( 4224): create_tensor: loading tensor blk.11.attn_output.scale
D/ai-chat ( 4224): create_tensor: loading tensor blk.11.ffn_gate.scale
D/ai-chat ( 4224): create_tensor: loading tensor blk.11.ffn_down.scale
D/ai-chat ( 4224): create_tensor: loading tensor blk.11.ffn_up.scale
D/ai-chat ( 4224): create_tensor: loading tensor blk.11.attn_q.input_scale
D/ai-chat ( 4224): create_tensor: loading tensor blk.11.attn_k.input_scale
D/ai-chat ( 4224): create_tensor: loading tensor blk.11.attn_v.input_scale
D/ai-chat ( 4224): create_tensor: loading tensor blk.11.attn_output.input_scale
D/ai-chat ( 4224): create_tensor: loading tensor blk.11.ffn_gate.input_scale
D/ai-chat ( 4224): create_tensor: loading tensor blk.11.ffn_down.input_scale
D/ai-chat ( 4224): create_tensor: loading tensor blk.11.ffn_up.input_scale
D/ai-chat ( 4224): create_tensor: loading tensor blk.12.attn_q.scale
D/ai-chat ( 4224): create_tensor: loading tensor blk.12.attn_k.scale
D/ai-chat ( 4224): create_tensor: loading tensor blk.12.attn_v.scale
D/ai-chat ( 4224): create_tensor: loading tensor blk.12.attn_output.scale
D/ai-chat ( 4224): create_tensor: loading tensor blk.12.ffn_gate.scale
D/ai-chat ( 4224): create_tensor: loading tensor blk.12.ffn_down.scale
D/ai-chat ( 4224): create_tensor: loading tensor blk.12.ffn_up.scale
D/ai-chat ( 4224): create_tensor: loading tensor blk.12.attn_q.input_scale
D/ai-chat ( 4224): create_tensor: loading tensor blk.12.attn_k.input_scale
D/ai-chat ( 4224): create_tensor: loading tensor blk.12.attn_v.input_scale
D/ai-chat ( 4224): create_tensor: loading tensor blk.22.ffn_down.input_scale
D/ai-chat ( 4224): create_tensor: loading tensor blk.22.ffn_up.input_scale
D/ai-chat ( 4224): create_tensor: loading tensor blk.23.attn_q.scale
D/ai-chat ( 4224): create_tensor: loading tensor blk.23.attn_output.scale
D/ai-chat ( 4224): create_tensor: loading tensor blk.23.ffn_gate.scale
D/ai-chat ( 4224): create_tensor: loading tensor blk.23.ffn_down.scale
D/ai-chat ( 4224): create_tensor: loading tensor blk.23.ffn_up.scale
D/ai-chat ( 4224): create_tensor: loading tensor blk.23.attn_q.input_scale
D/ai-chat ( 4224): create_tensor: loading tensor blk.23.attn_k.input_scale
D/ai-chat ( 4224): create_tensor: loading tensor blk.23.attn_v.input_scale
D/ai-chat ( 4224): create_tensor: loading tensor blk.23.attn_output.input_scale
D/ai-chat ( 4224): create_tensor: loading tensor blk.23.ffn_gate.input_scale
D/ai-chat ( 4224): create_tensor: loading tensor blk.23.ffn_down.input_scale
D/ai-chat ( 4224): create_tensor: loading tensor blk.23.ffn_up.input_scale
D/ai-chat ( 4224): create_tensor: loading tensor blk.24.attn_q.scale
D/ai-chat ( 4224): create_tensor: loading tensor blk.24.attn_k.scale
D/ai-chat ( 4224): create_tensor: loading tensor blk.24.attn_v.scale
D/ai-chat ( 4224): create_tensor: loading tensor blk.24.attn_output.scale
D/ai-chat ( 4224): create_tensor: loading tensor blk.24.ffn_gate.scale
D/ai-chat ( 4224): create_tensor: loading tensor blk.24.ffn_down.scale
D/ai-chat ( 4224): create_tensor: loading tensor blk.24.ffn_up.scale
D/ai-chat ( 4224): create_tensor: loading tensor blk.24.attn_q.input_scale
D/ai-chat ( 4224): create_tensor: loading tensor blk.24.attn_k.input_scale
D/ai-chat ( 4224): create_tensor: loading tensor blk.24.attn_v.input_scale
D/ai-chat ( 4224): create_tensor: loading tensor blk.24.attn_output.input_scale
D/ai-chat ( 4224): create_tensor: loading tensor blk.24.ffn_gate.input_scale
D/ai-chat ( 4224): create_tensor: loading tensor blk.24.ffn_down.input_scale
D/ai-chat ( 4224): create_tensor: loading tensor blk.24.ffn_up.input_scale
D/ai-chat ( 4224): create_tensor: loading tensor blk.25.attn_q.scale
D/ai-chat ( 4224): create_tensor: loading tensor blk.25.attn_k.scale
D/ai-chat ( 4224): create_tensor: loading tensor blk.25.attn_v.scale
D/ai-chat ( 4224): create_tensor: loading tensor blk.25.attn_output.scale
D/ai-chat ( 4224): create_tensor: loading tensor blk.25.ffn_gate.scale
D/ai-chat ( 4224): create_tensor: loading tensor blk.25.ffn_down.scale
D/ai-chat ( 4224): create_tensor: loading tensor blk.25.ffn_up.scale
D/ai-chat ( 4224): create_tensor: loading tensor blk.25.attn_q.input_scale
D/ai-chat ( 4224): create_tensor: loading tensor blk.25.attn_k.input_scale
D/ai-chat ( 4224): create_tensor: loading tensor blk.25.attn_v.input_scale
D/ai-chat ( 4224): create_tensor: loading tensor blk.25.attn_output.input_scale
D/ai-chat ( 4224): create_tensor: loading tensor blk.25.ffn_gate.input_scale
D/ai-chat ( 4224): create_tensor: loading tensor blk.25.ffn_down.input_scale
D/ai-chat ( 4224): create_tensor: loading tensor blk.25.ffn_up.input_scale
D/ai-chat ( 4224): create_tensor: loading tensor blk.26.attn_q.scale
D/ai-chat ( 4224): create_tensor: loading tensor blk.26.attn_k.scale
D/ai-chat ( 4224): create_tensor: loading tensor blk.26.attn_v.scale
D/ai-chat ( 4224): create_tensor: loading tensor blk.26.attn_output.scale
D/ai-chat ( 4224): create_tensor: loading tensor blk.26.ffn_gate.scale
D/ai-chat ( 4224): create_tensor: loading tensor blk.26.ffn_down.scale
D/ai-chat ( 4224): create_tensor: loading tensor blk.26.ffn_up.scale
D/ai-chat ( 4224): create_tensor: loading tensor blk.26.attn_q.input_scale
D/ai-chat ( 4224): create_tensor: loading tensor blk.26.attn_k.input_scale
D/ai-chat ( 4224): create_tensor: loading tensor blk.26.attn_v.input_scale
D/ai-chat ( 4224): create_tensor: loading tensor blk.26.attn_output.input_scale
D/ai-chat ( 4224): create_tensor: loading tensor blk.26.ffn_gate.input_scale
D/ai-chat ( 4224): create_tensor: loading tensor blk.26.ffn_down.input_scale
D/ai-chat ( 4224): create_tensor: loading tensor blk.26.ffn_up.input_scale
D/ai-chat ( 4224): create_tensor: loading tensor blk.27.attn_q.scale
D/ai-chat ( 4224): create_tensor: loading tensor blk.27.attn_k.scale
D/ai-chat ( 4224): create_tensor: loading tensor blk.27.attn_v.scale
D/ai-chat ( 4224): create_tensor: loading tensor blk.27.attn_output.scale
D/ai-chat ( 4224): create_tensor: loading tensor blk.27.ffn_gate.scale
D/ai-chat ( 4224): create_tensor: loading tensor blk.27.ffn_down.scale
D/ai-chat ( 4224): create_tensor: loading tensor blk.27.ffn_up.scale
D/ai-chat ( 4224): create_tensor: loading tensor blk.27.attn_q.input_scale
D/ai-chat ( 4224): create_tensor: loading tensor blk.27.attn_k.input_scale
D/ai-chat ( 4224): create_tensor: loading tensor blk.27.attn_v.input_scale
D/ai-chat ( 4224): create_tensor: loading tensor blk.27.attn_output.input_scale
D/ai-chat ( 4224): create_tensor: loading tensor blk.27.ffn_gate.input_scale
D/ai-chat ( 4224): create_tensor: loading tensor blk.27.ffn_down.input_scale
D/ai-chat ( 4224): create_tensor: loading tensor blk.27.ffn_up.input_scale
D/ai-chat ( 4224): create_tensor: loading tensor blk.28.attn_q.scale
D/ai-chat ( 4224): create_tensor: loading tensor blk.28.attn_k.scale
D/ai-chat ( 4224): create_tensor: loading tensor blk.28.attn_v.scale
D/ai-chat ( 4224): create_tensor: loading tensor blk.28.attn_output.scale
D/ai-chat ( 4224): create_tensor: loading tensor blk.28.ffn_gate.scale
D/ai-chat ( 4224): create_tensor: loading tensor blk.28.ffn_down.scale
D/ai-chat ( 4224): create_tensor: loading tensor blk.28.ffn_up.scale
D/ai-chat ( 4224): create_tensor: loading tensor blk.28.attn_q.input_scale
D/ai-chat ( 4224): create_tensor: loading tensor blk.28.attn_k.input_scale
D/ai-chat ( 4224): create_tensor: loading tensor blk.28.attn_v.input_scale
D/ai-chat ( 4224): create_tensor: loading tensor blk.28.attn_output.input_scale
D/ai-chat ( 4224): create_tensor: loading tensor blk.28.ffn_gate.input_scale
D/ai-chat ( 4224): create_tensor: loading tensor blk.28.ffn_down.input_scale
D/ai-chat ( 4224): create_tensor: loading tensor blk.28.ffn_up.input_scale
D/ai-chat ( 4224): create_tensor: loading tensor blk.29.attn_q.scale
D/ai-chat ( 4224): create_tensor: loading tensor blk.29.attn_k.scale
D/ai-chat ( 4224): create_tensor: loading tensor blk.29.attn_v.scale
D/ai-chat ( 4224): create_tensor: loading tensor blk.29.attn_output.scale
D/ai-chat ( 4224): create_tensor: loading tensor blk.29.ffn_gate.scale
D/ai-chat ( 4224): create_tensor: loading tensor blk.29.ffn_down.scale
D/ai-chat ( 4224): create_tensor: loading tensor blk.29.ffn_up.scale
D/ai-chat ( 4224): create_tensor: loading tensor blk.29.attn_q.input_scale
D/ai-chat ( 4224): create_tensor: loading tensor blk.29.attn_k.input_scale
D/ai-chat ( 4224): create_tensor: loading tensor blk.29.attn_v.input_scale
D/ai-chat ( 4224): create_tensor: loading tensor blk.29.attn_output.input_scale
D/ai-chat ( 4224): create_tensor: loading tensor blk.29.ffn_gate.input_scale
D/ai-chat ( 4224): create_tensor: loading tensor blk.29.ffn_down.input_scale
D/ai-chat ( 4224): create_tensor: loading tensor blk.29.ffn_up.input_scale
D/ai-chat ( 4224): done_getting_tensors: tensor 'token_embd.weight' (q8_0) (and 272 others) cannot be used with preferred buffer type CPU_REPACK, using CPU instead
I/ai-chat ( 4224): load_tensors:   CPU_Mapped model buffer size =    98.87 MiB
I/ai-chat ( 4224): llama_model_load_from_file result=success
I/ai-chat ( 4224): init_context: Using 4 threads
I/ai-chat ( 4224): llama_context: constructing llama_context
I/ai-chat ( 4224): llama_context: n_seq_max             = 1
I/ai-chat ( 4224): llama_context: n_ctx                 = 8192
I/ai-chat ( 4224): llama_context: n_ctx_seq             = 8192
I/ai-chat ( 4224): llama_context: n_batch               = 512
I/ai-chat ( 4224): llama_context: n_ubatch              = 512
I/ai-chat ( 4224): llama_context: causal_attn           = 1
I/ai-chat ( 4224): llama_context: flash_attn            = auto
I/ai-chat ( 4224): llama_context: kv_unified            = false
I/ai-chat ( 4224): llama_context: freq_base             = 100000.0
I/ai-chat ( 4224): llama_context: freq_scale            = 1
I/ai-chat ( 4224): llama_context: n_rs_seq              = 0
I/ai-chat ( 4224): llama_context: n_outputs_max         = 512
I/ai-chat ( 4224): llama_context: n_outputs_max_per_seq = 1
D/ai-chat ( 4224): set_abort_callback: call
I/ai-chat ( 4224): llama_context:        CPU  output buffer size =     0.19 MiB
D/ai-chat ( 4224): llama_kv_cache: layer   0: dev = CPU
D/ai-chat ( 4224): llama_kv_cache: layer   1: dev = CPU
D/ai-chat ( 4224): llama_kv_cache: layer   2: dev = CPU
D/ai-chat ( 4224): llama_kv_cache: layer   3: dev = CPU
D/ai-chat ( 4224): llama_kv_cache: layer   4: dev = CPU
D/ai-chat ( 4224): llama_kv_cache: layer   5: dev = CPU
D/ai-chat ( 4224): llama_kv_cache: layer   6: dev = CPU
D/ai-chat ( 4224): llama_kv_cache: layer   7: dev = CPU
D/ai-chat ( 4224): llama_kv_cache: layer   8: dev = CPU
D/ai-chat ( 4224): llama_kv_cache: layer   9: dev = CPU
D/ai-chat ( 4224): llama_kv_cache: layer  10: dev = CPU
D/ai-chat ( 4224): llama_kv_cache: layer  11: dev = CPU
D/ai-chat ( 4224): llama_kv_cache: layer  12: dev = CPU
D/ai-chat ( 4224): llama_kv_cache: layer  13: dev = CPU
D/ai-chat ( 4224): llama_kv_cache: layer  14: dev = CPU
D/ai-chat ( 4224): llama_kv_cache: layer  15: dev = CPU
D/ai-chat ( 4224): llama_kv_cache: layer  16: dev = CPU
D/ai-chat ( 4224): llama_kv_cache: layer  17: dev = CPU
D/ai-chat ( 4224): llama_kv_cache: layer  18: dev = CPU
D/ai-chat ( 4224): llama_kv_cache: layer  19: dev = CPU
D/ai-chat ( 4224): llama_kv_cache: layer  20: dev = CPU
D/ai-chat ( 4224): llama_kv_cache: layer  21: dev = CPU
D/ai-chat ( 4224): llama_kv_cache: layer  22: dev = CPU
D/ai-chat ( 4224): llama_kv_cache: layer  23: dev = CPU
D/ai-chat ( 4224): llama_kv_cache: layer  24: dev = CPU
D/ai-chat ( 4224): llama_kv_cache: layer  25: dev = CPU
D/ai-chat ( 4224): llama_kv_cache: layer  26: dev = CPU
D/ai-chat ( 4224): llama_kv_cache: layer  27: dev = CPU
D/ai-chat ( 4224): llama_kv_cache: layer  28: dev = CPU
D/ai-chat ( 4224): llama_kv_cache: layer  29: dev = CPU
I/ai-chat ( 4224): llama_kv_cache:        CPU KV buffer size =   180.00 MiB
I/ai-chat ( 4224): llama_kv_cache: size =  180.00 MiB (  8192 cells,  30 layers,  1/1 seqs), K (f16):   90.00 MiB, V (f16):   90.00 MiB
I/ai-chat ( 4224): llama_kv_cache: attn_rot_k = 0, n_embd_head_k_all = 64
I/ai-chat ( 4224): llama_kv_cache: attn_rot_v = 0, n_embd_head_k_all = 64
D/ai-chat ( 4224): llama_context: enumerating backends
D/ai-chat ( 4224): llama_context: backend_ptrs.size() = 1
I/ai-chat ( 4224): sched_reserve: reserving ...
D/ai-chat ( 4224): sched_reserve: max_nodes = 2176
D/ai-chat ( 4224): sched_reserve: reserving full memory module
D/ai-chat ( 4224): sched_reserve: worst-case: n_tokens = 512, n_seqs = 1, n_outputs = 1
D/ai-chat ( 4224): graph_reserve: reserving a graph for ubatch with n_tokens =    1, n_seqs =  1, n_outputs =    1
I/ai-chat ( 4224): resolve_fused_ops: Flash Attention enabled
I/ai-chat ( 4224): resolve_fused_ops: resolving fused DeepSeek V4 HC support:
D/ai-chat ( 4224): graph_reserve: reserving a graph for ubatch with n_tokens =    1, n_seqs =  1, n_outputs =    1
I/ai-chat ( 4224): resolve_fused_ops: fused DeepSeek V4 HC pre enabled
D/ai-chat ( 4224): graph_reserve: reserving a graph for ubatch with n_tokens =    1, n_seqs =  1, n_outputs =    1
I/ai-chat ( 4224): resolve_fused_ops: fused DeepSeek V4 HC comb enabled
D/ai-chat ( 4224): graph_reserve: reserving a graph for ubatch with n_tokens =    1, n_seqs =  1, n_outputs =    1
I/ai-chat ( 4224): resolve_fused_ops: fused DeepSeek V4 HC post enabled
D/ai-chat ( 4224): graph_reserve: reserving a graph for ubatch with n_tokens =  512, n_seqs =  1, n_outputs =  512
D/ai-chat ( 4224): graph_reserve: reserving a graph for ubatch with n_tokens =    1, n_seqs =  1, n_outputs =    1
D/ai-chat ( 4224): graph_reserve: reserving a graph for ubatch with n_tokens =  512, n_seqs =  1, n_outputs =  512
I/ai-chat ( 4224): sched_reserve:        CPU compute buffer size =    98.25 MiB
I/ai-chat ( 4224): sched_reserve: graph nodes  = 936
I/ai-chat ( 4224): sched_reserve: graph splits = 1
I/ai-chat ( 4224): sched_reserve: reserve took 34.30 ms, sched copies = 1
I/ai-chat ( 4224): context creation result=success
I/WifiHAL ( 1017): Creating message to get link statistics; iface = 47
I/InferenceEngineImpl( 4224): Model loaded!
I/InferenceEngineImpl( 4224): Sending system prompt...
D/ai-chat ( 4224): Java_com_arm_aichat_internal_InferenceEngineImpl_processSystemPrompt: System prompt received: 
D/ai-chat ( 4224): plain
I/ai-chat ( 4224): chat_add_and_format: Formatted and added system message: 
I/ai-chat ( 4224): <|im_start|>system
I/ai-chat ( 4224): plain<|im_end|>
I/ai-chat ( 4224): 
V/ai-chat ( 4224): token: `<|im_start|>`	 -> `1`
V/ai-chat ( 4224): token: `system`	 -> `9690`
V/ai-chat ( 4224): token: `
V/ai-chat ( 4224): `	 -> `198`
V/ai-chat ( 4224): token: `plain`	 -> `21062`
V/ai-chat ( 4224): token: `<|im_end|>`	 -> `2`
V/ai-chat ( 4224): token: `
V/ai-chat ( 4224): `	 -> `198`
D/ai-chat ( 4224): decode_tokens_in_batches: Decode 6 tokens starting at position 0
V/ai-chat ( 4224): decode_tokens_in_batches: Preparing a batch size of 6 starting at: 0
I/WifiHAL ( 1017): Getting cached scan results, iface handle = 0xb4000072f282ed50
E/WifiHAL ( 1017): Creating message to get cached scan results
I/WifiHAL ( 1017): In GetCachedScanResultsCommand::handleResponse
D/WifiHAL ( 1017): Start debug command: mType GET_FEATURE
I/WifiHAL ( 1017): CreateRequest mType = GET_FEATURE
D/WifiHAL ( 1017): In DebugCommand::handleResponse, mType:GET_FEATURE
D/WifiHAL ( 1017): len = 4, expected len = 4
I/HalDevMgr( 1509): bestIfaceCreationProposal is null, requestIface=STA, existingIface=[name=wlan0 type=STA]
D/BoundBrokerSvc( 2764): onRebind: Intent { act=com.google.android.gms.findmydevice.spot.service.locationreport.START dat=chimera-action:/... xflg=0x4 cmp=com.google.android.gms/.chimera.PersistentApiService }
I/NearbyDiscovery( 2764): (REDACTED) DiscoveryService onStartCommand action: %s
I/NearbyDiscovery( 2764): FastPairApiHandler: trigger firmware update check [CONTEXT service_id=265 ]
I/NearbyDiscovery( 2764): (REDACTED) FastPairApiHandler: Send result, package=(%s), requestType=(%s), status=(%s)
I/InferenceEngineImpl( 4224): System prompt processed! Awaiting user prompt...
I/InferenceEngineImpl( 4224): Sending user prompt (maxTokens=16 temperature=0.2)...
I/ai-chat ( 4224): Sampler temperature=0.200000
D/ai-chat ( 4224): Java_com_arm_aichat_internal_InferenceEngineImpl_processUserPrompt: User prompt received: 
D/ai-chat ( 4224): TESTONE
I/ai-chat ( 4224): chat_add_and_format: Formatted and added user message: 
I/ai-chat ( 4224): 
I/ai-chat ( 4224): <|im_start|>user
I/ai-chat ( 4224): TESTONE<|im_end|>
I/ai-chat ( 4224): <|im_start|>assistant
I/ai-chat ( 4224): 
V/ai-chat ( 4224): token: `
V/ai-chat ( 4224): `	 -> `198`
V/ai-chat ( 4224): token: `<|im_start|>`	 -> `1`
V/ai-chat ( 4224): token: `user`	 -> `4093`
V/ai-chat ( 4224): token: `
V/ai-chat ( 4224): `	 -> `198`
V/ai-chat ( 4224): token: `TEST`	 -> `21700`
V/ai-chat ( 4224): token: `ONE`	 -> `19832`
V/ai-chat ( 4224): token: `<|im_end|>`	 -> `2`
V/ai-chat ( 4224): token: `
V/ai-chat ( 4224): `	 -> `198`
V/ai-chat ( 4224): token: `<|im_start|>`	 -> `1`
V/ai-chat ( 4224): token: `ass`	 -> `520`
V/ai-chat ( 4224): token: `istant`	 -> `9531`
V/ai-chat ( 4224): token: `
V/ai-chat ( 4224): `	 -> `198`
D/ai-chat ( 4224): decode_tokens_in_batches: Decode 12 tokens starting at position 6
V/ai-chat ( 4224): decode_tokens_in_batches: Preparing a batch size of 12 starting at: 0
I/InferenceEngineImpl( 4224): User prompt processed. Generating assistant prompt...
I/hwc-display(  554): Display Temperature : 33°C
V/ai-chat ( 4224): id: 3725,	cached: `````,	new: `````
I/bthal.activity(  964): bt_power: LeAdvStat: 19:39:32:061 - 19:39:33:066, duration: 1004, le_adv_count: 2, total_le_adv_count: 9312, total_event_count: 2
D/TemperatureStateSource( 2309): sequence=7185 actualDelay=10000
D/TemperatureStateSource( 2309): Reading temperature: sequence=7186
I/pixel-thermal( 1798): VIRTUAL-SKIN:34.9624 raw data: VIRTUAL-SKIN:34962.4 VIRTUAL-SKIN-SUB-1:34962.4 VIRTUAL-SKIN-SUB-2:30948.9 VIRTUAL-SKIN-SUB-3:33214 charger_therm:36091 gnss_tcxo_therm:35556 modem_therm:35579 quiet_therm:34621 rffe_therm:33753 soc_therm:35089 usb_conn_therm:33620 
D/TemperatureStateSource( 2309): getDeviceTemperatures: sequence=7186 deviceTemperatureType=3 temperatureSource=0 temperatures=[34.962353]
D/TemperatureStateSource( 2309): sequence=7186 waitTime=10000
D/ImpulseStateSource( 2309): Notify clients: 7424
D/AOC     ( 1205): A3:MSG: usf_vsc_log.cc, 69: VSC: [Auto Brightness] Retune sensor-3 (tout:1 drop:0): avg 94.525 -> 94.525 [wm:95.499]
D/AOC     ( 1205): A3:MSG: usf_vsc_log.cc, 69: VSC: [Auto Brightness] Retune sensor-0 (tout:1 drop:0): avg 94.300 -> 94.301 [wm:95.584]
I/WifiHAL ( 1017): Creating message to get link statistics; iface = 47
I/WifiHAL ( 1017): Getting cached scan results, iface handle = 0xb4000072f282ed50
E/WifiHAL ( 1017): Creating message to get cached scan results
I/WifiHAL ( 1017): In GetCachedScanResultsCommand::handleResponse
D/WifiHAL ( 1017): Start debug command: mType GET_FEATURE
I/WifiHAL ( 1017): CreateRequest mType = GET_FEATURE
D/WifiHAL ( 1017): In DebugCommand::handleResponse, mType:GET_FEATURE
D/WifiHAL ( 1017): len = 4, expected len = 4
I/HalDevMgr( 1509): bestIfaceCreationProposal is null, requestIface=STA, existingIface=[name=wlan0 type=STA]
D/BoundBrokerSvc(31472): onUnbind: Intent { act=com.google.android.gms.common.BIND_SHARED_PREFS xflg=0x4 pkg=com.google.android.gms }
I/NearbyMediums( 2764): No BLE Fast/GATT advertisements found in the latest cycle.
I/NearbyMediums( 2764): Current Tracked Scanning Clients are : {NearbyConnections.EnvironmentMonitor, NearbySharing, NearbyConnections.TxAdvertisement}
D/App     (17488): bindSocketToActiveNetwork: binding fd=111 to net=112 iface=wlan0
D/gojni   (17488): App: bindSocketToActiveNetwork: binding fd=111 to net=112 iface=wlan0
W/ip      ( 4285): type=1400 audit(0.0:24587): avc:  denied  { bind } for  scontext=u:r:untrusted_app_34:s0:c97,c257,c512,c768 tcontext=u:r:untrusted_app_34:s0:c97,c257,c512,c768 tclass=netlink_route_socket permissive=0
V/ai-chat ( 4224): id: 5367,	cached: `python`,	new: `python`
W/ip      ( 4287): type=1400 audit(0.0:24588): avc:  denied  { bind } for  scontext=u:r:untrusted_app_34:s0:c97,c257,c512,c768 tcontext=u:r:untrusted_app_34:s0:c97,c257,c512,c768 tclass=netlink_route_socket permissive=0
V/ai-chat ( 4224): id: 198,	cached: `
V/ai-chat ( 4224): `,	new: `
V/ai-chat ( 4224): `
V/ai-chat ( 4224): id: 2017,	cached: `import`,	new: `import`
D/ProfileInstaller( 4224): Installing profile for com.example.ollamataskerbridge
D/gojni   (17488): 20.3M/264.5M netcheck: DetectCaptivePortal(found=false)
W/ip      ( 4333): type=1400 audit(0.0:24589): avc:  denied  { bind } for  scontext=u:r:untrusted_app_34:s0:c97,c257,c512,c768 tcontext=u:r:untrusted_app_34:s0:c97,c257,c512,c768 tclass=netlink_route_socket permissive=0 app=com.tailscale.ipn
W/elockcontroller( 3151): Reducing the number of considered missed Gc histogram windows from 404 to 100
V/ai-chat ( 4224): id: 18652,	cached: ` unittest`,	new: ` unittest`
D/BoundBrokerSvc(31472): onUnbind: Intent { act=com.google.android.gms.semanticlocationhistory.service.START dat=chimera-action:/... xflg=0x4 cmp=com.google.android.gms/.chimera.GmsApiService }
V/ai-chat ( 4224): id: 198,	cached: `
V/ai-chat ( 4224): `,	new: `
V/ai-chat ( 4224): `
E/hwc-display(  554): [PrimaryDisplay,pid=992,blob#396,chan#0] HistogramDevice::checkQueryResult: BAD_HIST_DATA, no event is handled
W/hwc-display(  554): [PrimaryDisplay,pid=554,blob#396] HistogramDevice::_handleDrmEvent: ignore the event(0x795ca324b8), collectStatus is NOT_STARTED
D/usf_sensor_hal(  992): [p0]Histogram API error:BAD_HIST_DATA
I/WifiHAL ( 1017): Creating message to get link statistics; iface = 47
I/WifiHAL ( 1017): Getting cached scan results, iface handle = 0xb4000072f282ed50
E/WifiHAL ( 1017): Creating message to get cached scan results
I/WifiHAL ( 1017): In GetCachedScanResultsCommand::handleResponse
D/WifiHAL ( 1017): Start debug command: mType GET_FEATURE
I/WifiHAL ( 1017): CreateRequest mType = GET_FEATURE
D/WifiHAL ( 1017): In DebugCommand::handleResponse, mType:GET_FEATURE
D/WifiHAL ( 1017): len = 4, expected len = 4
I/HalDevMgr( 1509): bestIfaceCreationProposal is null, requestIface=STA, existingIface=[name=wlan0 type=STA]
W/hwc-display(  554): [PrimaryDisplay,pid=554,blob#396] HistogramDevice::_handleDrmEvent: ignore the event(0x795ca324b8), collectStatus is NOT_STARTED
E/hwc-display(  554): [PrimaryDisplay,pid=992,blob#396,chan#0] HistogramDevice::checkQueryResult: BAD_HIST_DATA, no event is handled
D/usf_sensor_hal(  992): [p0]Histogram API error:BAD_HIST_DATA
D/WM-DelayedWorkTracker( 9511): Scheduling work 39bfd74e-6691-47b2-a550-6cb4a5c2c7ec
D/WM-GreedyScheduler( 9511): Starting tracking for 39bfd74e-6691-47b2-a550-6cb4a5c2c7ec
D/WM-GreedyScheduler( 9511): Constraints met: Scheduling work ID WorkGenerationalId(workSpecId=39bfd74e-6691-47b2-a550-6cb4a5c2c7ec, generation=0)
D/WM-Processor( 9511): e: processing WorkGenerationalId(workSpecId=39bfd74e-6691-47b2-a550-6cb4a5c2c7ec, generation=0)
D/ActivityManager( 1509): sync unfroze 9511 com.thetileapp.tile for 6
D/BluetoothAdapter( 9511): isLeEnabled(): ON
D/BluetoothLeScanner( 9511): could not find callback wrapper
D/BluetoothAdapter( 9511): isLeEnabled(): ON
W/ProcessStats( 1509): Tracking association SourceState{49cd46a system/1000 ImpBg #171265} whose proc state 6 is better than process ProcessState{aeecdc6 com.thetileapp.tile/10325 pkg=com.thetileapp.tile} proc state 14 (5 skipped)
D/WM-SystemJobService( 9511): onStartJob for WorkGenerationalId(workSpecId=39bfd74e-6691-47b2-a550-6cb4a5c2c7ec, generation=0)
I/bt_shim_scanner( 2277): system/main/shim/le_scanning_manager.cc:182 ScanFilterParamSetup: in shim layer, clientIf=6
I/bt_shim_scanner( 2277): system/main/shim/le_scanning_manager.cc:182 ScanFilterParamSetup: in shim layer, clientIf=6
I/bt_shim_scanner( 2277): system/main/shim/le_scanning_manager.cc:144 Unregister: in shim layer, scannerId=6
D/WM-WorkerWrapper( 9511): Starting work for com.thetileapp.tile.jobmanager.TileJobWorker
D/WM-Processor( 9511): Work WorkGenerationalId(workSpecId=39bfd74e-6691-47b2-a550-6cb4a5c2c7ec, generation=0) is already enqueued for processing
D/BluetoothAdapter( 9511): isLeEnabled(): ON
I/bt_shim_scanner( 2277): system/main/shim/le_scanning_manager.cc:138 RegisterScanner: in shim layer, UUID=913abad1-e029-478c-82c7-eabd9e71e902
D/BluetoothLeScanner( 9511): onScannerRegistered(status=0, scannerId=6): mScannerId=0
I/bt_shim_scanner( 2277): system/main/shim/le_scanning_manager.cc:239 ScanFilterEnable: in shim layer
I/bt_shim_scanner( 2277): system/main/shim/le_scanning_manager.cc:215 ScanFilterAdd: in shim layer
I/bt_shim_scanner( 2277): system/main/shim/le_scanning_manager.cc:182 ScanFilterParamSetup: in shim layer, clientIf=6
I/bt_shim_scanner( 2277): system/main/shim/le_scanning_manager.cc:215 ScanFilterAdd: in shim layer
I/bt_shim_scanner( 2277): system/main/shim/le_scanning_manager.cc:182 ScanFilterParamSetup: in shim layer, clientIf=6
I/NetworkScheduler.Stats( 2764): (REDACTED) Task %s/%s started execution. cause:%s exec_start_elapsed_seconds: %s
I/PlayGamesServices[GamesSyncAdapter](31472): Starting sync for 28eeaf74
V/ai-chat ( 4224): id: 198,	cached: `
V/ai-chat ( 4224): `,	new: `
V/ai-chat ( 4224): `
I/PlayGamesServices[GamesSyncAdapter](31472): Sync duration for 28eeaf74: 8
I/pixel-thermal( 1798): charger_therm:36.091 raw data: charger_therm:36091 
I/pixel-thermal( 1798): VIRTUAL-SKIN-CHARGE:35.4704 raw data: VIRTUAL-SKIN-CHARGE:35470.4 VIRTUAL-SKIN-CHARGE-SUB-1:34584.6 VIRTUAL-SKIN-CHARGE-SUB-2:35470.4 charger_therm:36091 modem_therm:35579 quiet_therm:34621 rffe_therm:33753 soc_therm:35089 
I/pixel-thermal( 1798): VIRTUAL-SKIN-CHARGE power_budget=4754.45 err=2.52964 s_power=2200 time_elapsed_ms=7016 p=1011.85 i=1600 d=0 dt_per_min=nan compensation=0 budget transient=0 control target=2 excluded power budget=57.4054 (PARTIAL_SYSTEM_POWER: 1148.11 mW, cdev_weight: 0.050000)
W/PlayGamesServices[DataBroker](31472): No player ID found when refreshing
W/PlayGamesServices[DataBroker](31472): No player ID found when refreshing
W/PlayGamesServices[DataBroker](31472): No player ID found when refreshing
W/PlayGamesServices[DataBroker](31472): No player ID found when refreshing
I/pixel-thermal( 1798): VIRTUAL-SKIN-SPEAKER:34.6982 raw data: VIRTUAL-SKIN-SPEAKER:34698.2 VIRTUAL-SKIN-SPEAKER-SUB-1:32123.6 VIRTUAL-SKIN-SPEAKER-SUB-2:34698.2 battery:34600 gnss_tcxo_therm:35556 quiet_therm:34621 soc_therm:35089 usb_conn_therm:33620 
I/pixel-thermal( 1798): VIRTUAL-SKIN-CHARGE-WLC:35.1572 raw data: VIRTUAL-SKIN-CHARGE-WLC:35157.2 charger_therm:36091 modem_therm:35579 rffe_therm:33753 soc_therm:35089 
I/pixel-thermal( 1798): VIRTUAL-SKIN-CHARGE-WLC power_budget=2253.75 err=2.84281 s_power=1400 time_elapsed_ms=7016 p=568.562 i=400 d=0 dt_per_min=nan compensation=0 budget transient=0 control target=2 excluded power budget=114.811 (PARTIAL_SYSTEM_POWER: 1148.11 mW, cdev_weight: 0.100000)
W/PlayGamesServices[DataBroker](31472): No player ID found when refreshing
I/NetworkScheduler.Stats( 2764): (REDACTED) Task %s/%s finished executing. cause:%s result: %s elapsed_millis: %s uptime_millis: %s exec_start_elapsed_seconds: %s
W/PlayGamesServices[UiUtils](31472): AppVersion: Cannot find the installed destination app.
I/GetServiceValidatorImpl(31472): (REDACTED) onGetService() from Client SDK version [%s], Module version [%s], PGA version [%s], Account [%s], Calling package [%s], Game package [%s]
I/GetGamesServiceReqFacto(31472): (REDACTED) Parsing request with ignored arguments. signInOptionsBundle [%s], isRetryingSignIn [%s], skipWelcomePopup [%s], requireGooglePlus [%s]
I/GetGamesServiceReqFacto(31472): Replacing request for `games` scope with `games_lite`
I/SignInPerformer-47(31472): (REDACTED) Handling request [%s], isFirstPartyCaller [%s]
I/SignInPerformer-47(31472): Successfully brokered first-party unauthenticated GamesService [CONTEXT service_id=1 ]
I/GetGamesServiceV2Op(31472): (REDACTED) Successfully brokered GamesService for request %s
W/PlayGamesServices[UiUtils](31472): AppVersion: Cannot find the installed destination app.
W/PlayGamesServices[UiUtils](31472): AppVersionName: Cannot find the installed destination app.
I/WM-WorkerWrapper( 9511): Worker result SUCCESS for Work [ id=39bfd74e-6691-47b2-a550-6cb4a5c2c7ec, tags={ com.thetileapp.tile.jobmanager.TileJobWorker,BatchUpdateJob } ]
D/WM-Processor( 9511): e 39bfd74e-6691-47b2-a550-6cb4a5c2c7ec executed; reschedule = false
D/WM-GreedyScheduler( 9511): Stopping tracking for WorkGenerationalId(workSpecId=39bfd74e-6691-47b2-a550-6cb4a5c2c7ec, generation=0)
D/WM-SystemJobService( 9511): 39bfd74e-6691-47b2-a550-6cb4a5c2c7ec executed on JobScheduler
D/WM-GreedyScheduler( 9511): Cancelling work ID 39bfd74e-6691-47b2-a550-6cb4a5c2c7ec
D/WM-GreedyScheduler( 9511): Starting tracking for 5bd21a85-3cbd-42fc-b65d-461386d4e946,afdc827d-90a3-44f0-a523-69095f793c97
I/NearbyDiscovery( 2764): (REDACTED) DiscoveryService onStartCommand action: %s
I/NearbyDiscovery( 2764): FastPairApiHandler: trigger firmware update check [CONTEXT service_id=265 ]
I/NearbyDiscovery( 2764): (REDACTED) FastPairApiHandler: Send result, package=(%s), requestType=(%s), status=(%s)
I/WifiHAL ( 1017): Creating message to get link statistics; iface = 47
I/WifiHAL ( 1017): Getting cached scan results, iface handle = 0xb4000072f282ed50
E/WifiHAL ( 1017): Creating message to get cached scan results
I/WifiHAL ( 1017): In GetCachedScanResultsCommand::handleResponse
D/WifiHAL ( 1017): Start debug command: mType GET_FEATURE
I/WifiHAL ( 1017): CreateRequest mType = GET_FEATURE
D/WifiHAL ( 1017): In DebugCommand::handleResponse, mType:GET_FEATURE
D/WifiHAL ( 1017): len = 4, expected len = 4
I/HalDevMgr( 1509): bestIfaceCreationProposal is null, requestIface=STA, existingIface=[name=wlan0 type=STA]
I/bthal.activity(  964): bt_power: LeAdvStat: 19:39:40:088 - 19:39:41:091, duration: 1003, le_adv_count: 2, total_le_adv_count: 9314, total_event_count: 2
V/ai-chat ( 4224): id: 2064,	cached: `class`,	new: `class`
V/ai-chat ( 4224): id: 4246,	cached: ` Test`,	new: ` Test`
V/ai-chat ( 4224): id: 10492,	cached: `String`,	new: `String`
D/IpClient/wlan0( 2306): interfaceLinkStateChanged: ifindex 47 up
D/TemperatureStateSource( 2309): sequence=7186 actualDelay=10001
D/TemperatureStateSource( 2309): Reading temperature: sequence=7187
I/pixel-thermal( 1798): VIRTUAL-SKIN:34.9602 raw data: VIRTUAL-SKIN:34960.1 VIRTUAL-SKIN-SUB-1:34960.1 VIRTUAL-SKIN-SUB-2:30917.4 VIRTUAL-SKIN-SUB-3:33201.9 charger_therm:36091 gnss_tcxo_therm:35490 modem_therm:35534 quiet_therm:34599 rffe_therm:33731 soc_therm:35111 usb_conn_therm:33642 
D/TemperatureStateSource( 2309): getDeviceTemperatures: sequence=7187 deviceTemperatureType=3 temperatureSource=0 temperatures=[34.96015]
D/TemperatureStateSource( 2309): sequence=7187 waitTime=10000
D/ImpulseStateSource( 2309): Notify clients: 7425
I/WifiHAL ( 1017): Creating message to get link statistics; iface = 47
I/WifiHAL ( 1017): Getting cached scan results, iface handle = 0xb4000072f282ed50
E/WifiHAL ( 1017): Creating message to get cached scan results
I/WifiHAL ( 1017): In GetCachedScanResultsCommand::handleResponse
D/BluetoothAdapter( 9511): isLeEnabled(): ON
I/bt_shim_scanner( 2277): system/main/shim/le_scanning_manager.cc:182 ScanFilterParamSetup: in shim layer, clientIf=1
I/bt_shim_scanner( 2277): system/main/shim/le_scanning_manager.cc:182 ScanFilterParamSetup: in shim layer, clientIf=1
I/bt_shim_scanner( 2277): system/main/shim/le_scanning_manager.cc:144 Unregister: in shim layer, scannerId=1
D/BluetoothAdapter( 9511): isLeEnabled(): ON
E/BtScan.ScannerMap( 2277): Context not found for pendingIntent=PendingIntent{7033da2: android.os.BinderProxy@3c7d74a}
I/bt_shim_scanner( 2277): system/main/shim/le_scanning_manager.cc:138 RegisterScanner: in shim layer, UUID=eb81f61e-d63b-4700-985b-cd7b0c2ca898
I/bt_shim_scanner( 2277): system/main/shim/le_scanning_manager.cc:239 ScanFilterEnable: in shim layer
I/bt_shim_scanner( 2277): system/main/shim/le_scanning_manager.cc:215 ScanFilterAdd: in shim layer
I/bt_shim_scanner( 2277): system/main/shim/le_scanning_manager.cc:182 ScanFilterParamSetup: in shim layer, clientIf=1
I/bt_shim_scanner( 2277): system/main/shim/le_scanning_manager.cc:215 ScanFilterAdd: in shim layer
I/bt_shim_scanner( 2277): system/main/shim/le_scanning_manager.cc:182 ScanFilterParamSetup: in shim layer, clientIf=1
I/WifiHAL ( 1017): Creating message to get link statistics; iface = 47
I/WifiHAL ( 1017): Getting cached scan results, iface handle = 0xb4000072f282ed50
E/WifiHAL ( 1017): Creating message to get cached scan results
I/WifiHAL ( 1017): In GetCachedScanResultsCommand::handleResponse
D/WifiHAL ( 1017): Start debug command: mType GET_FEATURE
I/WifiHAL ( 1017): CreateRequest mType = GET_FEATURE
D/WifiHAL ( 1017): In DebugCommand::handleResponse, mType:GET_FEATURE
D/WifiHAL ( 1017): len = 4, expected len = 4
I/HalDevMgr( 1509): bestIfaceCreationProposal is null, requestIface=STA, existingIface=[name=wlan0 type=STA]
V/ai-chat ( 4224): id: 43895,	cached: `Operations`,	new: `Operations`
V/ai-chat ( 4224): id: 24,	cached: `(`,	new: `(`
V/ai-chat ( 4224): id: 23239,	cached: `unittest`,	new: `unittest`
I/pixel-thermal( 1798): charger_therm:36.091 raw data: charger_therm:36091 
I/pixel-thermal( 1798): VIRTUAL-SKIN-CHARGE:35.4476 raw data: VIRTUAL-SKIN-CHARGE:35447.6 VIRTUAL-SKIN-CHARGE-SUB-1:34572.9 VIRTUAL-SKIN-CHARGE-SUB-2:35447.6 charger_therm:36091 modem_therm:35534 quiet_therm:34599 rffe_therm:33731 soc_therm:35111 
I/pixel-thermal( 1798): VIRTUAL-SKIN-CHARGE power_budget=4763.81 err=2.55241 s_power=2200 time_elapsed_ms=7023 p=1020.96 i=1600 d=0 dt_per_min=nan compensation=0 budget transient=0 control target=2 excluded power budget=57.1493 (PARTIAL_SYSTEM_POWER: 1142.99 mW, cdev_weight: 0.050000)
I/pixel-thermal( 1798): VIRTUAL-SKIN-SPEAKER:34.7168 raw data: VIRTUAL-SKIN-SPEAKER:34716.8 VIRTUAL-SKIN-SPEAKER-SUB-1:32103.4 VIRTUAL-SKIN-SPEAKER-SUB-2:34716.8 battery:34400 gnss_tcxo_therm:35490 quiet_therm:34599 soc_therm:35111 usb_conn_therm:33642 
I/pixel-thermal( 1798): VIRTUAL-SKIN-CHARGE-WLC:35.1452 raw data: VIRTUAL-SKIN-CHARGE-WLC:35145.2 charger_therm:36091 modem_therm:35534 rffe_therm:33731 soc_therm:35111 
I/pixel-thermal( 1798): VIRTUAL-SKIN-CHARGE-WLC power_budget=2256.66 err=2.85479 s_power=1400 time_elapsed_ms=7023 p=570.958 i=400 d=0 dt_per_min=nan compensation=0 budget transient=0 control target=2 excluded power budget=114.299 (PARTIAL_SYSTEM_POWER: 1142.99 mW, cdev_weight: 0.100000)
D/RILClient( 1168): [OemClient]IND: (clientId = 0, msgId = 5104, dataLength = 7, channel = 1)
D/RILClient( 1168): [OemClient]IND: (clientId = 0, msgId = 2016, dataLength = 996, channel = 1)
I/SHANNON_IMS( 2398): 9105 [DATA] Received mCellStatus [ 1 ]  [  band : 0] (RilIndImsPhysicalChannelConfigs%update:44)
I/SHANNON_IMS( 2398): 9106 [NETW] #:PURP:# UNSOL {RILC_UNSOL_PHYSICAL_CHANNEL_CONFIGS} :   band : 3  (NetworkAdaptor$AdaptorChannel%onMessage:306)
D/ActivityManager( 1509): sync unfroze 18771 .ShannonImsService for 7
I/WifiHAL ( 1017): found interface wlan0
I/WifiHAL ( 1017): Setting Channel Avoidance success
D/StateService( 3179): Country ISO: jp
I/NearbyMediums( 2764): No BLE Fast/GATT advertisements found in the latest cycle.
I/NearbyMediums( 2764): Current Tracked Scanning Clients are : {NearbyConnections.EnvironmentMonitor, NearbySharing, NearbyConnections.TxAdvertisement}
I/WifiHAL ( 1017): Creating message to get link statistics; iface = 47
I/WifiHAL ( 1017): Getting cached scan results, iface handle = 0xb4000072f282ed50
E/WifiHAL ( 1017): Creating message to get cached scan results
I/WifiHAL ( 1017): In GetCachedScanResultsCommand::handleResponse
D/WifiHAL ( 1017): Start debug command: mType GET_FEATURE
I/WifiHAL ( 1017): CreateRequest mType = GET_FEATURE
D/WifiHAL ( 1017): In DebugCommand::handleResponse, mType:GET_FEATURE
D/WifiHAL ( 1017): len = 4, expected len = 4
I/HalDevMgr( 1509): bestIfaceCreationProposal is null, requestIface=STA, existingIface=[name=wlan0 type=STA]
E/hwc-display(  554): [PrimaryDisplay,pid=992,blob#396,chan#0] HistogramDevice::checkQueryResult: BAD_HIST_DATA, no event is handled
D/usf_sensor_hal(  992): [p0]Histogram API error:BAD_HIST_DATA
W/hwc-display(  554): [PrimaryDisplay,pid=554,blob#396] HistogramDevice::_handleDrmEvent: ignore the event(0x795ca324b8), collectStatus is NOT_STARTED
D/GRIL-S  ( 2315): [1677]> SET_PREFERRED_DISPLAY_FREQ_1_4[1000000, 1102000]
D/GRIL-S  ( 2315): [1677]< SET_PREFERRED_DISPLAY_FREQ_1_4 
V/ai-chat ( 4224): id: 30,	cached: `.`,	new: `.`
D/BluetoothAdapter( 9511): isLeEnabled(): ON
I/bt_shim_scanner( 2277): system/main/shim/le_scanning_manager.cc:182 ScanFilterParamSetup: in shim layer, clientIf=6
I/bt_shim_scanner( 2277): system/main/shim/le_scanning_manager.cc:182 ScanFilterParamSetup: in shim layer, clientIf=6
I/bt_shim_scanner( 2277): system/main/shim/le_scanning_manager.cc:144 Unregister: in shim layer, scannerId=6
I/NearbyDiscovery( 2764): (REDACTED) DiscoveryService onStartCommand action: %s
I/NearbyDiscovery( 2764): FastPairApiHandler: trigger firmware update check [CONTEXT service_id=265 ]
I/NearbyDiscovery( 2764): (REDACTED) FastPairApiHandler: Send result, package=(%s), requestType=(%s), status=(%s)
V/ai-chat ( 4224): id: 15645,	cached: `TestCase`,	new: `TestCase`
D/PowerManagerLceEstimator( 4353): Downlink cellular capacity updated to 55851 Kbps
D/PowerManagerLceEstimator( 4353): Uplink cellular capacity updated to 4800 Kbps
I/bthal.activity(  964): bt_power: LeAdvStat: 19:39:48:115 - 19:39:49:116, duration: 1001, le_adv_count: 2, total_le_adv_count: 9316, total_event_count: 4
D/ActivityManager( 1509): freezing 9511 com.thetileapp.tile
D/InetDiagMessage( 1509): Destroyed 0 sockets, proto=IPPROTO_TCP, family=AF_INET, states=14
D/InetDiagMessage( 1509): Destroyed 1 sockets, proto=IPPROTO_TCP, family=AF_INET6, states=14
D/InetDiagMessage( 1509): Destroyed live tcp sockets for uids={10325} in 4ms
I/SystemMemoryMap( 2764): (REDACTED) [activitytransition] serialization complete (extras/values=%.2f/%.2fkb)
D/AOC     ( 1205): CHRE: DRAM vote count begins
D/CHRE    (  967): @ 72689.353: Parsed nanoapp message from host: app ID 0x476f6f676c00100d endpoint 0x9 msgType 144 payload size 10
I/CHRE    (  967): @ 72689.354: [NanoMinion] received MSG Type 0x90, Version 1, 6 bytes
I/CHRE    (  967): @ 72689.354: [cc] disable
D/AOC     ( 1205): CHRE: DRAM vote count ends: 0 ms
D/AOC     ( 1205): CHRE: DRAM vote count begins
D/AOC     ( 1205): CHRE: DRAM vote count ends: 0 ms
D/AOC     ( 1205): CHRE: DRAM vote count begins
D/AOC     ( 1205): CHRE: DRAM vote count ends: 0 ms
D/CHRE    (  967): @ 72689.357: Nanoapp list request from client ID 2
D/CHRE.HAL(  967): Received a nanoapp list response for client 2
D/AOC     ( 1205): CHRE: DRAM vote count begins
D/AOC     ( 1205): CHRE: DRAM vote count ends: 0 ms
D/CHRE    (  967): @ 72689.369: Parsed nanoapp message from host: app ID 0x476f6f676c00100b endpoint 0x5 msgType 112 payload size 112
I/SystemMemoryMap( 2764): (REDACTED) [activityrecognition] serialization complete (extras/values=%.2f/%.2fkb)
D/AOC     ( 1205): CHRE: DRAM vote count begins
D/AOC     ( 1205): CHRE: DRAM vote count ends: 0 ms
D/AOC     ( 1205): CHRE: DRAM vote count begins
D/AOC     ( 1205): CHRE: DRAM vote count ends: 0 ms
D/AOC     ( 1205): CHRE: DRAM vote count begins
D/AOC     ( 1205): CHRE: DRAM vote count ends: 0 ms
D/CHRE.HAL(  967): Received a nanoapp message from 0x476f6f676c00100b endpoint 0x5: Type 0x401 size 25 
D/AOC     ( 1205): CHRE: DRAM vote count begins
D/AOC     ( 1205): CHRE: DRAM vote count ends: 0 ms
I/CHRE    (  967): @ 72689.370: [NanoMinion] received MSG Type 0x70, Version 1, 108 bytes
I/CHRE    (  967): @ 72689.370: [AR] request.enable latency=2147483647, numTrans=12
I/CHRE    (  967): @ 72689.371: [NanoMinion] sent MSG Type 0x71, Version 0, 17 bytes, MessageId 144
I/CHRE    (  967): @ 72689.371: [AR] send response=0
I/WifiHAL ( 1017): Creating message to get link statistics; iface = 47
I/WifiHAL ( 1017): Getting cached scan results, iface handle = 0xb4000072f282ed50
E/WifiHAL ( 1017): Creating message to get cached scan results
I/WifiHAL ( 1017): In GetCachedScanResultsCommand::handleResponse
D/WifiHAL ( 1017): Start debug command: mType GET_FEATURE
I/WifiHAL ( 1017): CreateRequest mType = GET_FEATURE
D/WifiHAL ( 1017): In DebugCommand::handleResponse, mType:GET_FEATURE
D/WifiHAL ( 1017): len = 4, expected len = 4
I/HalDevMgr( 1509): bestIfaceCreationProposal is null, requestIface=STA, existingIface=[name=wlan0 type=STA]
V/ai-chat ( 4224): id: 727,	cached: `):`,	new: `):`
E/hwc-display(  554): [PrimaryDisplay,pid=992,blob#396,chan#0] HistogramDevice::checkQueryResult: BAD_HIST_DATA, no event is handled
W/hwc-display(  554): [PrimaryDisplay,pid=554,blob#396] HistogramDevice::_handleDrmEvent: ignore the event(0x795ca324b8), collectStatus is NOT_STARTED
D/usf_sensor_hal(  992): [p0]Histogram API error:BAD_HIST_DATA
I/pixel-thermal( 1798): charger_therm:36.18 raw data: charger_therm:36180 
I/pixel-thermal( 1798): VIRTUAL-SKIN-CHARGE:35.4437 raw data: VIRTUAL-SKIN-CHARGE:35443.7 VIRTUAL-SKIN-CHARGE-SUB-1:34626.5 VIRTUAL-SKIN-CHARGE-SUB-2:35443.7 charger_therm:36180 modem_therm:35801 quiet_therm:34577 rffe_therm:33753 soc_therm:35022 
I/pixel-thermal( 1798): VIRTUAL-SKIN-CHARGE power_budget=4761.66 err=2.5563 s_power=2200 time_elapsed_ms=7016 p=1022.52 i=1600 d=0 dt_per_min=nan compensation=0 budget transient=0 control target=2 excluded power budget=60.8639 (PARTIAL_SYSTEM_POWER: 1217.28 mW, cdev_weight: 0.050000)
I/pixel-thermal( 1798): VIRTUAL-SKIN-SPEAKER:34.7168 raw data: VIRTUAL-SKIN-SPEAKER:34716.8 VIRTUAL-SKIN-SPEAKER-SUB-1:32069.4 VIRTUAL-SKIN-SPEAKER-SUB-2:34716.8 battery:34400 gnss_tcxo_therm:35490 quiet_therm:34577 soc_therm:35022 usb_conn_therm:33642 
I/pixel-thermal( 1798): VIRTUAL-SKIN-CHARGE-WLC:35.2003 raw data: VIRTUAL-SKIN-CHARGE-WLC:35200.3 charger_therm:36180 modem_therm:35801 rffe_therm:33753 soc_therm:35022 
I/pixel-thermal( 1798): VIRTUAL-SKIN-CHARGE-WLC power_budget=2238.21 err=2.79968 s_power=1400 time_elapsed_ms=7016 p=559.937 i=400 d=-0 dt_per_min=nan compensation=0 budget transient=0 control target=2 excluded power budget=121.728 (PARTIAL_SYSTEM_POWER: 1217.28 mW, cdev_weight: 0.100000)
I/WifiHAL ( 1017): Creating message to get link statistics; iface = 47
I/WifiHAL ( 1017): Getting cached scan results, iface handle = 0xb4000072f282ed50
E/WifiHAL ( 1017): Creating message to get cached scan results
I/WifiHAL ( 1017): In GetCachedScanResultsCommand::handleResponse
D/WifiHAL ( 1017): Start debug command: mType GET_FEATURE
I/WifiHAL ( 1017): CreateRequest mType = GET_FEATURE
D/WifiHAL ( 1017): In DebugCommand::handleResponse, mType:GET_FEATURE
D/WifiHAL ( 1017): len = 4, expected len = 4
I/HalDevMgr( 1509): bestIfaceCreationProposal is null, requestIface=STA, existingIface=[name=wlan0 type=STA]
D/TemperatureStateSource( 2309): sequence=7187 actualDelay=10001
D/TemperatureStateSource( 2309): Reading temperature: sequence=7188
I/pixel-thermal( 1798): VIRTUAL-SKIN:34.8968 raw data: VIRTUAL-SKIN:34896.8 VIRTUAL-SKIN-SUB-1:34896.8 VIRTUAL-SKIN-SUB-2:31084.4 VIRTUAL-SKIN-SUB-3:33224 charger_therm:36180 gnss_tcxo_therm:35490 modem_therm:35801 quiet_therm:34577 rffe_therm:33753 soc_therm:35022 usb_conn_therm:33642 
D/TemperatureStateSource( 2309): getDeviceTemperatures: sequence=7188 deviceTemperatureType=3 temperatureSource=0 temperatures=[34.89675]
D/TemperatureStateSource( 2309): sequence=7188 waitTime=10000
I/pixel-thermal( 1798): VIRTUAL-SKIN:34.8968 raw data: VIRTUAL-SKIN:34896.8 
I/TemperatureStateSource( 2309): temperature was set
D/ImpulseStateSource( 2309): Notify clients: 7426
D/ImpulseConnection( 2309): timeout didn't happen: com.google.android.apps.turbo
W/CCTFlatFileLogStore( 2764): Excessive logging: 64 events, 165588 bytes from log source TURBO last 451s
V/ai-chat ( 4224): id: 472,	cached: `
V/ai-chat ( 4224):    `,	new: `
V/ai-chat ( 4224):    `
E/hwc-display(  554): [PrimaryDisplay,pid=992,blob#396,chan#0] HistogramDevice::checkQueryResult: BAD_HIST_DATA, no event is handled
W/hwc-display(  554): [PrimaryDisplay,pid=554,blob#396] HistogramDevice::_handleDrmEvent: ignore the event(0x795ca324b8), collectStatus is NOT_STARTED
D/usf_sensor_hal(  992): [p0]Histogram API error:BAD_HIST_DATA
I/NearbyMediums( 2764): No BLE Fast/GATT advertisements found in the latest cycle.
I/NearbyMediums( 2764): Current Tracked Scanning Clients are : {NearbyConnections.EnvironmentMonitor, NearbySharing, NearbyConnections.TxAdvertisement}
D/RILClient( 1168): [OemClient]IND: (clientId = 0, msgId = 5104, dataLength = 7, channel = 1)
D/RILClient( 1168): [OemClient]IND: (clientId = 0, msgId = 2016, dataLength = 996, channel = 1)
I/SHANNON_IMS( 2398): 9110 [DATA] Received mCellStatus [ 0 ]  [  band : 3] (RilIndImsPhysicalChannelConfigs%update:44)
I/SHANNON_IMS( 2398): 9111 [NETW] #:PURP:# UNSOL {RILC_UNSOL_PHYSICAL_CHANNEL_CONFIGS} :   band : 0  (NetworkAdaptor$AdaptorChannel%onMessage:306)
D/StateService( 3179): Country ISO: jp
V/ai-chat ( 4224): id: 753,	cached: ` def`,	new: ` def`
I/WifiHAL ( 1017): Creating message to get link statistics; iface = 47
I/WifiHAL ( 1017): Getting cached scan results, iface handle = 0xb4000072f282ed50
E/WifiHAL ( 1017): Creating message to get cached scan results
I/WifiHAL ( 1017): In GetCachedScanResultsCommand::handleResponse
D/WifiHAL ( 1017): Start debug command: mType GET_FEATURE
I/WifiHAL ( 1017): CreateRequest mType = GET_FEATURE
D/WifiHAL ( 1017): In DebugCommand::handleResponse, mType:GET_FEATURE
D/WifiHAL ( 1017): len = 4, expected len = 4
I/HalDevMgr( 1509): bestIfaceCreationProposal is null, requestIface=STA, existingIface=[name=wlan0 type=STA]
E/hwc-display(  554): [PrimaryDisplay,pid=992,blob#396,chan#0] HistogramDevice::checkQueryResult: BAD_HIST_DATA, no event is handled
D/usf_sensor_hal(  992): [p0]Histogram API error:BAD_HIST_DATA
I/bthal.activity(  964): bt_power: LeAdvStat: 19:39:56:129 - 19:39:57:129, duration: 1000, le_adv_count: 1, total_le_adv_count: 9317, total_event_count: 1
W/TracingMuxer( 1204): type=1400 audit(0.0:24590): avc:  denied  { write } for  name="traced_producer" dev="tmpfs" ino=1356 scontext=u:r:gxp_logging:s0 tcontext=u:object_r:traced_producer_socket:s0 tclass=sock_file permissive=0
D/GRIL-S  ( 2315): [1678]> SET_PREFERRED_DISPLAY_FREQ_1_4[1000000, 1102000]
D/GRIL-S  ( 2315): [1678]< SET_PREFERRED_DISPLAY_FREQ_1_4 
I/WifiHAL ( 1017): found interface wlan0
I/WifiHAL ( 1017): Setting Channel Avoidance success
I/pixel-thermal( 1798): THERMAL_GENL_EVENT_TZ_TRIP_UP tz_id=18 tz_temp=80.00 trip_id=0
I/pixel-thermal( 1798): TZ path: /sys/devices/virtual/thermal/thermal_zone18/type type: soc
V/ai-chat ( 4224): id: 1028,	cached: ` test`,	new: ` test`
I/WifiHAL ( 1017): Creating message to get link statistics; iface = 47
I/WifiHAL ( 1017): Getting cached scan results, iface handle = 0xb4000072f282ed50
E/WifiHAL ( 1017): Creating message to get cached scan results
I/WifiHAL ( 1017): In GetCachedScanResultsCommand::handleResponse
D/WifiHAL ( 1017): Start debug command: mType GET_FEATURE
I/WifiHAL ( 1017): CreateRequest mType = GET_FEATURE
D/WifiHAL ( 1017): In DebugCommand::handleResponse, mType:GET_FEATURE
D/WifiHAL ( 1017): len = 4, expected len = 4
I/HalDevMgr( 1509): bestIfaceCreationProposal is null, requestIface=STA, existingIface=[name=wlan0 type=STA]
W/hwc-libdisplaycolor(  554): GetRrRegammaForRange: no match found (op_hz, hz, dbv, range_id)=(60,60,1061,7)
W/hwc-libdisplaycolor(  554): GetRrRegammaForRange: no match found (op_hz, hz, dbv, range_id)=(60,60,1061,7)
W/hwc-libdisplaycolor(  554): GetRrRegammaForRange: no match found (op_hz, hz, dbv, range_id)=(60,60,1061,7)
V/ai-chat ( 4224): id: 79,	cached: `_`,	new: `_`
D/App     (17488): bindSocketToActiveNetwork: binding fd=111 to net=112 iface=wlan0
D/gojni   (17488): App: bindSocketToActiveNetwork: binding fd=111 to net=112 iface=wlan0
W/ip      ( 4455): type=1400 audit(0.0:24591): avc:  denied  { bind } for  scontext=u:r:untrusted_app_34:s0:c97,c257,c512,c768 tcontext=u:r:untrusted_app_34:s0:c97,c257,c512,c768 tclass=netlink_route_socket permissive=0 app=com.tailscale.ipn
W/ip      ( 4456): type=1400 audit(0.0:24592): avc:  denied  { bind } for  scontext=u:r:untrusted_app_34:s0:c97,c257,c512,c768 tcontext=u:r:untrusted_app_34:s0:c97,c257,c512,c768 tclass=netlink_route_socket permissive=0 app=com.tailscale.ipn
W/ip      ( 4457): type=1400 audit(0.0:24593): avc:  denied  { bind } for  scontext=u:r:untrusted_app_34:s0:c97,c257,c512,c768 tcontext=u:r:untrusted_app_34:s0:c97,c257,c512,c768 tclass=netlink_route_socket permissive=0 app=com.tailscale.ipn
D/AOC     ( 1205): CHRE: DRAM vote count begins
D/CHRE    (  967): @ 72701.040: Parsed nanoapp message from host: app ID 0x476f6f676c00100b endpoint 0x5 msgType 112 payload size 10
D/AOC     ( 1205): CHRE: DRAM vote count ends: 0 ms
D/AOC     ( 1205): CHRE: DRAM vote count begins
D/AOC     ( 1205): CHRE: DRAM vote count ends: 0 ms
D/AOC     ( 1205): CHRE: DRAM vote count begins
D/AOC     ( 1205): CHRE: DRAM vote count ends: 0 ms
D/AOC     ( 1205): CHRE: DRAM vote count begins
D/AOC     ( 1205): CHRE: DRAM vote count ends: 0 ms
D/CHRE.HAL(  967): Received a nanoapp message from 0x476f6f676c00100b endpoint 0x5: Type 0x401 size 572 
I/CHRE    (  967): @ 72701.041: [NanoMinion] received MSG Type 0x70, Version 1, 6 bytes
I/CHRE    (  967): @ 72701.042: [AR] request.flush
I/CHRE    (  967): @ 72701.042: [AR] send to host, reason=3, sampleSize=36, transitionSize=0, lastAccelTime = 72616695, lastAudioTime = 0 
I/CHRE    (  967): @ 72701.043: [NanoMinion] sent MSG Type 0x72, Version 0, 564 bytes, MessageId 145
W/AppOps  ( 1509): Noting op not finished: uid 10153 pkg com.google.android.gms code 113 startTime of in progress event=1788517382099
W/AppOps  ( 1509): Noting op not finished: uid 10153 pkg com.google.android.gms code 113 startTime of in progress event=1788517382099
W/AppOps  ( 1509): Noting op not finished: uid 10153 pkg com.google.android.gms code 79 startTime of in progress event=1788517382098
W/AppOps  ( 1509): Noting op not finished: uid 10391 pkg com.arlosoft.macrodroid code 79 startTime of in progress event=1788517358523
I/ActivityScheduler( 2764): nextTriggerTime: 72894235, in 240000ms, detectorType: 0,  alarmWindowMillis: 30000
W/AppOps  ( 1509): Noting op not finished: uid 10153 pkg com.google.android.gms code 113 startTime of in progress event=1788517382099
W/hwc-display(  554): [PrimaryDisplay,pid=554,blob#396] HistogramDevice::_handleDrmEvent: ignore the event(0x795ca324b8), collectStatus is NOT_STARTED
E/hwc-display(  554): [PrimaryDisplay,pid=992,blob#396,chan#0] HistogramDevice::checkQueryResult: BAD_HIST_DATA, no event is handled
D/usf_sensor_hal(  992): [p0]Histogram API error:BAD_HIST_DATA
D/BoundBrokerSvc( 2764): onRebind: Intent { act=com.google.android.gms.libs.gmscorelogger.service.START dat=chimera-action:/... xflg=0x4 cmp=com.google.android.gms/.chimera.PersistentDirectBootAwareApiService }
V/ai-chat ( 4224): id: 5916,	cached: `split`,	new: `split`
I/WifiHAL ( 1017): Creating message to get link statistics; iface = 47
I/WifiHAL ( 1017): Getting cached scan results, iface handle = 0xb4000072f282ed50
E/WifiHAL ( 1017): Creating message to get cached scan results
I/WifiHAL ( 1017): In GetCachedScanResultsCommand::handleResponse
D/WifiHAL ( 1017): Start debug command: mType GET_FEATURE
I/WifiHAL ( 1017): CreateRequest mType = GET_FEATURE
D/WifiHAL ( 1017): In DebugCommand::handleResponse, mType:GET_FEATURE
D/WifiHAL ( 1017): len = 4, expected len = 4
I/HalDevMgr( 1509): bestIfaceCreationProposal is null, requestIface=STA, existingIface=[name=wlan0 type=STA]
I/hwc-display(  554): Display Temperature : 33°C
D/BoundBrokerSvc( 2764): onUnbind: Intent { act=com.google.android.gms.findmydevice.spot.service.locationreport.START dat=chimera-action:/... xflg=0x4 cmp=com.google.android.gms/.chimera.PersistentApiService }
D/TemperatureStateSource( 2309): sequence=7188 actualDelay=10000
D/TemperatureStateSource( 2309): Reading temperature: sequence=7189
I/pixel-thermal( 1798): VIRTUAL-SKIN:34.9225 raw data: VIRTUAL-SKIN:34922.5 VIRTUAL-SKIN-SUB-1:34922.5 VIRTUAL-SKIN-SUB-2:31443.8 VIRTUAL-SKIN-SUB-3:33355.6 charger_therm:36580 gnss_tcxo_therm:35467 modem_therm:36335 quiet_therm:34577 rffe_therm:33865 soc_therm:35067 usb_conn_therm:33709 
D/TemperatureStateSource( 2309): getDeviceTemperatures: sequence=7189 deviceTemperatureType=3 temperatureSource=0 temperatures=[34.9225]
D/TemperatureStateSource( 2309): sequence=7189 waitTime=10000
D/ImpulseStateSource( 2309): Notify clients: 7427
D/BoundBrokerSvc( 2764): onRebind: Intent { act=com.google.android.gms.findmydevice.spot.service.locationreport.START dat=chimera-action:/... xflg=0x4 cmp=com.google.android.gms/.chimera.PersistentApiService }
I/NearbyDiscovery( 2764): (REDACTED) DiscoveryService onStartCommand action: %s
I/NearbyDiscovery( 2764): FastPairApiHandler: trigger firmware update check [CONTEXT service_id=265 ]
I/NearbyDiscovery( 2764): (REDACTED) FastPairApiHandler: Send result, package=(%s), requestType=(%s), status=(%s)
V/ai-chat ( 4224): id: 79,	cached: `_`,	new: `_`
I/bthal.activity(  964): bt_power: LeAdvStat: 19:40:04:151 - 19:40:05:153, duration: 1001, le_adv_count: 2, total_le_adv_count: 9319, total_event_count: 2
I/WifiHAL ( 1017): Creating message to get link statistics; iface = 47
I/WifiHAL ( 1017): Getting cached scan results, iface handle = 0xb4000072f282ed50
E/WifiHAL ( 1017): Creating message to get cached scan results
I/WifiHAL ( 1017): In GetCachedScanResultsCommand::handleResponse
D/WifiHAL ( 1017): Start debug command: mType GET_FEATURE
I/WifiHAL ( 1017): CreateRequest mType = GET_FEATURE
D/WifiHAL ( 1017): In DebugCommand::handleResponse, mType:GET_FEATURE
D/WifiHAL ( 1017): len = 4, expected len = 4
I/HalDevMgr( 1509): bestIfaceCreationProposal is null, requestIface=STA, existingIface=[name=wlan0 type=STA]
I/NearbyMediums( 2764): No BLE Fast/GATT advertisements found in the latest cycle.
I/NearbyMediums( 2764): Current Tracked Scanning Clients are : {NearbyConnections.EnvironmentMonitor, NearbySharing, NearbyConnections.TxAdvertisement}
I/pixel-thermal( 1798): usb_conn_therm:33.753 raw data: usb_conn_therm:33753 
I/pixel-thermal( 1798): charger_therm:36.469 raw data: charger_therm:36469 
I/pixel-thermal( 1798): VIRTUAL-SKIN-HINT:34.9225 raw data: VIRTUAL-SKIN:34922.5 VIRTUAL-SKIN-HINT:34922.5 VIRTUAL-SKIN-SUB-1:34922.5 VIRTUAL-SKIN-SUB-2:31216.1 VIRTUAL-SKIN-SUB-3:33369.8 charger_therm:36469 gnss_tcxo_therm:35467 modem_therm:35957 quiet_therm:34577 rffe_therm:33909 soc_therm:35067 usb_conn_therm:33753 
I/pixel-thermal( 1798): VIRTUAL-SKIN-CHARGE:35.5106 raw data: VIRTUAL-SKIN-CHARGE:35510.6 VIRTUAL-SKIN-CHARGE-SUB-1:34770.5 VIRTUAL-SKIN-CHARGE-SUB-2:35510.6 charger_therm:36469 modem_therm:35957 quiet_therm:34577 rffe_therm:33909 soc_therm:35067 
I/pixel-thermal( 1798): VIRTUAL-SKIN-CHARGE power_budget=4733.28 err=2.48937 s_power=2200 time_elapsed_ms=13439 p=995.749 i=1600 d=-0 dt_per_min=nan compensation=0 budget transient=0 control target=2 excluded power budget=62.4717 (PARTIAL_SYSTEM_POWER: 1249.43 mW, cdev_weight: 0.050000)
I/pixel-thermal( 1798): VIRTUAL-SKIN-CPU-MID:34.9225 raw data: VIRTUAL-SKIN:34922.5 VIRTUAL-SKIN-CPU-MID:34922.5 
I/pixel-thermal( 1798): VIRTUAL-SKIN-CPU-HIGH:34.9225 raw data: VIRTUAL-SKIN:34922.5 VIRTUAL-SKIN-CPU-HIGH:34922.5 
I/pixel-thermal( 1798): VIRTUAL-SKIN-SOC:34.9225 raw data: VIRTUAL-SKIN:34922.5 VIRTUAL-SKIN-SOC:34922.5 
I/pixel-thermal( 1798): cellular-emergency:34.9225 raw data: VIRTUAL-SKIN:34922.5 cellular-emergency:34922.5 
I/pixel-thermal( 1798): VIRTUAL-SKIN-SPEAKER:34.8295 raw data: VIRTUAL-SKIN-SPEAKER:34829.5 VIRTUAL-SKIN-SPEAKER-SUB-1:32076.2 VIRTUAL-SKIN-SPEAKER-SUB-2:34829.5 battery:34500 gnss_tcxo_therm:35467 quiet_therm:34577 soc_therm:35067 usb_conn_therm:33753 
I/pixel-thermal( 1798): VIRTUAL-SKIN-CPU-LIGHT-ODPM:34.9225 raw data: VIRTUAL-SKIN:34922.5 VIRTUAL-SKIN-CPU-LIGHT-ODPM:34922.5 
I/pixel-thermal( 1798): VIRTUAL-USB-UI:0 raw data: USB-MINUS-CHARGER:-2716 VIRTUAL-USB-UI:0 charger_therm:36469 usb_conn_therm:33753 
I/pixel-thermal( 1798): VIRTUAL-SKIN-CHARGE-WLC:35.3475 raw data: VIRTUAL-SKIN-CHARGE-WLC:35347.5 charger_therm:36469 modem_therm:35957 rffe_therm:33909 soc_therm:35067 
I/pixel-thermal( 1798): VIRTUAL-SKIN-CHARGE-WLC power_budget=2205.56 err=2.6525 s_power=1400 time_elapsed_ms=13439 p=530.501 i=400 d=-0 dt_per_min=nan compensation=0 budget transient=0 control target=2 excluded power budget=124.943 (PARTIAL_SYSTEM_POWER: 1249.43 mW, cdev_weight: 0.100000)
I/pixel-thermal( 1798): VIRTUAL-SKIN-GPU:34.9225 raw data: VIRTUAL-SKIN:34922.5 VIRTUAL-SKIN-GPU:34922.5 
I/pixel-thermal( 1798): Successfully update cdev dc_icl sysfs to 11
I/pixel-thermal( 1798): Power rails total power: 1317.95 mW for 61744 ms
I/pixel-thermal( 1798): Power rails [VSYS_PWR_MODEM: 90.41 mW] [S8M_LLDO2: 32.71 mW] [S7M_VDD_TPU: 0.00 mW] [S6M_LLDO1: 79.07 mW] [S2M_VDD_CPUCL2: 9.91 mW] [S1M_VDD_MIF: 53.32 mW] 
I/pixel-thermal( 1798): Power rails [S5M_VDD_INT: 25.64 mW] [VSYS_PWR_DISPLAY: 115.69 mW] [L22M_DISP: 34.63 mW] [L21S_VDD2L_MEM: 3.36 mW] [S9M_VDD_CPUCL0_M: 19.07 mW] [VSYS_PWR_RFFE: 12.53 mW] 
I/pixel-thermal( 1798): Power rails [VSYS_PWR_WLAN_BT: 201.30 mW] [S4M_VDD_CPUCL0: 403.41 mW] [S11S_VDD_INT_M: 27.14 mW] [S3M_VDD_CPUCL1: 76.68 mW] [L2S_PLL_MIPI_UFS: 36.76 mW] [S1S_VDD_CAM: 21.28 mW] 
I/pixel-thermal( 1798): Power rails [S2S_VDD_G3D: 9.06 mW] [S12S_VDD_AUR: 6.40 mW] [S8S_VDD_G3D_L2: 2.70 mW] [S5S_VDDQ_MEM: 3.00 mW] [S4S_VDD2H_MEM: 42.75 mW] [S9S_VDD_AOC: 11.13 mW] 
I/pixel-thermal( 1798): CDEV log dc_icl state:11 gxp-cooling state:0 tpu_cooling state:0 usbc-port state:0 thermal-cpufreq-1 state:0 fcc state:0 thermal-gpufreq-0 state:0 thermal-cpufreq-2 state:0 thermal-cpufreq-0 state:0 
I/pixel-thermal( 1798): VIRTUAL-SKIN:34.9225 raw data: VIRTUAL-SKIN:34922.5 
I/RFSD    ( 1177): [RfsService::Nv] ProcessMessage : RFS_IO_REQUEST
D/RFSD    ( 1177): [RfsService::File] Seek temp file
D/RFSD    ( 1177): [RfsService::File] Write temp file
D/RFSD    ( 1177): [RfsService::File] Write temp file
D/RFSD    ( 1177): [RfsService::File] Write temp file
D/RFSD    ( 1177): [RfsService::File] Write temp file
D/RFSD    ( 1177): [RfsService::File] Write temp file
D/RFSD    ( 1177): [RfsService::File] Write temp file
D/RFSD    ( 1177): [RfsService::File] Write temp file
D/RFSD    ( 1177): [RfsService::File] Write temp file
D/RFSD    ( 1177): [RfsService::File] Write temp file
D/RFSD    ( 1177): [RfsService::File] Write temp file
D/RFSD    ( 1177): [RfsService::File] Write temp file
D/RFSD    ( 1177): [RfsService::File] Write temp file
D/RFSD    ( 1177): [RfsService::File] Write temp file
D/RFSD    ( 1177): [RfsService::File] Write temp file
D/RFSD    ( 1177): [RfsService::File] Write temp file
D/RFSD    ( 1177): [RfsService::File] Write temp file
D/RFSD    ( 1177): [RfsService::File] Write temp file
D/RFSD    ( 1177): [RfsService::File] Write temp file
D/RFSD    ( 1177): [RfsService::File] Write temp file
D/RFSD    ( 1177): [RfsService::File] Write temp file
D/RFSD    ( 1177): [RfsService::File] Write temp file
D/RFSD    ( 1177): [RfsService::File] Write temp file
D/RFSD    ( 1177): [RfsService::File] Write temp file
D/RFSD    ( 1177): [RfsService::File] Write temp file
D/RFSD    ( 1177): [RfsService::File] Write temp file
D/RFSD    ( 1177): [RfsService::File] Write temp file
D/RFSD    ( 1177): [RfsService::File] Write temp file
D/RFSD    ( 1177): [RfsService::File] Write temp file
D/RFSD    ( 1177): [RfsService::File] Write temp file
D/RFSD    ( 1177): [RfsService::File] Write temp file
D/RFSD    ( 1177): [RfsService::File] Write temp file
D/RFSD    ( 1177): [RfsService::File] Write temp file
D/RFSD    ( 1177): [RfsService::File] Write temp file
D/RFSD    ( 1177): [RfsService::File] Write temp file
D/RFSD    ( 1177): [RfsService::File] Write temp file
D/RFSD    ( 1177): [RfsService::File] Write temp file
D/RFSD    ( 1177): [RfsService::File] Write temp file
D/RFSD    ( 1177): [RfsService::File] Write temp file
D/RFSD    ( 1177): [RfsService::File] Write temp file
D/RFSD    ( 1177): [RfsService::File] Write temp file
D/RFSD    ( 1177): [RfsService::File] Write temp file
D/RFSD    ( 1177): [RfsService::File] Write temp file
D/RFSD    ( 1177): [RfsService::File] Write temp file
D/RFSD    ( 1177): [RfsService::File] Write temp file
D/RFSD    ( 1177): [RfsService::File] Write temp file
D/RFSD    ( 1177): [RfsService::File] Write temp file
D/RFSD    ( 1177): [RfsService::File] Write temp file
D/RFSD    ( 1177): [RfsService::File] Write temp file
D/RFSD    ( 1177): [RfsService::File] Write temp file
D/RFSD    ( 1177): [RfsService::File] Write temp file
D/RFSD    ( 1177): [RfsService::File] Write temp file
D/RFSD    ( 1177): [RfsService::File] Write temp file
D/RFSD    ( 1177): [RfsService::File] Write temp file
D/RFSD    ( 1177): [RfsService::File] Write temp file
D/RFSD    ( 1177): [RfsService::File] Write temp file
D/RFSD    ( 1177): [RfsService::File] Write temp file
D/RFSD    ( 1177): [RfsService::File] Write temp file
D/RFSD    ( 1177): [RfsService::File] Write temp file
D/RFSD    ( 1177): [RfsService::File] Write temp file
D/RFSD    ( 1177): [RfsService::File] Write temp file
D/RFSD    ( 1177): [RfsService::File] Write temp file
D/RFSD    ( 1177): [RfsService::File] Write temp file
D/RFSD    ( 1177): [RfsService::File] Write temp file
D/RFSD    ( 1177): [RfsService::File] Write temp file
D/RFSD    ( 1177): [RfsService::File] Write temp file
D/RFSD    ( 1177): [RfsService::File] Write temp file
D/RFSD    ( 1177): [RfsService::File] Write temp file
D/RFSD    ( 1177): [RfsService::File] Write temp file
D/RFSD    ( 1177): [RfsService::File] Write temp file
D/RFSD    ( 1177): [RfsService::File] Write temp file
D/RFSD    ( 1177): [RfsService::File] Write temp file
D/RFSD    ( 1177): [RfsService::File] Write temp file
D/RFSD    ( 1177): [RfsService::File] Write temp file
D/RFSD    ( 1177): [RfsService::File] Write temp file
D/RFSD    ( 1177): [RfsService::File] Write temp file
D/RFSD    ( 1177): [RfsService::File] Write temp file
D/RFSD    ( 1177): [RfsService::File] Write temp file
D/RFSD    ( 1177): [RfsService::File] Write temp file
D/RFSD    ( 1177): [RfsService::File] Write temp file
D/RFSD    ( 1177): [RfsService::File] Write temp file
D/RFSD    ( 1177): [RfsService::File] Write temp file
D/RFSD    ( 1177): [RfsService::File] Write temp file
D/RFSD    ( 1177): [RfsService::File] Write temp file
D/RFSD    ( 1177): [RfsService::File] Write temp file
D/RFSD    ( 1177): [RfsService::File] Write temp file
D/RFSD    ( 1177): [RfsService::File] Write temp file
D/RFSD    ( 1177): [RfsService::File] Write temp file
D/RFSD    ( 1177): [RfsService::File] Write temp file
D/RFSD    ( 1177): [RfsService::File] Write temp file
D/RFSD    ( 1177): [RfsService::File] Write temp file
D/RFSD    ( 1177): [RfsService::File] Write temp file
D/RFSD    ( 1177): [RfsService::File] Write temp file
D/RFSD    ( 1177): [RfsService::File] Write temp file
D/RFSD    ( 1177): [RfsService::File] Write temp file
D/RFSD    ( 1177): [RfsService::File] Write temp file
D/RFSD    ( 1177): [RfsService::File] Write temp file
D/RFSD    ( 1177): [RfsService::File] Write temp file
D/RFSD    ( 1177): [RfsService::File] Write temp file
D/RFSD    ( 1177): [RfsService::File] Write temp file
D/RFSD    ( 1177): [RfsService::File] Write temp file
D/RFSD    ( 1177): [RfsService::File] Write temp file
D/RFSD    ( 1177): [RfsService::File] Write temp file
D/RFSD    ( 1177): [RfsService::File] Write temp file
D/RFSD    ( 1177): [RfsService::File] Write temp file
D/RFSD    ( 1177): [RfsService::File] Write temp file
D/RFSD    ( 1177): [RfsService::File] Write temp file
D/RFSD    ( 1177): [RfsService::File] Write temp file
D/RFSD    ( 1177): [RfsService::File] Write temp file
D/RFSD    ( 1177): [RfsService::File] Write temp file
D/RFSD    ( 1177): [RfsService::File] Write temp file
D/RFSD    ( 1177): [RfsService::File] Write temp file
D/RFSD    ( 1177): [RfsService::File] Write temp file
D/RFSD    ( 1177): [RfsService::File] Write temp file
D/RFSD    ( 1177): [RfsService::File] Write temp file
D/RFSD    ( 1177): [RfsService::File] Write temp file
D/RFSD    ( 1177): [RfsService::File] Write temp file
D/RFSD    ( 1177): [RfsService::File] Write temp file
D/RFSD    ( 1177): [RfsService::File] Write temp file
D/RFSD    ( 1177): [RfsService::File] Write temp file
D/RFSD    ( 1177): [RfsService::File] Write temp file
D/RFSD    ( 1177): [RfsService::File] Write temp file
D/RFSD    ( 1177): [RfsService::File] Write temp file
D/RFSD    ( 1177): [RfsService::File] Write temp file
D/RFSD    ( 1177): [RfsService::File] Write temp file
D/RFSD    ( 1177): [RfsService::File] Write temp file
D/RFSD    ( 1177): [RfsService::File] Write temp file
D/RFSD    ( 1177): [RfsService::File] Write temp file
D/RFSD    ( 1177): [RfsService::File] Write temp file
D/RFSD    ( 1177): [RfsService::File] Write temp file
D/RFSD    ( 1177): [RfsService::File] Write temp file
D/RFSD    ( 1177): [RfsService::File] Write temp file
D/RFSD    ( 1177): [RfsService::File] Write temp file
D/RFSD    ( 1177): [RfsService::File] Write temp file
D/RFSD    ( 1177): [RfsService::File] Write temp file
D/RFSD    ( 1177): [RfsService::File] Write temp file
D/RFSD    ( 1177): [RfsService::File] Write temp file
D/RFSD    ( 1177): [RfsService::File] Write temp file
D/RFSD    ( 1177): [RfsService::File] Write temp file
D/RFSD    ( 1177): [RfsService::File] Write temp file
D/RFSD    ( 1177): [RfsService::File] Write temp file
D/RFSD    ( 1177): [RfsService::File] Write temp file
D/RFSD    ( 1177): [RfsService::File] Write temp file
D/RFSD    ( 1177): [RfsService::File] Write temp file
D/RFSD    ( 1177): [RfsService::File] Write temp file
D/RFSD    ( 1177): [RfsService::File] Write temp file
D/RFSD    ( 1177): [RfsService::File] Write temp file
D/RFSD    ( 1177): [RfsService::File] Write temp file
D/RFSD    ( 1177): [RfsService::File] Write temp file
D/RFSD    ( 1177): [RfsService::File] Write temp file
D/RFSD    ( 1177): [RfsService::File] Write temp file
D/RFSD    ( 1177): [RfsService::File] Write temp file
D/RFSD    ( 1177): [RfsService::File] Write temp file
D/RFSD    ( 1177): [RfsService::File] Write temp file
D/RFSD    ( 1177): [RfsService::File] Write temp file
D/RFSD    ( 1177): [RfsService::File] Write temp file
D/RFSD    ( 1177): [RfsService::File] Write temp file
D/RFSD    ( 1177): [RfsService::File] Write temp file
D/RFSD    ( 1177): [RfsService::File] Write temp file
D/RFSD    ( 1177): [RfsService::File] Write temp file
D/RFSD    ( 1177): [RfsService::File] Write temp file
D/RFSD    ( 1177): [RfsService::File] Write temp file
D/RFSD    ( 1177): [RfsService::File] Write temp file
D/RFSD    ( 1177): [RfsService::File] Write temp file
D/RFSD    ( 1177): [RfsService::File] Write temp file
D/RFSD    ( 1177): [RfsService::File] Write temp file
D/RFSD    ( 1177): [RfsService::File] Write temp file
D/RFSD    ( 1177): [RfsService::File] Write temp file
D/RFSD    ( 1177): [RfsService::File] Write temp file
D/RFSD    ( 1177): [RfsService::File] Write temp file
D/RFSD    ( 1177): [RfsService::File] Write temp file
D/RFSD    ( 1177): [RfsService::File] Write temp file
D/RFSD    ( 1177): [RfsService::File] Write temp file
D/RFSD    ( 1177): [RfsService::File] Write temp file
D/RFSD    ( 1177): [RfsService::File] Write temp file
D/RFSD    ( 1177): [RfsService::File] Write temp file
D/RFSD    ( 1177): [RfsService::File] Write temp file
D/RFSD    ( 1177): [RfsService::File] Write temp file
D/RFSD    ( 1177): [RfsService::File] Write temp file
D/RFSD    ( 1177): [RfsService::File] Write temp file
D/RFSD    ( 1177): [RfsService::File] Write temp file
D/RFSD    ( 1177): [RfsService::File] Write temp file
D/RFSD    ( 1177): [RfsService::File] Write temp file
D/RFSD    ( 1177): [RfsService::File] Write temp file
D/RFSD    ( 1177): [RfsService::File] Write temp file
D/RFSD    ( 1177): [RfsService::File] Write temp file
D/RFSD    ( 1177): [RfsService::File] Write temp file
D/RFSD    ( 1177): [RfsService::File] Write temp file
D/RFSD    ( 1177): [RfsService::File] Write temp file
D/RFSD    ( 1177): [RfsService::File] Write temp file
D/RFSD    ( 1177): [RfsService::File] Write temp file
D/RFSD    ( 1177): [RfsService::File] Write temp file
D/RFSD    ( 1177): [RfsService::File] Write temp file
D/RFSD    ( 1177): [RfsService::File] Write temp file
D/RFSD    ( 1177): [RfsService::File] Write temp file
D/RFSD    ( 1177): [RfsService::File] Write temp file
D/RFSD    ( 1177): [RfsService::File] Write temp file
D/RFSD    ( 1177): [RfsService::File] Write temp file
D/RFSD    ( 1177): [RfsService::File] Write temp file
D/RFSD    ( 1177): [RfsService::File] Write temp file
D/RFSD    ( 1177): [RfsService::File] Write temp file
D/RFSD    ( 1177): [RfsService::File] Write temp file
D/RFSD    ( 1177): [RfsService::File] Write temp file
D/RFSD    ( 1177): [RfsService::File] Write temp file
D/RFSD    ( 1177): [RfsService::File] Write temp file
D/RFSD    ( 1177): [RfsService::File] Write temp file
D/RFSD    ( 1177): [RfsService::File] Write temp file
D/RFSD    ( 1177): [RfsService::File] Write temp file
D/RFSD    ( 1177): [RfsService::File] Write temp file
D/RFSD    ( 1177): [RfsService::File] Write temp file
D/RFSD    ( 1177): [RfsService::File] Write temp file
D/RFSD    ( 1177): [RfsService::File] Write temp file
D/RFSD    ( 1177): [RfsService::File] Write temp file
D/RFSD    ( 1177): [RfsService::File] Write temp file
D/RFSD    ( 1177): [RfsService::File] Write temp file
D/RFSD    ( 1177): [RfsService::File] Write temp file
D/RFSD    ( 1177): [RfsService::File] Write temp file
D/RFSD    ( 1177): [RfsService::File] Write temp file
D/RFSD    ( 1177): [RfsService::File] Write temp file
D/RFSD    ( 1177): [RfsService::File] Write temp file
D/RFSD    ( 1177): [RfsService::File] Write temp file
D/RFSD    ( 1177): [RfsService::File] Write temp file
D/RFSD    ( 1177): [RfsService::File] Write temp file
D/RFSD    ( 1177): [RfsService::File] Write temp file
D/RFSD    ( 1177): [RfsService::File] Write temp file
D/RFSD    ( 1177): [RfsService::File] Write temp file
D/RFSD    ( 1177): [RfsService::File] Write temp file
D/RFSD    ( 1177): [RfsService::File] Write temp file
D/RFSD    ( 1177): [RfsService::File] Write temp file
D/RFSD    ( 1177): [RfsService::File] Write temp file
D/RFSD    ( 1177): [RfsService::File] Write temp file
D/RFSD    ( 1177): [RfsService::File] Write temp file
D/RFSD    ( 1177): [RfsService::File] Write temp file
D/RFSD    ( 1177): [RfsService::File] Write temp file
D/RFSD    ( 1177): [RfsService::File] Write temp file
D/RFSD    ( 1177): [RfsService::File] Write temp file
D/RFSD    ( 1177): [RfsService::File] Write temp file
D/RFSD    ( 1177): [RfsService::File] Write temp file
D/RFSD    ( 1177): [RfsService::File] Write temp file
D/RFSD    ( 1177): [RfsService::File] Sync temp file
I/RFSD    ( 1177): CNvFile::OnWriteDone
D/RFSD    ( 1177): CNvFile::OnWriteDone : Write from temp file to nv file
W/RFSD    ( 1177): [CsumCheckForFileAndForceCrash] /mnt/vendor/efs/nv_normal.bin checksum : verified
I/RFSD    ( 1177): [RfsService::Nv] CsumUpdate
I/RFSD    ( 1177): [RfsService::Nv] CsumCalc
I/RFSD    ( 1177): [RfsService::Nv] ProcessMessage : RFS_OP_STATUS
I/RFSD    ( 1177): [RfsService::Nv] ProcessMessage : RFS_STATUS_SUCCESS
I/shamp   ( 1030): Got userspace log indication
D/shamp   ( 1030): Modem: [CP2AP][RFSD] [NVTest] pal_RegStoreFlush fileName: ../../../HIU/HIC/SIT/Code/Src/sitCommon.c, lineNum: 2384, nvId: 380, nvName: NASU.IND.FILTER, EfsSyncCount: 122, actualCP2APCount:0
V/ai-chat ( 4224): id: 397,	cached: `and`,	new: `and`
W/amataskerbridge( 4224): Suspending all threads took: 2.914s
E/hwc-display(  554): [PrimaryDisplay,pid=992,blob#396,chan#0] HistogramDevice::checkQueryResult: BAD_HIST_DATA, no event is handled
D/usf_sensor_hal(  992): [p0]Histogram API error:BAD_HIST_DATA
W/hwc-display(  554): [PrimaryDisplay,pid=554,blob#396] HistogramDevice::_handleDrmEvent: ignore the event(0x795ca324b8), collectStatus is NOT_STARTED
I/WifiHAL ( 1017): Creating message to get link statistics; iface = 47
I/WifiHAL ( 1017): Getting cached scan results, iface handle = 0xb4000072f282ed50
E/WifiHAL ( 1017): Creating message to get cached scan results
I/WifiHAL ( 1017): In GetCachedScanResultsCommand::handleResponse
D/WifiHAL ( 1017): Start debug command: mType GET_FEATURE
I/WifiHAL ( 1017): CreateRequest mType = GET_FEATURE
D/WifiHAL ( 1017): In DebugCommand::handleResponse, mType:GET_FEATURE
D/WifiHAL ( 1017): len = 4, expected len = 4
I/HalDevMgr( 1509): bestIfaceCreationProposal is null, requestIface=STA, existingIface=[name=wlan0 type=STA]
V/ai-chat ( 4224): id: 79,	cached: `_`,	new: `_`
I/system_server( 1509): Background young concurrent mark compact GC freed 17MB AllocSpace bytes, 8(728KB) LOS objects, 81% free, 95MB/512MB, paused 2.393ms,5.687ms total 126.647ms
I/pixel-thermal( 1798): soc_therm:35.067 raw data: soc_therm:35067 
I/WifiHAL ( 1017): Creating message to get link statistics; iface = 47
I/WifiHAL ( 1017): Getting cached scan results, iface handle = 0xb4000072f282ed50
E/WifiHAL ( 1017): Creating message to get cached scan results
I/WifiHAL ( 1017): In GetCachedScanResultsCommand::handleResponse
D/WifiHAL ( 1017): Start debug command: mType GET_FEATURE
I/WifiHAL ( 1017): CreateRequest mType = GET_FEATURE
D/WifiHAL ( 1017): In DebugCommand::handleResponse, mType:GET_FEATURE
D/WifiHAL ( 1017): len = 4, expected len = 4
I/HalDevMgr( 1509): bestIfaceCreationProposal is null, requestIface=STA, existingIface=[name=wlan0 type=STA]
I/NearbyDiscovery( 2764): (REDACTED) DiscoveryService onStartCommand action: %s
I/NearbyDiscovery( 2764): FastPairApiHandler: trigger firmware update check [CONTEXT service_id=265 ]
I/NearbyDiscovery( 2764): (REDACTED) FastPairApiHandler: Send result, package=(%s), requestType=(%s), status=(%s)
I/pixel-thermal( 1798): charger_therm:36.447 raw data: charger_therm:36447 
I/pixel-thermal( 1798): VIRTUAL-SKIN-CHARGE:35.5145 raw data: VIRTUAL-SKIN-CHARGE:35514.5 VIRTUAL-SKIN-CHARGE-SUB-1:34749.8 VIRTUAL-SKIN-CHARGE-SUB-2:35514.5 charger_therm:36447 modem_therm:35912 quiet_therm:34599 rffe_therm:33887 soc_therm:35067 
I/pixel-thermal( 1798): VIRTUAL-SKIN-CHARGE power_budget=4729.08 err=2.48548 s_power=2200 time_elapsed_ms=7008 p=994.193 i=1600 d=-0 dt_per_min=nan compensation=0 budget transient=0 control target=2 excluded power budget=65.1093 (PARTIAL_SYSTEM_POWER: 1302.19 mW, cdev_weight: 0.050000)
I/pixel-thermal( 1798): VIRTUAL-SKIN-SPEAKER:34.8525 raw data: VIRTUAL-SKIN-SPEAKER:34852.5 VIRTUAL-SKIN-SPEAKER-SUB-1:32089.8 VIRTUAL-SKIN-SPEAKER-SUB-2:34852.5 battery:34500 gnss_tcxo_therm:35490 quiet_therm:34599 soc_therm:35067 usb_conn_therm:33776 
I/pixel-thermal( 1798): VIRTUAL-SKIN-CHARGE-WLC:35.3263 raw data: VIRTUAL-SKIN-CHARGE-WLC:35326.3 charger_therm:36447 modem_therm:35912 rffe_therm:33887 soc_therm:35067 
I/pixel-thermal( 1798): VIRTUAL-SKIN-CHARGE-WLC power_budget=2204.51 err=2.67366 s_power=1400 time_elapsed_ms=7008 p=534.732 i=400 d=0 dt_per_min=nan compensation=0 budget transient=0 control target=2 excluded power budget=130.219 (PARTIAL_SYSTEM_POWER: 1302.19 mW, cdev_weight: 0.100000)
V/ai-chat ( 4224): id: 4849,	cached: `join`,	new: `join`
V/ai-chat ( 4224): id: 24,	cached: `(`,	new: `(`
V/ai-chat ( 4224): id: 771,	cached: `self`,	new: `self`
V/ai-chat ( 4224): id: 727,	cached: `):`,	new: `):`
W/ai-chat ( 4224): Java_com_arm_aichat_internal_InferenceEngineImpl_generateNextToken: STOP: hitting stop position: 46
I/InferenceEngineImpl( 4224): Assistant generation complete. Awaiting user prompt...
I/ActivityManager( 1509): Broadcast completed: result=0, extras: Bundle[mParcelledData.dataSize=332]
W/libbinder.Binder( 1509): Binder transaction to android.app.IActivityManager, function: UNKNOWN_FUNCTION_NAME, code: 1598246212, took 43096ms. Data bytes: 824 Reply bytes: 4 Flags: 16
I/bthal.activity(  964): bt_power: LeAdvStat: 19:40:12:172 - 19:40:13:175, duration: 1002, le_adv_count: 2, total_le_adv_count: 9321, total_event_count: 2
I/adbd    ( 1256): adbd service requested 'shell,v2,TERM=dumb,raw:am broadcast -n com.example.ollamataskerbridge/.bridge.OllamaBridgeReceiver -a com.example.ollamataskerbridge.action.GENERATE --es backend local --es model smollm2:135m --es prompt TESTTWO --es system_prompt plain --ei max_tokens 16 --ef temperature 0.2 --es request_id local-cpu-2'
I/ActivityManager( 1509): Broadcasting: Intent { act=com.example.ollamataskerbridge.action.GENERATE flg=0x400000 cmp=com.example.ollamataskerbridge/.bridge.OllamaBridgeReceiver (has extras) }
I/ActivityManager( 1509): Enqueued broadcast Intent { act=com.example.ollamataskerbridge.action.GENERATE flg=0x400000 cmp=com.example.ollamataskerbridge/.bridge.OllamaBridgeReceiver (has extras) }: 0
I/InferenceEngineImpl( 4224): Sending user prompt (maxTokens=16 temperature=0.2)...
I/ai-chat ( 4224): Sampler temperature=0.200000
D/ai-chat ( 4224): Java_com_arm_aichat_internal_InferenceEngineImpl_processUserPrompt: User prompt received: 
D/ai-chat ( 4224): TESTTWO
I/ai-chat ( 4224): chat_add_and_format: Formatted and added user message: 
I/ai-chat ( 4224): 
I/ai-chat ( 4224): <|im_start|>user
I/ai-chat ( 4224): TESTTWO<|im_end|>
I/ai-chat ( 4224): <|im_start|>assistant
I/ai-chat ( 4224): 
V/ai-chat ( 4224): token: `
V/ai-chat ( 4224): `	 -> `198`
V/ai-chat ( 4224): token: `<|im_start|>`	 -> `1`
V/ai-chat ( 4224): token: `user`	 -> `4093`
V/ai-chat ( 4224): token: `
V/ai-chat ( 4224): `	 -> `198`
V/ai-chat ( 4224): token: `TEST`	 -> `21700`
V/ai-chat ( 4224): token: `TW`	 -> `45906`
V/ai-chat ( 4224): token: `O`	 -> `63`
V/ai-chat ( 4224): token: `<|im_end|>`	 -> `2`
V/ai-chat ( 4224): token: `
V/ai-chat ( 4224): `	 -> `198`
V/ai-chat ( 4224): token: `<|im_start|>`	 -> `1`
V/ai-chat ( 4224): token: `ass`	 -> `520`
V/ai-chat ( 4224): token: `istant`	 -> `9531`
V/ai-chat ( 4224): token: `
V/ai-chat ( 4224): `	 -> `198`
D/ai-chat ( 4224): decode_tokens_in_batches: Decode 13 tokens starting at position 46
V/ai-chat ( 4224): decode_tokens_in_batches: Preparing a batch size of 13 starting at: 0
D/TemperatureStateSource( 2309): sequence=7189 actualDelay=10001
D/TemperatureStateSource( 2309): Reading temperature: sequence=7190
I/pixel-thermal( 1798): VIRTUAL-SKIN:34.8979 raw data: VIRTUAL-SKIN:34897.9 VIRTUAL-SKIN-SUB-1:34897.9 VIRTUAL-SKIN-SUB-2:31181.1 VIRTUAL-SKIN-SUB-3:33361.1 charger_therm:36447 gnss_tcxo_therm:35490 modem_therm:35912 quiet_therm:34599 rffe_therm:33887 soc_therm:35022 usb_conn_therm:33776 
D/TemperatureStateSource( 2309): getDeviceTemperatures: sequence=7190 deviceTemperatureType=3 temperatureSource=0 temperatures=[34.897854]
D/TemperatureStateSource( 2309): sequence=7190 waitTime=10000
D/ImpulseStateSource( 2309): Notify clients: 7428
I/InferenceEngineImpl( 4224): User prompt processed. Generating assistant prompt...
V/ai-chat ( 4224): id: 3725,	cached: `````,	new: `````
V/ai-chat ( 4224): id: 5367,	cached: `python`,	new: `python`
V/ai-chat ( 4224): id: 198,	cached: `
V/ai-chat ( 4224): `,	new: `
V/ai-chat ( 4224): `
V/ai-chat ( 4224): id: 1604,	cached: `def`,	new: `def`
V/ai-chat ( 4224): id: 7074,	cached: ` split`,	new: ` split`
V/ai-chat ( 4224): id: 79,	cached: `_`,	new: `_`
E/hwc-display(  554): [PrimaryDisplay,pid=992,blob#396,chan#0] HistogramDevice::checkQueryResult: BAD_HIST_DATA, no event is handled
D/usf_sensor_hal(  992): [p0]Histogram API error:BAD_HIST_DATA
W/hwc-display(  554): [PrimaryDisplay,pid=554,blob#396] HistogramDevice::_handleDrmEvent: ignore the event(0x795ca324b8), collectStatus is NOT_STARTED
V/ai-chat ( 4224): id: 397,	cached: `and`,	new: `and`
V/ai-chat ( 4224): id: 79,	cached: `_`,	new: `_`
V/ai-chat ( 4224): id: 4849,	cached: `join`,	new: `join`
V/ai-chat ( 4224): id: 24,	cached: `(`,	new: `(`
V/ai-chat ( 4224): id: 99,	cached: `s`,	new: `s`
V/ai-chat ( 4224): id: 28,	cached: `,`,	new: `,`
V/ai-chat ( 4224): id: 25853,	cached: ` sep`,	new: ` sep`
V/ai-chat ( 4224): id: 2069,	cached: `='`,	new: `='`
V/ai-chat ( 4224): id: 14141,	cached: ` ',`,	new: ` ',`
V/ai-chat ( 4224): id: 27828,	cached: ` delim`,	new: ` delim`
V/ai-chat ( 4224): id: 2069,	cached: `='`,	new: `='`
V/ai-chat ( 4224): id: 14141,	cached: ` ',`,	new: ` ',`
V/ai-chat ( 4224): id: 43863,	cached: ` separator`,	new: ` separator`
V/ai-chat ( 4224): id: 2069,	cached: `='`,	new: `='`
V/ai-chat ( 4224): id: 14141,	cached: ` ',`,	new: ` ',`
I/WifiHAL ( 1017): Creating message to get link statistics; iface = 47
I/WifiHAL ( 1017): Getting cached scan results, iface handle = 0xb4000072f282ed50
E/WifiHAL ( 1017): Creating message to get cached scan results
I/WifiHAL ( 1017): In GetCachedScanResultsCommand::handleResponse
D/WifiHAL ( 1017): Start debug command: mType GET_FEATURE
I/WifiHAL ( 1017): CreateRequest mType = GET_FEATURE
D/WifiHAL ( 1017): In DebugCommand::handleResponse, mType:GET_FEATURE
D/WifiHAL ( 1017): len = 4, expected len = 4
I/HalDevMgr( 1509): bestIfaceCreationProposal is null, requestIface=STA, existingIface=[name=wlan0 type=STA]
V/ai-chat ( 4224): id: 38729,	cached: ` delimiter`,	new: ` delimiter`
V/ai-chat ( 4224): id: 79,	cached: `_`,	new: `_`
V/ai-chat ( 4224): id: 6666,	cached: `length`,	new: `length`
V/ai-chat ( 4224): id: 45,	cached: `=`,	new: `=`
V/ai-chat ( 4224): id: 32,	cached: `0`,	new: `0`
V/ai-chat ( 4224): id: 727,	cached: `):`,	new: `):`
V/ai-chat ( 4224): id: 472,	cached: `
V/ai-chat ( 4224):    `,	new: `
V/ai-chat ( 4224):    `
V/ai-chat ( 4224): id: 1620,	cached: ` """`,	new: ` """`
W/ai-chat ( 4224): Java_com_arm_aichat_internal_InferenceEngineImpl_generateNextToken: STOP: hitting stop position: 88
I/InferenceEngineImpl( 4224): Assistant generation complete. Awaiting user prompt...
I/ActivityManager( 1509): Broadcast completed: result=0, extras: Bundle[mParcelledData.dataSize=304]
W/libbinder.Binder( 1509): Binder transaction to android.app.IActivityManager, function: UNKNOWN_FUNCTION_NAME, code: 1598246212, took 1737ms. Data bytes: 824 Reply bytes: 4 Flags: 16
I/pixelstats: MmMetrics( 3134): kernel: old PSI sysfs node.
I/NearbyMediums( 2764): No BLE Fast/GATT advertisements found in the latest cycle.
I/NearbyMediums( 2764): Current Tracked Scanning Clients are : {NearbyConnections.EnvironmentMonitor, NearbySharing, NearbyConnections.TxAdvertisement}
D/BoundBrokerSvc( 2764): onUnbind: Intent { act=com.google.android.gms.libs.gmscorelogger.service.START dat=chimera-action:/... xflg=0x4 cmp=com.google.android.gms/.chimera.PersistentDirectBootAwareApiService }
I/WifiHAL ( 1017): Creating message to get link statistics; iface = 47
I/WifiHAL ( 1017): Getting cached scan results, iface handle = 0xb4000072f282ed50
E/WifiHAL ( 1017): Creating message to get cached scan results
I/WifiHAL ( 1017): In GetCachedScanResultsCommand::handleResponse
D/WifiHAL ( 1017): Start debug command: mType GET_FEATURE
I/WifiHAL ( 1017): CreateRequest mType = GET_FEATURE
D/WifiHAL ( 1017): In DebugCommand::handleResponse, mType:GET_FEATURE
D/WifiHAL ( 1017): len = 4, expected len = 4
I/HalDevMgr( 1509): bestIfaceCreationProposal is null, requestIface=STA, existingIface=[name=wlan0 type=STA]
I/pixel-thermal( 1798): charger_therm:36.402 raw data: charger_therm:36402 
I/pixel-thermal( 1798): VIRTUAL-SKIN-CHARGE:35.5106 raw data: VIRTUAL-SKIN-CHARGE:35510.6 VIRTUAL-SKIN-CHARGE-SUB-1:34728.1 VIRTUAL-SKIN-CHARGE-SUB-2:35510.6 charger_therm:36402 modem_therm:35801 quiet_therm:34577 rffe_therm:33909 soc_therm:35067 
I/pixel-thermal( 1798): VIRTUAL-SKIN-CHARGE power_budget=4731.26 err=2.48937 s_power=2200 time_elapsed_ms=7012 p=995.749 i=1600 d=0 dt_per_min=nan compensation=0 budget transient=0 control target=2 excluded power budget=64.491 (PARTIAL_SYSTEM_POWER: 1289.82 mW, cdev_weight: 0.050000)
I/pixel-thermal( 1798): VIRTUAL-SKIN-SPEAKER:34.8075 raw data: VIRTUAL-SKIN-SPEAKER:34807.5 VIRTUAL-SKIN-SPEAKER-SUB-1:32103.8 VIRTUAL-SKIN-SPEAKER-SUB-2:34807.5 battery:34500 gnss_tcxo_therm:35556 quiet_therm:34577 soc_therm:35067 usb_conn_therm:33731 
I/pixel-thermal( 1798): VIRTUAL-SKIN-CHARGE-WLC:35.304 raw data: VIRTUAL-SKIN-CHARGE-WLC:35304 charger_therm:36402 modem_therm:35801 rffe_therm:33909 soc_therm:35067 
I/pixel-thermal( 1798): VIRTUAL-SKIN-CHARGE-WLC power_budget=2210.22 err=2.696 s_power=1400 time_elapsed_ms=7012 p=539.201 i=400 d=0 dt_per_min=nan compensation=0 budget transient=0 control target=2 excluded power budget=128.982 (PARTIAL_SYSTEM_POWER: 1289.82 mW, cdev_weight: 0.100000)
D/InetDiagMessage( 1509): Destroyed 0 sockets, proto=IPPROTO_TCP, family=AF_INET, states=14
D/InetDiagMessage( 1509): Destroyed 0 sockets, proto=IPPROTO_TCP, family=AF_INET6, states=14
D/InetDiagMessage( 1509): Destroyed live tcp sockets for uids={10480} in 8ms
D/InetDiagMessage( 1509): Destroyed 0 sockets, proto=IPPROTO_TCP, family=AF_INET, states=14
D/InetDiagMessage( 1509): Destroyed 0 sockets, proto=IPPROTO_TCP, family=AF_INET6, states=14
D/InetDiagMessage( 1509): Destroyed live tcp sockets for uids={20480} in 5ms
I/NearbyDiscovery( 2764): (REDACTED) DiscoveryService onStartCommand action: %s
I/NearbyDiscovery( 2764): FastPairApiHandler: trigger firmware update check [CONTEXT service_id=265 ]
I/NearbyDiscovery( 2764): (REDACTED) FastPairApiHandler: Send result, package=(%s), requestType=(%s), status=(%s)
I/WifiHAL ( 1017): Creating message to get link statistics; iface = 47
I/WifiHAL ( 1017): Getting cached scan results, iface handle = 0xb4000072f282ed50
E/WifiHAL ( 1017): Creating message to get cached scan results
I/WifiHAL ( 1017): In GetCachedScanResultsCommand::handleResponse
D/WifiHAL ( 1017): Start debug command: mType GET_FEATURE
I/WifiHAL ( 1017): CreateRequest mType = GET_FEATURE
D/WifiHAL ( 1017): In DebugCommand::handleResponse, mType:GET_FEATURE
D/WifiHAL ( 1017): len = 4, expected len = 4
I/HalDevMgr( 1509): bestIfaceCreationProposal is null, requestIface=STA, existingIface=[name=wlan0 type=STA]
I/bthal.activity(  964): bt_power: LeAdvStat: 19:40:20:187 - 19:40:21:194, duration: 1006, le_adv_count: 2, total_le_adv_count: 9323, total_event_count: 0
D/App     (17488): bindSocketToActiveNetwork: binding fd=156 to net=112 iface=wlan0
D/gojni   (17488): App: bindSocketToActiveNetwork: binding fd=156 to net=112 iface=wlan0
W/ip      ( 4606): type=1400 audit(0.0:24594): avc:  denied  { bind } for  scontext=u:r:untrusted_app_34:s0:c97,c257,c512,c768 tcontext=u:r:untrusted_app_34:s0:c97,c257,c512,c768 tclass=netlink_route_socket permissive=0 app=com.tailscale.ipn
W/ip      ( 4607): type=1400 audit(0.0:24595): avc:  denied  { bind } for  scontext=u:r:untrusted_app_34:s0:c97,c257,c512,c768 tcontext=u:r:untrusted_app_34:s0:c97,c257,c512,c768 tclass=netlink_route_socket permissive=0 app=com.tailscale.ipn
W/ip      ( 4609): type=1400 audit(0.0:24596): avc:  denied  { bind } for  scontext=u:r:untrusted_app_34:s0:c97,c257,c512,c768 tcontext=u:r:untrusted_app_34:s0:c97,c257,c512,c768 tclass=netlink_route_socket permissive=0 app=com.tailscale.ipn
D/ImpulseConnection( 2309): timeout happen: com.google.android.apps.turbo
D/ImpulseConnection( 2309): unbindService for releasing a CONNECTED connection com.google.android.apps.turbo
D/TemperatureStateSource( 2309): sequence=7190 actualDelay=10001
D/TemperatureStateSource( 2309): Reading temperature: sequence=7191
I/pixel-thermal( 1798): VIRTUAL-SKIN:34.9448 raw data: VIRTUAL-SKIN:34944.8 VIRTUAL-SKIN-SUB-1:34944.8 VIRTUAL-SKIN-SUB-2:31118.4 VIRTUAL-SKIN-SUB-3:33356.5 charger_therm:36402 gnss_tcxo_therm:35556 modem_therm:35801 quiet_therm:34577 rffe_therm:33909 soc_therm:35067 usb_conn_therm:33731 
D/TemperatureStateSource( 2309): getDeviceTemperatures: sequence=7191 deviceTemperatureType=3 temperatureSource=0 temperatures=[34.94475]
D/TemperatureStateSource( 2309): sequence=7191 waitTime=10000
D/ImpulseStateSource( 2309): Notify clients: 7429
I/WifiHAL ( 1017): Creating message to get link statistics; iface = 47
I/WifiHAL ( 1017): Getting cached scan results, iface handle = 0xb4000072f282ed50
E/WifiHAL ( 1017): Creating message to get cached scan results
I/WifiHAL ( 1017): In GetCachedScanResultsCommand::handleResponse
D/WifiHAL ( 1017): Start debug command: mType GET_FEATURE
I/WifiHAL ( 1017): CreateRequest mType = GET_FEATURE
D/WifiHAL ( 1017): In DebugCommand::handleResponse, mType:GET_FEATURE
D/WifiHAL ( 1017): len = 4, expected len = 4
I/HalDevMgr( 1509): bestIfaceCreationProposal is null, requestIface=STA, existingIface=[name=wlan0 type=STA]
D/AOC     ( 1205): A3:MSG: lsm6dsv_device.cc, 732: USF: Lsm6dsvDevice: Sensor 3: Enabled 0, odr_index 0, period_ns 0.
D/AOC     ( 1205): A3:MSG: lsm6dsv_fifo.cc, 755: USF: Lsm6dsvFifo: ODR: XL/G/T/TS: 120/60/15/15 WM: 10 Intr: 21.
D/AOC     ( 1205): A3:MSG: lsm6dsv_device.cc, 641: USF: Lsm6dsvDevice: Fifo was disabled for 814046ns.
D/AOC     ( 1205): A3:MSG: usf_sensor.cc, 1866: USF: Received start sampling request for LSM6DSV Accelerometer (active:5).
D/AOC     ( 1205): A3:MSG: usf_sensor.cc, 1866: USF: Received start sampling request for LSM6DSV Stationary Detect (active:1).
D/AOC     ( 1205): A3:MSG: lsm6dsv_device.cc, 732: USF: Lsm6dsvDevice: Sensor 4: Enabled 1, odr_index 1, period_ns 500000000.
D/AOC     ( 1205): A3:MSG: lsm6dsv_fifo.cc, 755: USF: Lsm6dsvFifo: ODR: XL/G/T/TS: 120/60/15/15 WM: 10 Intr: 21.
D/AOC     ( 1205): A3:MSG: lsm6dsv_device.cc, 641: USF: Lsm6dsvDevice: Fifo was disabled for 810832ns.
D/AOC     ( 1205): A3:MSG: motion_state_sensor.cc, 328: USF: MoSt: StationaryDetect sampling started with sampling ID 10732.
D/AOC     ( 1205): A3:MSG: usf_sensor.cc, 1866: USF: Received start sampling request for LSM6DSV Accelerometer (active:6).
D/AOC     ( 1205): A3:MSG: lsm6dsv_device.cc, 732: USF: Lsm6dsvDevice: Sensor 0: Enabled 1, odr_index 6, period_ns 10000000.
D/AOC     ( 1205): A3:MSG: lsm6dsv_fifo.cc, 755: USF: Lsm6dsvFifo: ODR: XL/G/T/TS: 120/60/15/15 WM: 10 Intr: 21.
D/AOC     ( 1205): A3:MSG: lsm6dsv_device.cc, 641: USF: Lsm6dsvDevice: Fifo was disabled for 406942ns.
D/AOC     ( 1205): CHRE: DRAM vote count begins
D/AOC     ( 1205): CHRE: DRAM vote count ends: 0 ms
D/AOC     ( 1205): A3:MSG: usf_sensor.cc, 1866: USF: Received start sampling request for LSM6DSV Accelerometer (active:6).
I/CHRE    (  967): @ 72724.942: [AR] IDLE => ON
D/AOC     ( 1205): A3:MSG: usf_sensor.cc, 1866: USF: Received start sampling request for LSM6DSV FreeFall Detect (active:1).
D/AOC     ( 1205): A3:MSG: lsm6dsv_device.cc, 732: USF: Lsm6dsvDevice: Sensor 5: Enabled 1, odr_index 2, period_ns 500000000.
D/AOC     ( 1205): A3:MSG: lsm6dsv_fifo.cc, 755: USF: Lsm6dsvFifo: ODR: XL/G/T/TS: 120/60/15/15 WM: 10 Intr: 21.
D/AOC     ( 1205): A3:MSG: lsm6dsv_device.cc, 641: USF: Lsm6dsvDevice: Fifo was disabled for 498738ns.
D/AOC     ( 1205): A3:MSG: usf_sensor.cc, 1866: USF: Received start sampling request for LSM6DSV Stationary Detect (active:2).
D/CHRE.HAL(  967): Received a nanoapp message from 0x476f6f676c001016 endpoint 0x3: Type 0x8003 size 1 
D/ActivityManager( 1509): freezing 4224 com.example.ollamataskerbridge
I/vendor.google.wifi_ext-service-vendor( 1017): Wifi: Setting SAR Scenario to 3
E/WifiHAL ( 1017): wifi_select_tx_power_scenario
D/GRIL-S  ( 2315): [1679]> UPDATE_DEVICE_STATE DeviceState: Usb:0, Wifi: 1, Wifi AP: 0, Earpiece: 0, Bluetooth: 1, Wireless charging: 0, Screen: 1, Camera: 0, 0, -, -, Motion: 1, Bluetooth tethering: 0, Voice: 0, Wifi 2.4G: 0, Radio: 1, Bluetooth connected: 0, Bluetooth media: 0, Wifi Band: 2, Wifi AP Band: 0, Wifi call: 0, mmWave: 0, mCellBackhaul: 0, mHallSensor: 0, mDozeStatus: 1, mAppClassInfo: 0, mWifiCapSensorStatus: 0, mCellCapSensorStatus: 0, mBesideHeadHandStatus: 0, mSpeakerStatus: 0, mProtectiveCaseStatus: 0, mWifiSettingStatus: 0, mGpsStatus: 0
D/InetDiagMessage( 1509): Destroyed 0 sockets, proto=IPPROTO_TCP, family=AF_INET, states=14
D/InetDiagMessage( 1509): Destroyed 0 sockets, proto=IPPROTO_TCP, family=AF_INET6, states=14
D/InetDiagMessage( 1509): Destroyed live tcp sockets for uids={10480} in 2ms
D/GRIL-S  ( 2315): [1679]< UPDATE_DEVICE_STATE 
I/NearbyMediums( 2764): No BLE Fast/GATT advertisements found in the latest cycle.
I/NearbyMediums( 2764): Current Tracked Scanning Clients are : {NearbyConnections.EnvironmentMonitor, NearbySharing, NearbyConnections.TxAdvertisement}
I/pixel-thermal( 1798): charger_therm:36.135 raw data: charger_therm:36135 
I/pixel-thermal( 1798): VIRTUAL-SKIN-CHARGE:35.5106 raw data: VIRTUAL-SKIN-CHARGE:35510.6 VIRTUAL-SKIN-CHARGE-SUB-1:34669.1 VIRTUAL-SKIN-CHARGE-SUB-2:35510.6 charger_therm:36135 modem_therm:35734 quiet_therm:34577 rffe_therm:33909 soc_therm:35044 
I/pixel-thermal( 1798): VIRTUAL-SKIN-CHARGE power_budget=4734.54 err=2.48937 s_power=2200 time_elapsed_ms=7023 p=995.749 i=1600 d=0 dt_per_min=nan compensation=0 budget transient=0 control target=2 excluded power budget=61.2057 (PARTIAL_SYSTEM_POWER: 1224.11 mW, cdev_weight: 0.050000)
I/pixel-thermal( 1798): VIRTUAL-SKIN-SPEAKER:34.8508 raw data: VIRTUAL-SKIN-SPEAKER:34850.8 VIRTUAL-SKIN-SPEAKER-SUB-1:32062.2 VIRTUAL-SKIN-SPEAKER-SUB-2:34850.8 battery:34400 gnss_tcxo_therm:35445 quiet_therm:34577 soc_therm:35044 usb_conn_therm:33776 
I/pixel-thermal( 1798): VIRTUAL-SKIN-CHARGE-WLC:35.2432 raw data: VIRTUAL-SKIN-CHARGE-WLC:35243.2 charger_therm:36135 modem_therm:35734 rffe_therm:33909 soc_therm:35044 
I/pixel-thermal( 1798): VIRTUAL-SKIN-CHARGE-WLC power_budget=2228.94 err=2.75678 s_power=1400 time_elapsed_ms=7023 p=551.356 i=400 d=0 dt_per_min=nan compensation=0 budget transient=0 control target=2 excluded power budget=122.411 (PARTIAL_SYSTEM_POWER: 1224.11 mW, cdev_weight: 0.100000)
I/pixel-thermal( 1798): Successfully update cdev dc_icl sysfs to 10
I/WifiHAL ( 1017): Creating message to get link statistics; iface = 47
I/AlarmManager( 2764): setExactAndAllowWhileIdle [name: GCM_HB_ALARM type: 2 triggerAtMillis: 73039940]
I/WifiHAL ( 1017): Getting cached scan results, iface handle = 0xb4000072f282ed50
E/WifiHAL ( 1017): Creating message to get cached scan results
I/AlarmManager( 2764): setExactAndAllowWhileIdle [name: FcmRetry type: 2 triggerAtMillis: 72799974]
I/WifiHAL ( 1017): In GetCachedScanResultsCommand::handleResponse
D/ActivityManager( 1509): sync unfroze 28523 com.google.android.apps.photos for 3
D/WifiHAL ( 1017): Start debug command: mType GET_FEATURE
I/WifiHAL ( 1017): CreateRequest mType = GET_FEATURE
D/WifiHAL ( 1017): In DebugCommand::handleResponse, mType:GET_FEATURE
D/WifiHAL ( 1017): len = 4, expected len = 4
I/HalDevMgr( 1509): bestIfaceCreationProposal is null, requestIface=STA, existingIface=[name=wlan0 type=STA]
W/JobInfo (28523): Requested important-while-foreground flag for job555007459 is ignored and takes no effect
W/TracingMuxer( 1204): type=1400 audit(0.0:24597): avc:  denied  { write } for  name="traced_producer" dev="tmpfs" ino=1356 scontext=u:r:gxp_logging:s0 tcontext=u:object_r:traced_producer_socket:s0 tclass=sock_file permissive=0
V/DisplayPowerController[0]( 1509): Brightness [0.0098282695] reason changing to: 'automatic [ dim ]', previous reason: 'automatic'.
I/DisplayPowerController[0]( 1509): BrightnessEvent: brt=0.0098282695(29.0%), nits=15.759966, lux=93.29004, reason=automatic [ dim ], strat=AutomaticBrightnessStrategy, state=ON, stateReason=DEFAULT_POLICY, policy=DIM, flags=, initBrt=0.04982827, rcmdBrt=0.04982827, preBrt=0.04426169, preLux=55.549137, lastReadLux=94.62457, wasShortTermModelActive=false, autoBrightness=true (default), unclampedBrt=0.04982827, brtRange=[0.0, 0.35571426], hbmMax=0.57, hbmMode=off, thrmMax=1.0, rbcStrength=50, powerFactor=1.0, physDisp=内蔵スクリーン(local:4619827677550801152), logicalId=0, slowChange=false, rampSpeed=0.7047244, colorTemp=NaN, thermalStatus=none
I/PixelDisplayManager( 2404): onDisplayChanged(内蔵スクリーン, 0, local:4619827677550801152): screenOn=true, hbmMode=0, br=0.0098282695, product=DeviceProductInfo{name=Common Panel, manufacturerPnpId=GGL, productId=0, modelYear=null, manufactureDate=ManufactureDate{week=1, year=1990}, connectionToSinkType=1, edidStructureMetadata=EdidStructureMetadata{version=0, revision=0}, videoInputType=0}
I/hwc-display(  554): path=drm, id=0, level=1038, nits=68.542130, brightness=0.047523, DimmingOn=1, Hbm=0, LhbmOn=0, OpRate=60
D/hwc-display(  554): [PrimaryDisplay] OperationRateManager::onBrightness:dbv=1038
W/hwc-libdisplaycolor(  554): GetRrRegammaForRange: no match found (op_hz, hz, dbv, range_id)=(60,60,1061,7)
I/hwc-display(  554): path=drm, id=0, level=1010, nits=64.438599, brightness=0.044592, DimmingOn=1, Hbm=0, LhbmOn=0, OpRate=60
D/hwc-display(  554): [PrimaryDisplay] OperationRateManager::onBrightness:dbv=1010
W/hwc-libdisplaycolor(  554): GetRrRegammaForRange: no match found (op_hz, hz, dbv, range_id)=(60,60,1038,7)
I/hwc-display(  554): path=drm, id=0, level=981, nits=60.460804, brightness=0.041750, DimmingOn=1, Hbm=0, LhbmOn=0, OpRate=60
D/hwc-display(  554): [PrimaryDisplay] OperationRateManager::onBrightness:dbv=981
W/hwc-libdisplaycolor(  554): GetRrRegammaForRange: no match found (op_hz, hz, dbv, range_id)=(60,60,1010,7)
I/hwc-display(  554): path=drm, id=0, level=951, nits=56.614563, brightness=0.039003, DimmingOn=1, Hbm=0, LhbmOn=0, OpRate=60
D/hwc-display(  554): [PrimaryDisplay] OperationRateManager::onBrightness:dbv=951
W/hwc-libdisplaycolor(  554): GetRrRegammaForRange: no match found (op_hz, hz, dbv, range_id)=(60,60,981,7)
D/AOC     ( 1205): A3:MSG: tmd3719_device.cc, 4540: USF: TMD3719: dbv:951 leakage:0.119511 refresh_rate:60 status:1 op_hz:60 [1]
I/hwc-display(  554): path=drm, id=0, level=923, nits=52.899826, brightness=0.036349, DimmingOn=1, Hbm=0, LhbmOn=0, OpRate=60
D/hwc-display(  554): [PrimaryDisplay] OperationRateManager::onBrightness:dbv=923
W/hwc-libdisplaycolor(  554): GetRrRegammaForRange: no match found (op_hz, hz, dbv, range_id)=(60,60,951,8)
I/hwc-display(  554): path=drm, id=0, level=895, nits=49.315136, brightness=0.033789, DimmingOn=1, Hbm=0, LhbmOn=0, OpRate=60
D/hwc-display(  554): [PrimaryDisplay] OperationRateManager::onBrightness:dbv=895
W/hwc-libdisplaycolor(  554): GetRrRegammaForRange: no match found (op_hz, hz, dbv, range_id)=(60,60,923,8)
I/hwc-display(  554): path=drm, id=0, level=865, nits=45.868889, brightness=0.031327, DimmingOn=1, Hbm=0, LhbmOn=0, OpRate=60
D/hwc-display(  554): [PrimaryDisplay] OperationRateManager::onBrightness:dbv=865
W/hwc-libdisplaycolor(  554): GetRrRegammaForRange: no match found (op_hz, hz, dbv, range_id)=(60,60,895,8)
I/hwc-display(  554): path=drm, id=0, level=837, nits=42.547623, brightness=0.028955, DimmingOn=1, Hbm=0, LhbmOn=0, OpRate=60
D/hwc-display(  554): [PrimaryDisplay] OperationRateManager::onBrightness:dbv=837
W/hwc-libdisplaycolor(  554): GetRrRegammaForRange: no match found (op_hz, hz, dbv, range_id)=(60,60,865,8)
I/hwc-display(  554): path=drm, id=0, level=806, nits=39.351822, brightness=0.026672, DimmingOn=1, Hbm=0, LhbmOn=0, OpRate=60
D/hwc-display(  554): [PrimaryDisplay] OperationRateManager::onBrightness:dbv=806
W/hwc-libdisplaycolor(  554): GetRrRegammaForRange: no match found (op_hz, hz, dbv, range_id)=(60,60,837,8)
I/hwc-display(  554): path=drm, id=0, level=777, nits=36.289814, brightness=0.024485, DimmingOn=1, Hbm=0, LhbmOn=0, OpRate=60
D/hwc-display(  554): [PrimaryDisplay] OperationRateManager::onBrightness:dbv=777
W/hwc-libdisplaycolor(  554): GetRrRegammaForRange: no match found (op_hz, hz, dbv, range_id)=(60,60,806,8)
D/AOC     ( 1205): A3:MSG: tmd3719_device.cc, 4540: USF: TMD3719: dbv:777 leakage:0.107006 refresh_rate:60 status:1 op_hz:60 [1]
I/hwc-display(  554): path=drm, id=0, level=749, nits=33.357933, brightness=0.022391, DimmingOn=1, Hbm=0, LhbmOn=0, OpRate=60
D/hwc-display(  554): [PrimaryDisplay] OperationRateManager::onBrightness:dbv=749
W/hwc-libdisplaycolor(  554): GetRrRegammaForRange: no match found (op_hz, hz, dbv, range_id)=(60,60,777,8)
I/hwc-display(  554): path=drm, id=0, level=719, nits=30.558460, brightness=0.020391, DimmingOn=1, Hbm=0, LhbmOn=0, OpRate=60
D/hwc-display(  554): [PrimaryDisplay] OperationRateManager::onBrightness:dbv=719
W/hwc-libdisplaycolor(  554): GetRrRegammaForRange: no match found (op_hz, hz, dbv, range_id)=(60,60,749,8)
I/hwc-display(  554): path=drm, id=0, level=690, nits=27.890388, brightness=0.018485, DimmingOn=1, Hbm=0, LhbmOn=0, OpRate=60
D/hwc-display(  554): [PrimaryDisplay] OperationRateManager::onBrightness:dbv=690
W/hwc-libdisplaycolor(  554): GetRrRegammaForRange: no match found (op_hz, hz, dbv, range_id)=(60,60,719,8)
I/hwc-display(  554): path=drm, id=0, level=660, nits=25.352249, brightness=0.016672, DimmingOn=1, Hbm=0, LhbmOn=0, OpRate=60
D/hwc-display(  554): [PrimaryDisplay] OperationRateManager::onBrightness:dbv=660
W/hwc-libdisplaycolor(  554): GetRrRegammaForRange: no match found (op_hz, hz, dbv, range_id)=(60,60,690,9)
I/hwc-display(  554): path=drm, id=0, level=632, nits=22.945541, brightness=0.014953, DimmingOn=1, Hbm=0, LhbmOn=0, OpRate=60
D/hwc-display(  554): [PrimaryDisplay] OperationRateManager::onBrightness:dbv=632
W/hwc-libdisplaycolor(  554): GetRrRegammaForRange: no match found (op_hz, hz, dbv, range_id)=(60,60,660,9)
D/AOC     ( 1205): A3:MSG: tmd3719_device.cc, 4540: USF: TMD3719: dbv:632 leakage:0.097742 refresh_rate:60 status:1 op_hz:60 [1]
I/hwc-display(  554): path=drm, id=0, level=602, nits=20.670052, brightness=0.013328, DimmingOn=1, Hbm=0, LhbmOn=0, OpRate=60
D/hwc-display(  554): [PrimaryDisplay] OperationRateManager::onBrightness:dbv=602
W/hwc-libdisplaycolor(  554): GetRrRegammaForRange: no match found (op_hz, hz, dbv, range_id)=(60,60,632,9)
I/hwc-display(  554): path=drm, id=0, level=573, nits=18.524117, brightness=0.011795, DimmingOn=1, Hbm=0, LhbmOn=0, OpRate=60
D/hwc-display(  554): [PrimaryDisplay] OperationRateManager::onBrightness:dbv=573
W/hwc-libdisplaycolor(  554): GetRrRegammaForRange: no match found (op_hz, hz, dbv, range_id)=(60,60,602,9)
I/hwc-display(  554): path=drm, id=0, level=543, nits=16.510103, brightness=0.010356, DimmingOn=1, Hbm=0, LhbmOn=0, OpRate=60
D/hwc-display(  554): [PrimaryDisplay] OperationRateManager::onBrightness:dbv=543
W/hwc-libdisplaycolor(  554): GetRrRegammaForRange: no match found (op_hz, hz, dbv, range_id)=(60,60,573,9)
I/hwc-display(  554): path=drm, id=0, level=532, nits=15.770749, brightness=0.009828, DimmingOn=1, Hbm=0, LhbmOn=0, OpRate=60
D/hwc-display(  554): [PrimaryDisplay] OperationRateManager::onBrightness:dbv=532
W/hwc-libdisplaycolor(  554): GetRrRegammaForRange: no match found (op_hz, hz, dbv, range_id)=(60,60,543,9)
I/NearbyDiscovery( 2764): (REDACTED) DiscoveryService onStartCommand action: %s
I/NearbyDiscovery( 2764): FastPairApiHandler: trigger firmware update check [CONTEXT service_id=265 ]
I/NearbyDiscovery( 2764): (REDACTED) FastPairApiHandler: Send result, package=(%s), requestType=(%s), status=(%s)
D/libnos_datagram(  549): Calling App 0x02 with params 0x000a
D/libnos_datagram(  549): App 0x02 returning 0x0
I/citadeld(  549): reportCitadelAppCalled app_id =  2 arg = 10 app_status = 0
I/citadeld(  549): Recorded atom for RPC call
D/libnos_datagram(  549): Calling App 0x02 with params 0x000b
D/libnos_datagram(  549): App 0x02 returning 0x0
I/citadeld(  549): reportCitadelAppCalled app_id =  2 arg = 11 app_status = 0
I/citadeld(  549): Recorded atom for RPC call
D/libnos_datagram(  549): Calling App 0x02 with params 0x000c
D/libnos_datagram(  549): App 0x02 returning 0x0
I/citadeld(  549): reportCitadelAppCalled app_id =  2 arg = 12 app_status = 0
I/citadeld(  549): Recorded atom for RPC call
I/Auth    ( 2764): (REDACTED) [GetTokenResponse] Decryption key=%s success, service=%s
D/libnos_datagram(  549): Calling App 0x00 with params 0x0200
D/libnos_datagram(  549): App 0x00 returning 0x0
I/bthal.activity(  964): bt_power: LeAdvStat: 19:40:28:208 - 19:40:29:212, duration: 1003, le_adv_count: 2, total_le_adv_count: 9325, total_event_count: 0
D/AOC     ( 1205): A3:MSG: lsm6dsv_device.cc, 732: USF: Lsm6dsvDevice: Sensor 4: Enabled 0, odr_index 0, period_ns 0.
D/AOC     ( 1205): A3:MSG: lsm6dsv_fifo.cc, 755: USF: Lsm6dsvFifo: ODR: XL/G/T/TS: 120/60/15/15 WM: 10 Intr: 21.
D/AOC     ( 1205): A3:MSG: lsm6dsv_device.cc, 641: USF: Lsm6dsvDevice: Fifo was disabled for 453898ns.
D/AOC     ( 1205): A3:MSG: usf_sensor.cc, 1866: USF: Received start sampling request for LSM6DSV Motion Detect (active:1).
D/AOC     ( 1205): A3:MSG: lsm6dsv_device.cc, 732: USF: Lsm6dsvDevice: Sensor 3: Enabled 1, odr_index 1, period_ns 500000000.
D/AOC     ( 1205): A3:MSG: lsm6dsv_fifo.cc, 755: USF: Lsm6dsvFifo: ODR: XL/G/T/TS: 120/60/15/15 WM: 10 Intr: 21.
D/AOC     ( 1205): A3:MSG: lsm6dsv_device.cc, 641: USF: Lsm6dsvDevice: Fifo was disabled for 518026ns.
D/AOC     ( 1205): A3:MSG: usf_sensor.cc, 1866: USF: Received start sampling request for LSM6DSV Motion Detect (active:2).
D/AOC     ( 1205): A3:MSG: motion_state_sensor.cc, 328: USF: MoSt: MotionDetect sampling started with sampling ID 10737.
D/AOC     ( 1205): A3:MSG: usf_sensor.cc, 1881: USF: Received stop sampling request for LSM6DSV FreeFall Detect (active:0).
D/AOC     ( 1205): A3:MSG: lsm6dsv_device.cc, 732: USF: Lsm6dsvDevice: Sensor 5: Enabled 0, odr_index 0, period_ns 0.
D/AOC     ( 1205): A3:MSG: lsm6dsv_fifo.cc, 755: USF: Lsm6dsvFifo: ODR: XL/G/T/TS: 120/60/15/15 WM: 10 Intr: 21.
D/AOC     ( 1205): A3:MSG: lsm6dsv_device.cc, 641: USF: Lsm6dsvDevice: Fifo was disabled for 437703ns.
D/BoundBrokerSvc( 2764): onRebind: Intent { act=com.google.android.gms.libs.gmscorelogger.service.START dat=chimera-action:/... xflg=0x4 cmp=com.google.android.gms/.chimera.PersistentDirectBootAwareApiService }
D/nativeloader(28523): Load /data/app/~~pe0aCwfBd8vSU_XPUCpilQ==/com.google.android.apps.photos-ERpNndgOvBdf4SI9bxnmJA==/lib/arm64/libnative.so using class loader ns clns-9 (caller=/data/app/~~pe0aCwfBd8vSU_XPUCpilQ==/com.google.android.apps.photos-ERpNndgOvBdf4SI9bxnmJA==/base.apk!classes4.dex): ok
D/vulkan  (28523): searching for layers in '/data/app/~~pe0aCwfBd8vSU_XPUCpilQ==/com.google.android.apps.photos-ERpNndgOvBdf4SI9bxnmJA==/lib/arm64'
D/vulkan  (28523): searching for layers in '/data/app/~~pe0aCwfBd8vSU_XPUCpilQ==/com.google.android.apps.photos-ERpNndgOvBdf4SI9bxnmJA==/base.apk!/lib/arm64-v8a'
D/vulkan  (28523): searching for layers in '/data/app/~~pe0aCwfBd8vSU_XPUCpilQ==/com.google.android.apps.photos-ERpNndgOvBdf4SI9bxnmJA==/split_config.arm64_v8a.apk!/lib/arm64-v8a'
D/vulkan  (28523): searching for layers in '/data/app/~~pe0aCwfBd8vSU_XPUCpilQ==/com.google.android.apps.photos-ERpNndgOvBdf4SI9bxnmJA==/split_config.ja.apk!/lib/arm64-v8a'
D/vulkan  (28523): searching for layers in '/data/app/~~pe0aCwfBd8vSU_XPUCpilQ==/com.google.android.apps.photos-ERpNndgOvBdf4SI9bxnmJA==/split_config.xxhdpi.apk!/lib/arm64-v8a'
I/WifiHAL ( 1017): Creating message to get link statistics; iface = 47
I/WifiHAL ( 1017): Getting cached scan results, iface handle = 0xb4000072f282ed50
E/WifiHAL ( 1017): Creating message to get cached scan results
I/WifiHAL ( 1017): In GetCachedScanResultsCommand::handleResponse
D/WifiHAL ( 1017): Start debug command: mType GET_FEATURE
I/WifiHAL ( 1017): CreateRequest mType = GET_FEATURE
D/WifiHAL ( 1017): In DebugCommand::handleResponse, mType:GET_FEATURE
D/WifiHAL ( 1017): len = 4, expected len = 4
I/HalDevMgr( 1509): bestIfaceCreationProposal is null, requestIface=STA, existingIface=[name=wlan0 type=STA]
D/AOC     ( 1205): A3:MSG: usf_sensor.cc, 1866: USF: Received start sampling request for LSM6DSV Motion Detect (active:3).
D/AOC     ( 1205): A3:MSG: usf_sensor.cc, 1881: USF: Received stop sampling request for LSM6DSV Accelerometer (active:5).
D/ActivityManager( 1509): freezing 18771 .ShannonImsService
D/AOC     ( 1205): CHRE: DRAM vote count begins
D/AOC     ( 1205): CHRE: DRAM vote count ends: 0 ms
D/AOC     ( 1205): CHRE: DRAM vote count begins
D/AOC     ( 1205): CHRE: DRAM vote count ends: 0 ms
I/CHRE    (  967): @ 72732.371: [ImuCal] [GYRO_RPS] (s0, c0) Offset | Temp [C] | Quality: 0.000125, -0.000014, 0.000902 | 34.61 | 4
I/CHRE    (  967): @ 72732.371: [ImuCal] [GYRO_RPS] (s0) Temp Sensitivity: -0.000009, -0.000031, -0.000022
I/CHRE    (  967): @ 72732.371: [ImuCal] [GYRO_RPS] (s0) Temp Intercept: 0.000537, 0.001079, 0.001751
I/hwc-display(  554): Display Temperature : 33°C
I/WifiHAL ( 1017): Creating message to get link statistics; iface = 47
I/WifiHAL ( 1017): Getting cached scan results, iface handle = 0xb4000072f282ed50
E/WifiHAL ( 1017): Creating message to get cached scan results
I/WifiHAL ( 1017): In GetCachedScanResultsCommand::handleResponse
D/IpClient/wlan0( 2306): interfaceLinkStateChanged: ifindex 47 up
D/WifiHAL ( 1017): Start debug command: mType GET_FEATURE
I/WifiHAL ( 1017): CreateRequest mType = GET_FEATURE
D/WifiHAL ( 1017): In DebugCommand::handleResponse, mType:GET_FEATURE
D/WifiHAL ( 1017): len = 4, expected len = 4
I/HalDevMgr( 1509): bestIfaceCreationProposal is null, requestIface=STA, existingIface=[name=wlan0 type=STA]
D/ActivityManager( 1509): freezing 5840 com.google.android.apps.turbo
D/TemperatureStateSource( 2309): sequence=7191 actualDelay=10002
D/TemperatureStateSource( 2309): Reading temperature: sequence=7192
I/pixel-thermal( 1798): VIRTUAL-SKIN:34.9613 raw data: VIRTUAL-SKIN:34961.2 VIRTUAL-SKIN-SUB-1:34961.2 VIRTUAL-SKIN-SUB-2:31008.2 VIRTUAL-SKIN-SUB-3:33316.4 charger_therm:36046 gnss_tcxo_therm:35556 modem_therm:35623 quiet_therm:34599 rffe_therm:33909 soc_therm:35089 usb_conn_therm:33798 
D/InetDiagMessage( 1509): Destroyed 0 sockets, proto=IPPROTO_TCP, family=AF_INET, states=14
D/TemperatureStateSource( 2309): getDeviceTemperatures: sequence=7192 deviceTemperatureType=3 temperatureSource=0 temperatures=[34.96125]
D/TemperatureStateSource( 2309): sequence=7192 waitTime=10000
D/ImpulseStateSource( 2309): Notify clients: 7430
D/InetDiagMessage( 1509): Destroyed 0 sockets, proto=IPPROTO_TCP, family=AF_INET6, states=14
D/InetDiagMessage( 1509): Destroyed live tcp sockets for uids={10135} in 10ms
D/AOC     ( 1205): A3:MSG: usf_vsc_log.cc, 69: VSC: [Auto Brightness] Retune sensor-3 (tout:1 drop:0): avg 93.591 -> 93.590 [wm:95.564]
I/pixel-thermal( 1798): charger_therm:36.046 raw data: charger_therm:36046 
I/pixel-thermal( 1798): VIRTUAL-SKIN-CHARGE:35.524 raw data: VIRTUAL-SKIN-CHARGE:35524 VIRTUAL-SKIN-CHARGE-SUB-1:34644.7 VIRTUAL-SKIN-CHARGE-SUB-2:35524 charger_therm:36046 modem_therm:35623 quiet_therm:34599 rffe_therm:33909 soc_therm:35089 
I/pixel-thermal( 1798): VIRTUAL-SKIN-CHARGE power_budget=4734.77 err=2.47604 s_power=2200 time_elapsed_ms=7020 p=990.417 i=1600 d=-0 dt_per_min=nan compensation=0 budget transient=0 control target=2 excluded power budget=55.6495 (PARTIAL_SYSTEM_POWER: 1112.99 mW, cdev_weight: 0.050000)
I/pixel-thermal( 1798): VIRTUAL-SKIN-SPEAKER:34.8745 raw data: VIRTUAL-SKIN-SPEAKER:34874.5 VIRTUAL-SKIN-SPEAKER-SUB-1:32117.1 VIRTUAL-SKIN-SPEAKER-SUB-2:34874.5 battery:34500 gnss_tcxo_therm:35556 quiet_therm:34599 soc_therm:35089 usb_conn_therm:33798 
I/pixel-thermal( 1798): VIRTUAL-SKIN-CHARGE-WLC:35.218 raw data: VIRTUAL-SKIN-CHARGE-WLC:35218 charger_therm:36046 modem_therm:35623 rffe_therm:33909 soc_therm:35089 
I/pixel-thermal( 1798): VIRTUAL-SKIN-CHARGE-WLC power_budget=2245.1 err=2.782 s_power=1400 time_elapsed_ms=7020 p=556.4 i=400 d=0 dt_per_min=nan compensation=0 budget transient=0 control target=2 excluded power budget=111.299 (PARTIAL_SYSTEM_POWER: 1112.99 mW, cdev_weight: 0.100000)
D/AOC     ( 1205): A3:MSG: usf_vsc_log.cc, 69: VSC: [Auto Brightness] Retune sensor-0 (tout:1 drop:0): avg 93.278 -> 93.278 [wm:95.632]
I/PowerGroup( 1509): Napping power group (groupId=0, uid=1000)...
I/PowerGroup( 1509): dreamManagerAttemptedDozing status changed to false for group 0
I/PowerManagerService( 1509): Nap time (uid 1000)...
I/PowerGroup( 1509): Powering off display group due to timeout (groupId= 0, uid= 1000, millisSinceLastUserActivity=120006, lastUserActivityEvent=other)...
I/PowerManagerService( 1509): Going to sleep due to timeout (uid 1000, screenOffTimeout=120000, activityTimeoutWM=-1, maxDimRatio=0.20000005, maxDimDur=7000)...
W/ProcessStats( 1509): Tracking association SourceState{953046e system/1000 ImpFg #171372} whose proc state 5 is better than process ProcessState{f9a24e0 com.android.devicelockcontroller/10453 pkg=com.android.devicelockcontroller} proc state 14 (0 skipped)
D/BiometricUtils( 1509): isEncrypted: false isLockdown: false
D/KeyguardViewMediator( 2175): KeyguardViewMediator queue processing message: NOTIFY_STARTED_GOING_TO_SLEEP
D/BiometricScheduler( 1509): [Added] {[334] com.android.server.biometrics.sensors.fingerprint.aidl.FingerprintAuthenticationClient, proto=3, owner=com.android.systemui, cookie=0, requestId=92, userId=0}, new queue size: 1
D/BiometricScheduler( 1509): [Polled] {[334] com.android.server.biometrics.sensors.fingerprint.aidl.FingerprintAuthenticationClient, proto=3, owner=com.android.systemui, cookie=0, requestId=92, userId=0}, State: 0
D/GestureAvailabilityTracker( 1509): Notifying gesture availability, active=false
D/BiometricScheduler( 1509): [Started] {[334] com.android.server.biometrics.sensors.fingerprint.aidl.FingerprintAuthenticationClient, proto=3, owner=com.android.systemui, cookie=0, requestId=92, userId=0}
D/BiometricStateCallback( 1509): State updated from 0 to 2, client {[334] com.android.server.biometrics.sensors.fingerprint.aidl.FingerprintAuthenticationClient, proto=3, owner=com.android.systemui, cookie=0, requestId=92, userId=0}
I/Surface ( 1509): Creating surface for consumer unnamed-1509-779 with slotExpansion=1 for 64 slots
I/KeyguardTransitionRepository( 2175): STARTED transition: TransitionStep(from=GONE, to=DOZING, value=0.0, transitionState=STARTED, ownerName=FromGoneTransitionInteractor(Sleep transition triggered))
I/Surface ( 1509): Creating surface for consumer ColorFade#90(BLAST Consumer)90 with slotExpansion=1 for 64 slots
D/AuthenticationClient( 1509): Requesting auth for com.android.systemui
I/Surface ( 1509): Creating surface for consumer unnamed-1509-780 with slotExpansion=1 for 64 slots
D/BiometricStatusRepositoryImpl( 2175): authenticationState updated: Started(biometricSourceType=FINGERPRINT, requestReason=DeviceEntryAuthentication)
I/Surface ( 1509): Creating surface for consumer SurfaceTexture-7-1509-86 with slotExpansion=0 for 64 slots
D/WindowOnBackDispatcher(17230): setTopOnBackInvokedCallback (unwrapped): android.view.ViewRootImpl$$ExternalSyntheticLambda14@2a5d7b6
D/CoreBackPreview( 1509): Window{635cd0b u0 com.termux/com.termux.app.TermuxActivity}: Setting back callback OnBackInvokedCallbackInfo{mCallback=android.window.IOnBackInvokedCallback$Stub$Proxy@bfdc160, mPriority=0, mIsAnimationCallback=false, mOverrideBehavior=0}
I/GoogleInputMethodService( 4246): GoogleInputMethodService.onFinishInputView():1757 onFinishInputView(true)
I/EmojiAndGlobeKeyExtension( 4246): EmojiAndGlobeKeyExtension.onDeactivate():153 
I/FingerprintSession( 1560): authenticateWithContext
I/NgaExtension( 4246): NgaExtension.onDeactivate():714 NgaExtension#onDeactivate [SDG]
W/NotificationCenter( 4246): NotificationCenter.unregisterListener():474 Listener ify@514d8a6 was not registered for notification class oqu
D/FingerprintHal( 1560): fingerprint authenticateWithContext
D/FingerprintHal( 1560): fingerprint authenticate
I/[GF_HAL][DelmarHalUtils]( 1560): [checkModuleVerions] modules(2) version match passed: f59c333_f59c333_f59c333_2025.09.19_11:44:40
D/FpStateTracker( 1560): UpdateState: state_:0x0
D/FingerState( 1560): Set: ignore redundant finger up
I/KeyboardEventHandler( 4246): KeyboardEventHandler.handleKeyboardVisibilityEvent():219 Handling KeyboardVisibilityEvent: KEYBOARD_CLOSED [SD]
W/RemoteInputConnectionImpl(17230): requestCursorUpdates on inactive InputConnection
D/UdfpsController( 2175): showUdfpsOverlay | adding window reason=4
I/NgaVoiceInputHandler( 4246): NgaVoiceInputHandler.shutdownInternalLegacy():351 VoiceInputHandler:deactivating with reason: SHUTDOWN_UNIVERSAL_EXTENSION_ON_DEACTIVATE [SDG]
W/NotificationCenter( 4246): NotificationCenter.unregisterListener():474 Listener ptv@8ecf8a0 was not registered for notification class ptw
W/SmartEdit( 4246): SmartEdit.setGenAiVoiceEditManager():827 Cannot set LC UI delegate: promotionManager is null
I/NgaInputManager( 4246): NgaInputManager.onDeactivate():483 SmartEdit: unloading models false [SDG]
I/UniversalDictationUiProvider( 4246): UniversalDictationUiProvider.onDeactivate():69 onDeactivate() [UD]
D/FpStateTracker( 1560): UpdateState: state_:0x200
I/AbstractIme( 4246): AbstractIme.onDeactivate():229 PasswordIme.onDeactivate()
V/BiometricSchedulerOperation( 1509): started: {[334] com.android.server.biometrics.sensors.fingerprint.aidl.FingerprintAuthenticationClient, proto=3, owner=com.android.systemui, cookie=0, requestId=92, userId=0}, State: 2
D/usf_sensor_hal(  992): ambient light: Enter Batch. Period = 1000000, latency = 0.
I/PrimesLoggerHolder( 4246): FrameMetricServiceImpl.stopAsFuture():213 Measurement not found: OnConfigurationChanged
I/GoogleInputMethodService( 4246): GoogleInputMethodService.onFinishInput():2361 
D/ImeBackCallbackSender( 4246): Unregister OnBackInvokedCallback at app window (packageName=com.termux)
D/AOC     ( 1205): A3:MSG: usf_sensor.cc, 2512: USF: Received reconfig sampling request for TMD3719 Ambient Light.
W/ImeBackCallbackProxy(17230): Ime callback not found. Ignoring unregisterReceivedCallback. callbackId: 151698191 remaining callbacks: 0
I/Module  ( 4246): DeviceLockedStatusModuleProvider$Module.updateDeviceLockedStatusInternal():119 repeatCheckTimes = 0, locked = false
I/HardKeyTracker( 4246): HardKeyTracker.unregisterKeySequence():259 Unregister key sequence qpd{labelResId=2132020707, callback=gbv@ecbb765, lastModifier=2, keyCodes=[32], actions=[0]}
I/HardKeyTracker( 4246): HardKeyTracker.unregisterKeySequence():259 Unregister key sequence qpd{labelResId=2132020707, callback=gbv@bbc0c3a, lastModifier=0, keyCodes=[319], actions=[0]}
I/HardKeyTracker( 4246): HardKeyTracker.registerKeySequence():201 Register key sequence qpd{labelResId=2132020707, callback=gbv@9639a42, lastModifier=2, keyCodes=[32], actions=[0]}
I/HardKeyTracker( 4246): HardKeyTracker.registerKeySequence():201 Register key sequence qpd{labelResId=2132020707, callback=gbv@974fa53, lastModifier=0, keyCodes=[319], actions=[0]}
I/HardKeyTracker( 4246): HardKeyTracker.unregisterKeySequence():259 Unregister key sequence qpd{labelResId=2132020707, callback=gbv@9a710eb, lastModifier=2, keyCodes=[32], actions=[0]}
I/HardKeyTracker( 4246): HardKeyTracker.unregisterKeySequence():259 Unregister key sequence qpd{labelResId=2132020707, callback=gbv@40bfe48, lastModifier=0, keyCodes=[319], actions=[0]}
I/HardKeyTracker( 4246): HardKeyTracker.registerKeySequence():201 Register key sequence qpd{labelResId=2132020707, callback=gbv@a460f90, lastModifier=2, keyCodes=[32], actions=[0]}
I/HardKeyTracker( 4246): HardKeyTracker.registerKeySequence():201 Register key sequence qpd{labelResId=2132020707, callback=gbv@1f2b089, lastModifier=0, keyCodes=[319], actions=[0]}
W/AccessPointsManager( 4246): AccessPointsManager.addAccessPoint():1137 The holder controller #0x7f0b29f6 is not registered
I/KeyboardModeUtils( 4246): KeyboardModeUtils.getKeyboardBottomOffset():435 inch: 0.000000 ydpi: 409.127014 adjustKeyboardBottomByDisplaySize: false currentDensityDpi: 420 defaultDensityDpi: 420 keyboardBottomToScreenPx: 0 keyboardBottomToNavBarPx: -126 navBarHeight: 126
I/BaseKeyboardSizeHelper( 4246): BaseKeyboardSizeHelper.calculateMaxKeyboardBodyHeight():79 leave 281 height for app when ime window height:2153, header height:116 and isFullscreenMode:false, so the max keyboard body height is:1756
I/BaseKeyboardSizeHelper( 4246): BaseKeyboardSizeHelper.calculateMaxKeyboardBodyHeight():79 leave 281 height for app when ime window height:2153, header height:116 and isFullscreenMode:false, so the max keyboard body height is:1756
I/KeyboardViewManager( 4246): KeyboardViewManager.updateKeyboardBottomFrame():518 Set bottomFrameHeight = 10 while holderPaddingBottom = 10; navigationHeight = 126
W/hwc-libdisplaycolor(  554): GetRrRegammaForRange: no match found (op_hz, hz, dbv, range_id)=(60,60,532,9)
W/hwc-libdisplaycolor(  554): GetRrRegammaForRange: no match found (op_hz, hz, dbv, range_id)=(60,60,532,9)
W/hwc-libdisplaycolor(  554): GetRrRegammaForRange: no match found (op_hz, hz, dbv, range_id)=(60,60,532,9)
V/DisplayPowerController[0]( 1509): Brightness [0.04982827] reason changing to: 'automatic', previous reason: 'automatic [ dim ]'.
I/DisplayPowerController[0]( 1509): BrightnessEvent: brt=0.04982827(62.0%), nits=71.76882, lux=93.29004, reason=automatic, strat=AutomaticBrightnessStrategy, state=ON, stateReason=DEFAULT_POLICY, policy=OFF, flags=, initBrt=0.0098282695, rcmdBrt=0.04982827, preBrt=0.04426169, preLux=55.549137, lastReadLux=93.59097, wasShortTermModelActive=false, autoBrightness=true (default), unclampedBrt=0.04982827, brtRange=[0.0, 0.35571426], hbmMax=0.57, hbmMode=off, thrmMax=1.0, rbcStrength=50, powerFactor=1.0, physDisp=内蔵スクリーン(local:4619827677550801152), logicalId=0, slowChange=false, rampSpeed=0.0, colorTemp=NaN, thermalStatus=none
I/PixelDisplayManager( 2404): onDisplayChanged(内蔵スクリーン, 0, local:4619827677550801152): screenOn=false, hbmMode=0, br=0.0, product=DeviceProductInfo{name=Common Panel, manufacturerPnpId=GGL, productId=0, modelYear=null, manufactureDate=ManufactureDate{week=1, year=1990}, connectionToSinkType=1, edidStructureMetadata=EdidStructureMetadata{version=0, revision=0}, videoInputType=0}
D/usf_sensor_hal(  992): ambient light: Enter Batch. Period = 1000000, latency = 0.
D/usf_sensor_hal(  992): ambient light: Enter Batch. Period = 1000000, latency = 0.
I/PixelDisplayManager( 2404):  Request Lbe state 0 req 2, display unique id: local:4619827677550801152
D/AOC     ( 1205): A3:MSG: usf_sensor.cc, 1866: USF: Received start sampling request for LSM6DSV Accelerometer (active:6).
D/AOC     ( 1205): A3:MSG: lsm6dsv_device.cc, 732: USF: Lsm6dsvDevice: Sensor 0: Enabled 1, odr_index 6, period_ns 10000000.
D/AOC     ( 1205): A3:MSG: lsm6dsv_fifo.cc, 755: USF: Lsm6dsvFifo: ODR: XL/G/T/TS: 120/60/15/15 WM: 10 Intr: 21.
D/AOC     ( 1205): A3:MSG: lsm6dsv_device.cc, 641: USF: Lsm6dsvDevice: Fifo was disabled for 380331ns.
W/hwc-libdisplaycolor(  554): GetRrRegammaForRange: no match found (op_hz, hz, dbv, range_id)=(60,60,532,9)
D/AOC     ( 1205): A3:MSG: tmd3719_device.cc, 4540: USF: TMD3719: dbv:532 leakage:0.065025 refresh_rate:60 status:1 op_hz:60 [0]
D/InetDiagMessage( 1509): Destroyed 0 sockets, proto=IPPROTO_TCP, family=AF_INET, states=14
D/InetDiagMessage( 1509): Destroyed 0 sockets, proto=IPPROTO_TCP, family=AF_INET6, states=14
D/InetDiagMessage( 1509): Destroyed live tcp sockets for uids={10185} in 6ms
D/InetDiagMessage( 1509): Destroyed 0 sockets, proto=IPPROTO_TCP, family=AF_INET, states=14
D/InetDiagMessage( 1509): Destroyed 0 sockets, proto=IPPROTO_TCP, family=AF_INET6, states=14
D/InetDiagMessage( 1509): Destroyed live tcp sockets for uids={20185} in 3ms
I/DisplayPowerController[0]( 1509): Blocking screen off
I/hwc-display(  554): path=drm, id=0, level=0, nits=0.000000, brightness=-1.000000, DimmingOn=1, Hbm=0, LhbmOn=0, OpRate=60
W/hwc-libdisplaycolor(  554): GetRrRegammaForRange: no match found (op_hz, hz, dbv, range_id)=(60,60,532,9)
D/WindowManager( 1509): Add SleepToken: tag=Display-off, displayId=0
D/ActivityTaskManager( 1509): Top Process State changed to PROCESS_STATE_TOP_SLEEPING
D/usf_sensor_hal(  992): device orientation: Enter Activate. Enable = 0.
D/AOC     ( 1205): A3:MSG: usf_sensor.cc, 1881: USF: Received stop sampling request for Device Orientation (active:0).
D/AOC     ( 1205): A3:MSG: vsc_sensor.cc, 68: VSC: [Device Orientation] disable.
D/AOC     ( 1205): A3:MSG: tmd3719_device.cc, 4540: USF: TMD3719: dbv:0 leakage:0.000000 refresh_rate:60 status:1 op_hz:60 [0]
D/AOC     ( 1205): A3:MSG: usf_sensor.cc, 1881: USF: Received stop sampling request for LSM6DSV Accelerometer (active:4).
D/VRI[TermuxActivity](17230): visibilityChanged oldVisibility=true newVisibility=false
D/AOC     ( 1205): A3:MSG: lsm6dsv_device.cc, 732: USF: Lsm6dsvDevice: Sensor 0: Enabled 1, odr_index 6, period_ns 10000000.
D/AOC     ( 1205): A3:MSG: lsm6dsv_fifo.cc, 755: USF: Lsm6dsvFifo: ODR: XL/G/T/TS: 120/60/15/15 WM: 10 Intr: 21.
D/AOC     ( 1205): A3:MSG: lsm6dsv_device.cc, 641: USF: Lsm6dsvDevice: Fifo was disabled for 603434ns.
D/AOC     ( 1205): A3:MSG: usf_sensor.cc, 1881: USF: Received stop sampling request for LSM6DSV Gyroscope (active:1).
D/AOC     ( 1205): A3:MSG: lsm6dsv_device.cc, 732: USF: Lsm6dsvDevice: Sensor 1: Enabled 1, odr_index 5, period_ns 20000000.
D/AOC     ( 1205): A3:MSG: lsm6dsv_fifo.cc, 755: USF: Lsm6dsvFifo: ODR: XL/G/T/TS: 120/60/15/15 WM: 10 Intr: 21.
D/AOC     ( 1205): A3:MSG: lsm6dsv_device.cc, 641: USF: Lsm6dsvDevice: Fifo was disabled for 585083ns.
I/AutofillManager(17230): onInvisibleForAutofill(): expiringResponse
I/DisplayPowerController[0]( 1509): Unblocked screen off after 71 ms
D/usf_sensor_hal(  992): auto brightness: Enter Batch. Period = 250000000, latency = 0.
I/KeyboardEventHandler( 4246): KeyboardEventHandler.handleKeyboardHidden():298 Keyboard closed, ending dictation. [SD]
I/Surface ( 1509): Creating surface for consumer unnamed-1509-781 with slotExpansion=1 for 64 slots
I/Surface ( 1509): Creating surface for consumer ImageReader-864x1920f1m1-1509-601 with slotExpansion=1 for 64 slots
W/ImageReader_JNI( 1509): Unable to acquire a buffer item, very likely client tried to acquire more than maxImages buffers
D/usf_sensor_hal(  992): binned brightness: Enter Batch. Period = 200000000, latency = 0.
D/usf_sensor_hal(  992): binned brightness: Enter Activate. Enable = 1.
D/AOC     ( 1205): A3:MSG: usf_sensor.cc, 1866: USF: Received start sampling request for Binned Brightness (active:1).
D/AOC     ( 1205): A3:MSG: vsc_sensor.cc, 37: VSC: [Binned Brightness] enable: period 1000000000, latency = 0
D/AOC     ( 1205): A3:MSG: usf_sensor.cc, 1866: USF: Received start sampling request for TMD3719 Ambient Light (active:3).
I/DisplayBrightnessStrategySelector( 1509): Changing the DisplayBrightnessStrategy from AutomaticBrightnessStrategy to ScreenOffBrightnessStrategy for display 0
D/AOC     ( 1205): A3:MSG: usf_vsc_log.cc, 69: VSC: [BINNED_BRIGHTNESS] Changing bin to 2 (lux:93.421691)
V/DisplayPowerController[0]( 1509): Brightness [0.0] reason changing to: 'screen_off', previous reason: 'automatic'.
I/DisplayPowerController[0]( 1509): BrightnessEvent: brt=0.0(0.0%), nits=2.0, lux=-1.0, reason=screen_off, strat=ScreenOffBrightnessStrategy, state=OFF, stateReason=DEFAULT_POLICY, policy=OFF, flags=, initBrt=0.04982827, rcmdBrt=NaN, preBrt=NaN, preLux=0.0, wasShortTermModelActive=false, autoBrightness=true (default), unclampedBrt=-1.0, hbmMax=0.57, hbmMode=off, thrmMax=1.0, rbcStrength=50, powerFactor=1.0, physDisp=内蔵スクリーン(local:4619827677550801152), logicalId=0, slowChange=false, rampSpeed=0.0, colorTemp=NaN, thermalStatus=none
I/DisplayDeviceRepository( 1509): Display device changed state: "内蔵スクリーン", OFF
E/ConsumerBase( 1509): [ImageReader-864x1920f1m1-1509-601] abandonLocked: ConsumerBase is abandoned!
D/BrightnessThermalClamper( 1509): Thermal status observer already started
I/InputManager-JNI( 1509): Viewport [0] to add: local:4619827677550801152, isActive: false
I/InputReader( 1509): Reconfiguring input devices, changes=DISPLAY_INFO
I/InputReader( 1509): Disabling goodix_ts0 (device 4) because the associated viewport is not active
I/InputReader( 1509): Device reconfigured: id=4, name='goodix_ts0', size 1080x2400, orientation Rotation0, mode DISABLED, display id 0
D/SurfaceFlinger(  552): Setting power mode 0 synchronously for a physical display with token 0xb400007b1a60e490
D/WindowManager( 1509): DeferredDisplayUpdater: partially applying DisplayInfo(1080 x 2400) immediately
D/SurfaceFlinger(  552): Setting power mode 0 on physical display 4619827677550801152
D/SurfaceFlinger(  552): setPhysicalDisplayPowerModeAsync: Optimizing thread scheduling: optimizeForPower
D/SurfaceFlinger(  552): Enabling synthetic vsync
D/hwc-display(  554): setPowerMode:: FBIOBLANK mode(0), blank(4)
D/hwc-display(  554): [PrimaryDisplay] OperationRateManager::onPowerMode:mode=Off
I/PixelDisplayManager( 2404): onDisplayChanged(内蔵スクリーン, 0, local:4619827677550801152): screenOn=false, hbmMode=0, br=0.0, product=DeviceProductInfo{name=Common Panel, manufacturerPnpId=GGL, productId=0, modelYear=null, manufactureDate=ManufactureDate{week=1, year=1990}, connectionToSinkType=1, edidStructureMetadata=EdidStructureMetadata{version=0, revision=0}, videoInputType=0}
D/DeviceHalAidl( 1018): [default] setParameters: parameters: "screen_state=off"
D/WindowManager( 1509): DeferredDisplayUpdater: deferring DisplayInfo(1080 x 2400) update
D/WindowManager( 1509): DeferredDisplayUpdater: applying DisplayInfo(1080 x 2400) after deferring
V/WindowManager( 1509): Aborting Transition: 2039
I/bt_shim_scanner( 2277): system/main/shim/le_scanning_manager.cc:150 Scan: in shim layer stopped
W/SurfaceControl( 1509): Invalid layer stack -1
W/BtScan.ScanRadioStats( 2277): recordScanRadioStop(caller=configureRegularScanParams): No scan radio to stop
I/bt_shim_scanner( 2277): system/main/shim/le_scanning_manager.cc:315 SetScanParameters: in shim layer, scannerId1m=2, scannerIdCoded=0
I/DisplayDevice( 1509): [0] Layerstack set to -1 for local:4619827677550801152
I/bt_shim_scanner( 2277): system/main/shim/le_scanning_manager.cc:150 Scan: in shim layer started
I/bluetooth( 2277): system/gd/hci/le_address_manager.cc:269 unregister_client: Client unregistered
D/ASvc::Module(  959): updateScreenState: 0
I/AHal::Cs35l41Codec(  959): EnableHibernate off
I/PixelDisplayManager( 2404): onDisplayChanged(内蔵スクリーン, 0, local:4619827677550801152): screenOn=false, hbmMode=0, br=0.0, product=DeviceProductInfo{name=Common Panel, manufacturerPnpId=GGL, productId=0, modelYear=null, manufactureDate=ManufactureDate{week=1, year=1990}, connectionToSinkType=1, edidStructureMetadata=EdidStructureMetadata{version=0, revision=0}, videoInputType=0}
I/bthal.activity(  964): LogActivities: Disable LE Scanning, 0x2042
D/AHal::Cs35l41Codec(  959): SetAllSpeakers: set ctl [Hibernate Force Wake] = 0
D/AHal::Cs35l41Codec(  959): SetAllSpeakers: set ctl [R Hibernate Force Wake] = 0
D/DeviceHalAidl( 1018): [r_submix] setParameters: parameters: "screen_state=off"
D/AHAL_Module(  959): updateScreenState: r_submix: 0
D/DeviceHalAidl( 1018): [bluetooth] setParameters: parameters: "screen_state=off"
D/AHAL_Module(  959): updateScreenState: bluetooth: 0
I/NearbyDiscovery( 2764): (REDACTED) FastPairDisplayObserver: %s -> %s
D/GRIL-S  ( 2315): [1680]> UPDATE_DEVICE_STATE DeviceState: Usb:0, Wifi: 1, Wifi AP: 0, Earpiece: 0, Bluetooth: 1, Wireless charging: 0, Screen: 0, Camera: 0, 0, -, -, Motion: 1, Bluetooth tethering: 0, Voice: 0, Wifi 2.4G: 0, Radio: 1, Bluetooth connected: 0, Bluetooth media: 0, Wifi Band: 2, Wifi AP Band: 0, Wifi call: 0, mmWave: 0, mCellBackhaul: 0, mHallSensor: 0, mDozeStatus: 1, mAppClassInfo: 0, mWifiCapSensorStatus: 0, mCellCapSensorStatus: 0, mBesideHeadHandStatus: 0, mSpeakerStatus: 0, mProtectiveCaseStatus: 0, mWifiSettingStatus: 0, mGpsStatus: 0
I/NearbyDiscovery( 2764): (REDACTED) ApFastPairScanner: isScreenOn=%s, isLocationEnabled=%s, disableLocationRequirement=%s, isDiscoveryScanningEnabled=%s, during24GhzWifiWarmingUpPeriod=%s
D/BluetoothAdapter( 2764): isLeEnabled(): ON
I/NearbyDiscovery( 2764): (REDACTED) ApFastPairScanner: eventType=%s, intReq=%s, scanning=%s, scanAllowed=%s, bleEnabled=%s, lockScanRate=%s, startScanningByLowPowerMode=%s
I/NearbyDiscovery( 2764): (REDACTED) ApFastPairScanner: Stopping scan, %s
D/BluetoothAdapter( 2764): isLeEnabled(): ON
D/AOC     ( 1205): A3:MSG: usf_tbn_server.cc, 263: gti: Receive TBN event id: 206, op: 1
D/AOC     ( 1205): A3:MSG: usf_tbn_server.cc, 57: gti: Change bus owner to AOC.
D/AOC     ( 1205): A3:MSG: usf_touch_device.cc, 801: gtd: On tbn event, state: 2.
I/grilcallback( 1009): Updating HandGrip status
I/PkModeUpdater( 4246): PkModeUpdater.refreshDevices():206 refreshing devices
D/AOC     ( 1205): A3:MSG: usf_touch_device.cc, 593: gtd: Bus: 1, Host: 0; Enabled: 0.
D/AOC     ( 1205): A3:MSG: usf_tbn_server.cc, 236: gti: Send TBN event response id: 206, op: 1
I/bt_shim_scanner( 2277): system/main/shim/le_scanning_manager.cc:182 ScanFilterParamSetup: in shim layer, clientIf=2
I/bt_shim_scanner( 2277): system/main/shim/le_scanning_manager.cc:182 ScanFilterParamSetup: in shim layer, clientIf=2
I/bt_shim_scanner( 2277): system/main/shim/le_scanning_manager.cc:182 ScanFilterParamSetup: in shim layer, clientIf=2
I/bt_shim_scanner( 2277): system/main/shim/le_scanning_manager.cc:144 Unregister: in shim layer, scannerId=2
I/bluetooth( 2277): system/gd/hci/le_scanning_manager_impl.cc:774 stop_scan: Scanning already stopped, return. caller=configure_scan
I/bluetooth( 2277): system/gd/hci/le_address_manager.cc:254 register_client: Client registered
D/SatelliteController( 2429): handleCmdUpdateNtnSignalStrengthReporting: ignore request, satellite is disabled
D/SatelliteController( 2429): handleEventScreenStateChanged: false
E/BtScan.ScannerMap( 2277): Context not found for ID=2
E/BtScan.ScanController( 2277): onScanParamSetupCompleted(): App not found for scannerId=2
I/bthal.debug_central(  964): Command Complete Event of LE_SET_EXTENDED_SCAN_ENABLE, opcode:2042
I/bthal.flowcontrol(  964): HciEventPreProcess: HCI Event 0xe Opcode 0x2042 Length 6 unhandled by LeSetExtentedScanEnableEvent
I/NearbySharing( 2764): Screen is locked
I/NearbySharing( 2764): Stopping scanning because the screen is locked and no background sync is active.
I/bthal.activity(  964): LogActivities: BALANCED ScanMode
I/Mosey.A ( 6686): Mosey invoking StopDiscovery
I/Mosey.A ( 6686): API: stop() called.
I/bthal.activity(  964): LogActivities: Enable LE Scanning, 0x2042
I/Mosey.A ( 6686): Ignoring Stop: already IDLE.
I/bthal.debug_central(  964): Command Complete Event of LE_SET_EXTENDED_SCAN_ENABLE, opcode:2042
I/bthal.flowcontrol(  964): HciEventPreProcess: HCI Event 0xe Opcode 0x2042 Length 6 unhandled by LeSetExtentedScanEnableEvent
I/NearbySharing( 2764): External sharing provider has received status 0 for stopDiscovery
I/NearbySharing( 2764): External sharing provider has stopped discovery
I/NearbySharing( 2764): SendProvider: Stopping discovery.
V/RecentTasksController( 2175): Notify recent tasks changed
D/RecentTasksList(28190): invalidateLoadedTasks - previous requestLoadId: -1
V/RecentTasksController( 2175): generateList(getRecentTasks)
V/RecentTasksController( 2175): initializeDesksMap - allDeskIds: []
V/RecentTasksController( 2175): Task 5271 is not an active desktop task
V/RecentTasksController( 2175): Added fullscreen task: 5271
V/RecentTasksController( 2175): Task 5267 is not an active desktop task
V/RecentTasksController( 2175): Added fullscreen task: 5267
V/RecentTasksController( 2175): Task 5338 is not an active desktop task
V/RecentTasksController( 2175): Added fullscreen task: 5338
V/RecentTasksController( 2175): generateList - complete
D/PreloadThumbnailUseCase(28190): Preloading thumbnails for task ids: [[id=5338 windowingMode=1 user=0 lastActiveTime=71669068] null, [id=5267 windowingMode=1 user=0 lastActiveTime=71764945] null, [id=5271 windowingMode=1 user=0 lastActiveTime=72688072] null]
I/NearbySharing( 2764): NearbySharing Internal event SendManagerEnd
I/NearbySharing( 2764): Scanning has stopped.
I/NearbySharing( 2764): Stopping Fast Init advertisement because we're not scanning in the foreground.
I/NearbyConnections( 2764): Client 149895119 requested discovery to stop.
D/DLObserver( 2175): onReceive(); android.intent.action.BATTERY_CHANGED
D/DLObserver( 2175): plugged=0
D/SystemEventDataSource( 2175): onReceive: intentAction
D/PowerNotificationWarningsGoogleImpl( 2175): onReceive: android.intent.action.BATTERY_CHANGED
D/PulsarController( 2175): dispatchIntent: android.intent.action.BATTERY_CHANGED
D/IncompatibleChargerNotification( 2175): dispatchIntent: android.intent.action.BATTERY_CHANGED
D/GoogleBatteryDataSource( 2175): fetchDwellDefendStatus: DISCONNECTED
D/GoogleBatteryDataSource( 2175): fetchTempDefendStatus: t_sum=329617, time_sum=876 t_avg=376 lst_v=4425546 lst_t=310 lst_u=32808, dt=32809, t=0 e=1
D/SystemEventDataSource( 2175): updatedEventData: SystemEventData(intentAction=android.intent.action.BATTERY_CHANGED, plugged=EventData(value=0), batteryScale=EventData(value=100), batteryLevel=EventData(value=21), chargingStatus=EventData(value=1), maxChargingCurrent=EventData(value=0), maxChargingVoltage=EventData(value=0), batteryStatus=EventData(value=3), halEventData=HalEventData(dockDefendStatus=EventData(value=-3), tempDefendEventData=EventData(value=false), dwellDefendEventData=EventData(value=false)), settingsEventData=SettingsEventData(dockDefenderBypass=EventData(value=0), chargingLimitSettings=EventData(value=0), dndState=EventData(value=false), airplaneState=EventData(value=false)), frameworkApiEventData=FrameworkApiEventData(batterySaverState=EventData(value=false), extremeBatterySaverState=EventData(value=false)))
D/SystemEventDataSource( 2175): extra doesn't changed, no need to onEventSourceUpdate
I/NearbySharing( 2764): [NS_DEBUG] DiscoveryController stopped.
I/NearbySharing( 2764): NearbySharing Internal event ReceiveVisibilityChange(visibility=4)
I/NearbyMediums( 2764): Stopped BLE scanning, service-id=NearbySharing
I/NearbyMediums( 2764): [WifiAwareManagerHelper] Can't stop WiFi Aware subscribing because it was never started.
I/NearbyMediums( 2764): NFC discovery successfully stopped.
I/NearbySharing( 2764): Start advertising with mode SCREEN_OFF certificate visibility SELF_SHARE data usage preference ONLINE, bt advertising false, vendorId 0, deviceName included: false
I/NearbySharing( 2764): Uwb feature is off.
I/NearbySharing( 2764): Updating advertising options for [efbw@325cc84, effr@9d4b420, ealr@d81085b] providers
I/NearbySharing( 2764): Updating advertising options: AdvertisingOptions{mode=SCREEN_OFF, dataUsage=2, flowId=0, uwbSenderInfo=[], deviceType=1, bluetoothClassicEnabled=false, useStableIdentifiers=false, allowGattConnections=false, allowBleL2capConnections=false, vendorId=0, advertisePlaintextDeviceName=false, isPinCodeEnabled=false, listenOnly=false}
I/Mosey.A ( 6686): Mosey invoking UpdateAdvertising
I/Mosey.A ( 6686): update called.
I/Mosey.A ( 6686): execUpdate() called with options: AdvertisingOptions(mode=3, localDeviceName=, advertisePlaintextDeviceName=false, isPinCodeEnabled=false)
I/Mosey.A ( 6686): stopNsdAdvertising() called.
I/Mosey.A ( 6686): Event received: ContextReceiveUpdated(context=MoseyControllerContextImpl(sessionId=c05c1403-5d8f-4de5-8b6b-59187b2e7725, clientName=ReceiveProvider), isClosing=true, immediate=false, completer=dko{Active}@16d92f7)
I/NearbyConnections( 2764): No longer listening to visibility changes for client 149895119
I/Mosey.A ( 6686): Next state: Idle
I/Mosey.A ( 6686): State updated to: Idle
I/NearbySharing( 2764): External sharing provider has received status 0 for updateAdvertisingOptions
I/NearbySharing( 2764): External sharing provider has updated advertising options
I/NearbySharing( 2764): Updating advertising options: AdvertisingOptions{mode=SCREEN_OFF, dataUsage=2, flowId=0, uwbSenderInfo=[], deviceType=1, bluetoothClassicEnabled=false, useStableIdentifiers=false, allowGattConnections=false, allowBleL2capConnections=false, vendorId=0, advertisePlaintextDeviceName=false, isPinCodeEnabled=false, listenOnly=false}
I/NearbySharing( 2764): ReceiveProvider: Received request to update advertising.
I/NearbySharing( 2764): Updating advertising options: AdvertisingOptions{mode=SCREEN_OFF, dataUsage=2, flowId=0, uwbSenderInfo=[], deviceType=1, bluetoothClassicEnabled=false, useStableIdentifiers=false, allowGattConnections=false, allowBleL2capConnections=false, vendorId=0, advertisePlaintextDeviceName=false, isPinCodeEnabled=false, listenOnly=false}
I/grilcallback( 1009): HandGrip status updated successfully
D/GRIL-S  ( 2315): [1680]< UPDATE_DEVICE_STATE 
I/NearbySharing( 2764): Advertising has started with mode SCREEN_OFF, Bt enabled : false
I/NearbySharing( 2764): Stopping FastInitiation scanning because the screen is locked.
D/BluetoothAdapter( 2764): isLeEnabled(): ON
I/bt_shim_scanner( 2277): system/main/shim/le_scanning_manager.cc:182 ScanFilterParamSetup: in shim layer, clientIf=3
I/bt_shim_scanner( 2277): system/main/shim/le_scanning_manager.cc:182 ScanFilterParamSetup: in shim layer, clientIf=3
I/bt_shim_scanner( 2277): system/main/shim/le_scanning_manager.cc:144 Unregister: in shim layer, scannerId=3
I/NearbySharing( 2764): Stopped scanning for FastInitiation
I/NearbySharing( 2764): Fast Initiation Scanning has stopped
I/NearbySharing( 2764): Dismissing HUN as there's no device nearby.
I/NearbySharing( 2764): Loading certificates with visibility SELF_SHARE
I/NearbySharing( 2764): Saving the private certificate to file nearby_sharing_private_certificate_file_for_self.
I/NearbySharing( 2764): Network state changed: NetworkState(isRestricted=false, isOnline=true, isCongested=false, isMetered=false, isWifiConnected=true)
I/NearbySharing( 2764): Network state changed: NetworkState(isRestricted=false, isOnline=true, isCongested=false, isMetered=false, isWifiConnected=true)
I/NearbyConnections( 2764): ClientProxy(0p:com.google.android.gms.nearby.sharing) allow WebRtc to use mobile data.
I/NearbyConnections( 2764): Client 149895119 requested to update advertising options.
I/Nearby  ( 2764): (REDACTED) Note nearby client %s for operation %s
I/NearbyMediums( 2764): In ScanningCancellationFlag, service-id=NearbyConnections.TxAdvertisement is the last scanner to stop scanning. The flag has been cancelled.
D/BluetoothAdapter( 2764): isLeEnabled(): ON
I/NearbyMediums( 2764): Stopped BLE scanning, service-id=NearbyConnections.TxAdvertisement
I/NearbyConnections( 2764): [InstantConnectionPcpMgr] In invalidateTxAdvertisementScanning(by pre_updateAdvertising) tx advertisement scanning skipped or stopped for endpointId:VRIZ serviceId:NearbySharing isScreenUnlocked:false isAdvertising:true powerLevel:BALANCED isTxScanning:true
I/NearbyConnections( 2764): [PcpManager] In updateAdvertisingOptions() advertisingMediums:[BLE] upgradeMediums:[USB, WIFI_LAN, WIFI_DIRECT, WIFI_AWARE, WIFI_HOTSPOT, WEB_RTC, BLE_L2CAP, BLUETOOTH, BLE, NFC] requireRegisterWifiStatusChangedCallback:true
I/bt_shim_scanner( 2277): system/main/shim/le_scanning_manager.cc:182 ScanFilterParamSetup: in shim layer, clientIf=4
I/bt_shim_scanner( 2277): system/main/shim/le_scanning_manager.cc:182 ScanFilterParamSetup: in shim layer, clientIf=4
I/bt_shim_scanner( 2277): system/main/shim/le_scanning_manager.cc:182 ScanFilterParamSetup: in shim layer, clientIf=4
I/bt_shim_scanner( 2277): system/main/shim/le_scanning_manager.cc:150 Scan: in shim layer stopped
I/bt_shim_scanner( 2277): system/main/shim/le_scanning_manager.cc:315 SetScanParameters: in shim layer, scannerId1m=1, scannerIdCoded=0
I/bt_shim_scanner( 2277): system/main/shim/le_scanning_manager.cc:150 Scan: in shim layer started
I/bt_shim_scanner( 2277): system/main/shim/le_scanning_manager.cc:144 Unregister: in shim layer, scannerId=4
I/NearbyConnections( 2764): Instant Connection Security key rotated.
I/NearbyConnections( 2764): Scheduled invalidation of the HPKE key alarm (delayMillis:8000) for client 149895119
I/bluetooth( 2277): system/gd/hci/le_scanning_manager_impl.cc:774 stop_scan: Scanning already stopped, return. caller=configure_scan
I/bluetooth( 2277): system/gd/hci/le_address_manager.cc:269 unregister_client: Client unregistered
I/bluetooth( 2277): system/gd/hci/le_address_manager.cc:254 register_client: Client registered
I/NearbyConnections( 2764): Get local endpoint id from random generation FXWZ (last:VRIZ) for client 149895119
I/NearbyConnections( 2764): generateRxInstantConnectionAdvBytes() returns null because in advertisingMediums: [BLE], there is no instant connection supported medium available for advertising.
E/BtScan.ScanController( 2277): onScanParamSetupCompleted(): App callback null for ScannerApp(uid=10325, name=com.thetileapp.tile)
I/bt_shim_advertiser( 2277): system/main/shim/le_advertising_manager.cc:77 Unregister: in shim layer
I/bluetooth( 2277): bluetooth_private_gatt::gatt::server::isolation_manager: removing server (if any) associated with advertiser AdvertiserId(2)
I/NearbyMediums( 2764): Device token rotated, old deviceToken : [ 0x82 0xcc ].
I/bt_shim_advertiser( 2277): system/main/shim/le_advertising_manager.cc:77 Unregister: in shim layer
I/bluetooth( 2277): bluetooth_private_gatt::gatt::server::isolation_manager: removing server (if any) associated with advertiser AdvertiserId(1)
D/BluetoothAdapter( 2764): isLeEnabled(): ON
I/bluetooth( 2277): system/gd/hci/le_address_manager.cc:269 unregister_client: Client unregistered
I/bthal.activity(  964): LogActivities: Disable LE Scanning, 0x2042
I/bthal.debug_central(  964): Command Complete Event of LE_SET_EXTENDED_SCAN_ENABLE, opcode:2042
I/bthal.flowcontrol(  964): HciEventPreProcess: HCI Event 0xe Opcode 0x2042 Length 6 unhandled by LeSetExtentedScanEnableEvent
I/bthal.activity(  964): LogActivities: Other ScanMode, ratio:20
I/bt_shim_advertiser( 2277): system/main/shim/le_advertising_manager.cc:158 StartAdvertisingSet: in shim layer
I/bt_shim_advertiser( 2277): system/main/shim/le_advertising_manager.cc:185 StartAdvertisingSet: create advertising set, client_id:255, reg_id:-654
I/bthal.activity(  964): LogActivities: Enable LE Scanning, 0x2042
I/bluetooth( 2277): system/gd/hci/le_advertising_manager_impl.cc:421 allocate_advertiser: Removing advertiser id 0 from removed advertisers.
I/bluetooth( 2277): system/gd/hci/le_advertising_manager_impl.cc:663 create_extended_advertiser_with_id: Scheduling address rotation for advertiser_id=0
I/bluetooth( 2277): system/gd/hci/le_address_manager.cc:557 GetNextPrivateAddressIntervalRange: client=advertising_set_0, nonwake=7m39s, wake=13m32s
I/bluetooth( 2277): system/gd/hci/le_address_manager.cc:254 register_client: Client registered
I/bthal.debug_central(  964): Command Complete Event of LE_SET_EXTENDED_SCAN_ENABLE, opcode:2042
I/bthal.flowcontrol(  964): HciEventPreProcess: HCI Event 0xe Opcode 0x2042 Length 6 unhandled by LeSetExtentedScanEnableEvent
I/bluetooth( 2277): system/gd/hci/le_advertising_manager_impl.cc:1735 on_set_advertising_set_random_address_complete: update random address for advertising set 0 : xx:xx:xx:xx:a8:e4
I/NearbyMediums( 2764): [InstantOnLostManager] Start instant onLost extended advertising, hashes = [ 0xc9 0x7b 0xe3 0xc0 ].
I/NearbyMediums( 2764): Successfully stopped BLE advertising for service NearbySharing
I/serviceDiscovery( 1509): [MdnsAdvertiser] Removing service with ID 331
I/WifiService( 1509): releaseMulticastLock uid=10153 lockTag=nearby-connections-158541478
I/Nearby  ( 2764): (REDACTED) NsdManagerCompat released multicast lock %d.
D/TelephonyManager( 1509): requestModemActivityInfo: Sending result to app: ModemActivityInfo{ mTimestamp=72688262 mSleepTimeMs=66121117 mIdleTimeMs=2048562 mActivityStatsTechSpecificInfo=[{mRat=GERAN,mFrequencyRange=UNKNOWN,mTxTimeMs[]=[0, 0, 0, 0, 0],mRxTimeMs=268}, {mRat=UTRAN,mFrequencyRange=UNKNOWN,mTxTimeMs[]=[0, 0, 0, 0, 0],mRxTimeMs=0}, {mRat=EUTRAN,mFrequencyRange=UNKNOWN,mTxTimeMs[]=[63278, 34196, 117166, 23870, 20873],mRxTimeMs=4503219}, {mRat=NGRAN,mFrequencyRange=HIGH,mTxTimeMs[]=[0, 0, 0, 0, 0],mRxTimeMs=0}, {mRat=NGRAN,mFrequencyRange=MMWAVE,mTxTimeMs[]=[0, 0, 0, 0, 0],mRxTimeMs=0}, {mRat=UNKNOWN,mFrequencyRange=UNKNOWN,mTxTimeMs[]=[0, 0, 0, 0, 0],mRxTimeMs=0}]}
I/NearbyMediums( 2764): Stopped Wifi LAN advertising.
I/WifiHAL ( 1017): Creating message to get link statistics; iface = 47
I/NearbyMediums( 2764): Stopped listening for incoming Wifi Lan connections.
E/NearbyMediums( 2764): MEDIUM_ERROR [SYSTEM][WIFI_LAN][START_LISTENING_INCOMING_CONNECTION][ACCEPT_CONNECTION_FAILED][SOCKET_CLOSED], service-id=NearbySharing
E/NearbyMediums( 2764): Extra Sensitive/PII message : Socket closed
I/NearbyMediums( 2764): BLE extended advertising not started.
D/BluetoothAdapter( 2764): isLeEnabled(): ON
I/bt_shim_advertiser( 2277): system/main/shim/le_advertising_manager.cc:158 StartAdvertisingSet: in shim layer
I/bluetooth( 2277): system/gd/hci/le_advertising_manager_impl.cc:421 allocate_advertiser: Removing advertiser id 1 from removed advertisers.
I/bluetooth( 2277): system/gd/hci/le_advertising_manager_impl.cc:663 create_extended_advertiser_with_id: Scheduling address rotation for advertiser_id=1
I/bluetooth( 2277): system/gd/hci/le_address_manager.cc:557 GetNextPrivateAddressIntervalRange: client=advertising_set_1, nonwake=7m48s, wake=13m18s
I/bt_shim_advertiser( 2277): system/main/shim/le_advertising_manager.cc:185 StartAdvertisingSet: create advertising set, client_id:255, reg_id:-655
I/bluetooth( 2277): system/gd/hci/le_advertising_manager_impl.cc:1735 on_set_advertising_set_random_address_complete: update random address for advertising set 1 : xx:xx:xx:xx:e6:ce
I/NearbyMediums( 2764): Started BLE Legacy advertising. Regular Header Advertised : false, Fast Advertised : true, AdvertisingSettings : BleAdvertisingSetting{powerLevel= LOW_POWER, isConnectable= false, isPrivateGatt= true}, isAcceptingConnection : false
I/NearbyMediums( 2764): Successfully started BLE advertising of size 23 for service NearbySharing, deviceToken : [ 0x7e 0xec ].
I/NearbyMediums( 2764): [WifiNetworkV2] WifiStatusChangedCallback unregistered for NearbySharing (wifiStatusChangedCallbacks.size:0)
I/NearbyConnections( 2764): [InstantConnectionPcpMgr] In invalidateTxAdvertisementScanning(by final_updateAdvertising) tx advertisement scanning skipped or stopped for endpointId: serviceId:NearbySharing isScreenUnlocked:false isAdvertising:true powerLevel:LOW isTxScanning:false
I/NearbySharing( 2764): [broadcast provider] advertising options updated (BroadcastProviderOptions(powerLevel=1, flowId=5521992320651253615, uwbSenderInfo=[], deviceType=1, advertisingMediums=[4], upgradeMediums=[11, 5, 8, 6, 3, 9, 10, 2, 4, 7], useStableIdentifiers=false, allowBluetoothRadioToggling=false, allowWifiRadioToggling=false, enableBleL2capListening=false, allowGattConnections=false, enableFastAdvertisement=true, listenOnly=false)).
I/NearbySharing( 2764): [ClearcutLog] ADVERTISE_DEVICE_PRESENCE_START sessionId=0 flowId=5521992320651253615 sessionStatus: 1, visibility: 5
I/NearbySharing( 2764): NearbySharing Internal event ReceiveManagerUpdate(mode=1, isEveryoneMode=false, dataUsage=2, useQrCode=false, success=true)
D/SurfaceFlinger(  552): Finished setting power mode 0 on physical display 4619827677550801152
I/suez-nanoapp-clients(  992): Disabling ip_health nanoapp.
W/hwc-display(  554): [PrimaryDisplay,pid=992,blob#396,chan#0] HistogramDevice::checkQueryResult: DISPLAY_POWEROFF, data is not available
D/usf_sensor_hal(  992): [p0]DISPLAY_POWEROFF
D/SurfaceControl( 1509): Excessive delay in setPowerMode()
I/LocalDisplayAdapter( 1509): SF.setDisplayPowerMode took 151ms
I/PowerGroup( 1509): dreamManagerAttemptedDozing status changed to true for group 0
I/DreamManagerService( 1509): Entering dreamland.
I/PowerManagerService( 1509): Dozing...
D/AOC     ( 1205): A3:MSG: tmd3719_device.cc, 4540: USF: TMD3719: dbv:0 leakage:0.000000 refresh_rate:0 status:0 op_hz:60 [1]
D/AOC     ( 1205): A3:MSG: usf_vsc_log.cc, 69: VSC: [BINNED_BRIGHTNESS] Display[0] state changed to 0 (lux:92.404854)
D/AOC     ( 1205): CHRE: DRAM vote count begins
D/AOC     ( 1205): A3:MSG: tmd3719_device.cc, 4186: USF: TMD3719: [PROX]New PPERS: 1
I/DreamController( 1509): Starting dream: name=ComponentInfo{com.android.systemui/com.android.systemui.doze.DozeService}, isPreviewMode=false, canDoze=true, userId=0, reason='power manager request'
D/CHRE    (  967): @ 72735.166: Parsed nanoapp message from host: app ID 0x476f6f676c001022 endpoint 0x8042 msgType 2 payload size 0
D/AOC     ( 1205): CHRE: DRAM vote count ends: 0 ms
D/AOC     ( 1205): CHRE: DRAM vote count begins
D/AOC     ( 1205): A3:MSG: usf_sensor.cc, 1881: USF: Received stop sampling request for ICP20100 Pressure Sensor (active:0).
D/AOC     ( 1205): A3:MSG: icp20100_device.cc, 190: USF: ICP20100: Temperature stops sampling.
D/AOC     ( 1205): A3:MSG: icp20100_device.cc, 160: USF: ICP20100: Barometer stops sampling.
I/WifiHAL ( 1017): Getting cached scan results, iface handle = 0xb4000072f282ed50
E/WifiHAL ( 1017): Creating message to get cached scan results
I/CHRE    (  967): @ 72735.169: [ip] Received message from host endpoint 0x8042 of type 2 and size 0.
I/CHRE    (  967): @ 72735.169: [ip] App disabled by host.
D/AOC     ( 1205): CHRE: DRAM vote count ends: 0 ms
I/WifiHAL ( 1017): In GetCachedScanResultsCommand::handleResponse
E/WifiHAL ( 1017): Setting APF program, halHandle = 0xb4000072f282ed50
E/WifiHAL ( 1017): Set apf filter for iface = wlan0
I/WifiHAL ( 1017): createRequest: APF set program request
I/WifiHAL ( 1017): mProgramLen : 2518
I/Lyric   (  965): face_authentication_controller.cc:69: FaceAuthPreAllocation Finished
D/DLObserver( 2175): add listener: com.android.systemui.doze.DozeTriggers$DockEventListener@bbd8fd3
D/SbStateController( 2175): setState: requested state KEYGUARD!= upcomingState: SHADE. This usually means the status bar state transition was interrupted before the upcoming state could be applied.
D/KeyguardViewMediator( 2175): updateActivityLockScreenState(false, true, setDozing)
D/WindowManager( 1509): Add SleepToken: tag=keyguard, displayId=0
E/NotifRow( 2175): Magnetic state changed from IDLE to IDLE on a null swiped listener, or the logging key of the listener is null
V/WindowManagerShell( 2175): Transition requested (#2040): android.os.BinderProxy@3b0cc0e TransitionRequestInfo { type = TO_FRONT, triggerTask = null, pipChange = null, remoteTransitionInfo = null, displayChanges = null, requestedLocation = null, userChange = null, windowingLayerChange = null, fullscreenRequestChange = null, flags = 32768, debugId = 2040 }
W/DisconnectHandler( 2175): No disconnect change found in the transition, not handling request.
V/ShellDesktopMode( 2175): DesktopTasksController: skipping handleRequest reason=triggerTask is null
D/MediaViewHolder( 2175): marquee while longPressText.getHandler() is null
D/MediaViewHolder( 2175): java.lang.Exception
D/MediaViewHolder( 2175): 	at com.android.systemui.media.controls.ui.view.MediaViewHolder.marquee(go/retraceme 109b9d95419d40ed7f94ba06f2e494aa100aa2b80b21457e78a8af5d54598634:12)
D/MediaViewHolder( 2175): 	at com.android.systemui.media.controls.ui.controller.MediaControlPanel.closeGuts(go/retraceme 109b9d95419d40ed7f94ba06f2e494aa100aa2b80b21457e78a8af5d54598634:5)
D/MediaViewHolder( 2175): 	at com.android.systemui.media.controls.ui.controller.MediaCarouselController.closeGuts(go/retraceme 109b9d95419d40ed7f94ba06f2e494aa100aa2b80b21457e78a8af5d54598634:29)
D/MediaViewHolder( 2175): 	at com.android.systemui.media.controls.ui.controller.MediaHierarchyManager$setUpListenersAndCallbacks$2.onDozingChanged(go/retraceme 109b9d95419d40ed7f94ba06f2e494aa100aa2b80b21457e78a8af5d54598634:30)
D/MediaViewHolder( 2175): 	at com.android.systemui.statusbar.phone.DozeServiceHost.updateDozing(go/retraceme 109b9d95419d40ed7f94ba06f2e494aa100aa2b80b21457e78a8af5d54598634:106)
D/MediaViewHolder( 2175): 	at com.android.systemui.statusbar.phone.CentralSurfacesImpl$16.onStateChanged(go/retraceme 109b9d95419d40ed7f94ba06f2e494aa100aa2b80b21457e78a8af5d54598634:9)
D/MediaViewHolder( 2175): 	at com.android.systemui.statusbar.StatusBarStateControllerImpl.setState(go/retraceme 109b9d95419d40ed7f94ba06f2e494aa100aa2b80b21457e78a8af5d54598634:229)
D/MediaViewHolder( 2175): 	at com.android.systemui.statusbar.phone.CentralSurfacesImpl.updateIsKeyguard(go/retraceme 109b9d95419d40ed7f94ba06f2e494aa100aa2b80b21457e78a8af5d54598634:142)
D/MediaViewHolder( 2175): 	at com.android.systemui.doze.DozeUi.transitionTo(go/retraceme 109b9d95419d40ed7f94ba06f2e494aa100aa2b80b21457e78a8af5d54598634:376)
D/MediaViewHolder( 2175): 	at com.android.systemui.doze.DozeMachine.transitionTo(go/retraceme 109b9d95419d40ed7f94ba06f2e494aa100aa2b80b21457e78a8af5d54598634:430)
D/MediaViewHolder( 2175): 	at com.android.systemui.doze.DozeMachine.requestState(go/retraceme 109b9d95419d40ed7f94ba06f2e494aa100aa2b80b21457e78a8af5d54598634:79)
D/MediaViewHolder( 2175): 	at com.android.systemui.doze.DozeMachine.requestState(go/retraceme 109b9d95419d40ed7f94ba06f2e494aa100aa2b80b21457e78a8af5d54598634:93)
D/MediaViewHolder( 2175): 	at com.android.systemui.doze.DozeService.onDreamingStarted(go/retraceme 109b9d95419d40ed7f94ba06f2e494aa100aa2b80b21457e78a8af5d54598634:7)
D/MediaViewHolder( 2175): 	at android.service.dreams.DreamService.lambda$attach$4(DreamService.java:1616)
D/MediaViewHolder( 2175): 	at android.service.dreams.DreamService.$r8$lambda$EnTA56MuqG-Lc2_Dn1XOtb2UP4k(DreamService.java:0)
D/MediaViewHolder( 2175): 	at android.service.dreams.DreamService$$ExternalSyntheticLambda6.run(D8$$SyntheticClass:0)
D/MediaViewHolder( 2175): 	at android.service.dreams.DreamService.attach(DreamService.java:1656)
D/MediaViewHolder( 2175): 	at android.service.dreams.DreamService.-$$Nest$mattach(DreamService.java:0)
D/MediaViewHolder( 2175): 	at android.service.dreams.DreamService$DreamServiceWrapper.lambda$attach$1(DreamService.java:1870)
D/MediaViewHolder( 2175): 	at android.service.dreams.DreamService$DreamServiceWrapper$$ExternalSyntheticLambda0.accept(D8$$SyntheticClass:0)
D/MediaViewHolder( 2175): 	at android.service.dreams.DreamService$DreamServiceWrapper.lambda$post$0(DreamService.java:1862)
D/MediaViewHolder( 2175): 	at android.service.dreams.DreamService$DreamServiceWrapper$$ExternalSyntheticLambda3.run(D8$$SyntheticClass:0)
D/MediaViewHolder( 2175): 	at android.os.Handler.handleCallback(Handler.java:1095)
D/MediaViewHolder( 2175): 	at android.os.Handler.dispatchMessageImpl(Handler.java:135)
D/MediaViewHolder( 2175): 	at android.os.Handler.dispatchMessage(Handler.java:125)
D/MediaViewHolder( 2175): 	at android.os.Looper.loopOnce(Looper.java:296)
D/MediaViewHolder( 2175): 	at android.os.Looper.loop(Looper.java:397)
D/MediaViewHolder( 2175): 	at android.app.ActivityThread.main(ActivityThread.java:9523)
D/MediaViewHolder( 2175): 	at java.lang.reflect.Method.invoke(Native Method)
D/MediaViewHolder( 2175): 	at com.android.internal.os.RuntimeInit$MethodAndArgsCaller.run(RuntimeInit.java:575)
D/MediaViewHolder( 2175): 	at com.android.internal.os.ZygoteInit.main(ZygoteInit.java:939)
V/WindowManagerShell( 2175): onTransitionReady(transaction=6481105855114)
V/WindowManagerShell( 2175): onTransitionReady (#2040) android.os.BinderProxy@3b0cc0e: {id=2040 t=TO_FRONT f=0x8000 trk=0 r=[] c=[]}
D/InsetsController( 2175): Setting requestedVisibleTypes to 501 (was 503)
V/WindowManager( 1509): Sent Transition (#2040) createdAt=09-04 19:40:35.326 via request=TransitionRequestInfo { type = TO_FRONT, triggerTask = null, pipChange = null, remoteTransitionInfo = null, displayChanges = null, requestedLocation = null, userChange = null, windowingLayerChange = null, fullscreenRequestChange = null, flags = 32768, debugId = 2040 }
V/WindowManager( 1509):     startWCT=WindowContainerTransaction { changes= {} hops= [] flags= 0 errorCallbackToken=null taskFragmentOrganizer=null }
V/WindowManagerShell( 2175): FocusTransitionObserver: Updating focus state for transition #2040
D/DLIndicator( 2175): onDozingChanged(true)
D/DLIndicator( 2175): updateVisibility(), mDozing=true, mDocking=false, mTopIconShowing=false, mViewAttached=true
V/ShellDesktopMode( 2175): DesktopModeLogger: taskInfo map after processing changes 0
V/WindowManagerShell( 2175): Playing animation for (#2040) android.os.BinderProxy@3b0cc0e@0
V/WindowManager( 1509):     info={id=2040 t=TO_FRONT f=0x8000 trk=0 r=[] c=[]}
V/WindowManagerShell( 2175): start keyguard appearing transition, info = {id=2040 t=TO_FRONT f=0x8000 trk=0 r=[] c=[]}
D/KeyguardService( 2175): Starts IRemoteAnimationRunner: info={id=2040 t=TO_FRONT f=0x8000 trk=0 r=[] c=[]}
D/KeyguardService( 2175): Unexpected transit type: 3
D/KeyguardService( 2175): Finish IRemoteAnimationRunner.
V/WindowManagerShell( 2175):  animated by com.android.wm.shell.keyguard.KeyguardTransitionHandler@8b0599b
V/WindowManagerShell( 2175): Transition animation finished (aborted=false), notifying core (#2040) android.os.BinderProxy@3b0cc0e@0
V/WindowManager( 1509): Finish Transition (#2040): created at 09-04 19:40:35.326 collect-started=0.026ms request-sent=0.045ms started=3.283ms ready=3.279ms sent=4.018ms finished=8.011ms
V/WindowManagerShell( 2175): Track 0 became idle
V/WindowManagerShell( 2175): All active transition animations finished
D/KeyguardService( 2175): setOccluded(false)
D/KeyguardViewMediator( 2175): setOccluded(false)
D/DLIndicator( 2175): onStateChanged(1)
D/DLIndicator( 2175): updateVisibility(), mDozing=true, mDocking=false, mTopIconShowing=false, mViewAttached=true
I/AiAiEcho( 4286): (REDACTED) Settings changed for uri: %s
I/AiAiEcho( 4286): (REDACTED) #postPredictionTargets: Sending updates to UISurface %s with targets# %s (types=[%s])
I/AiAiEcho( 4286): (REDACTED) #postPredictionTargets: Sending updates to UISurface %s with targets# %s (types=[%s])
I/AiAiEcho( 4286): (REDACTED) #postPredictionTargets: Sending updates to UISurface %s with targets# %s (types=[%s])
D/ShadeStatusBarComponentsInteractor#disableFlagsInteractor( 2175): newValue: DisableFlagsModel(disable1=0, disable2=0, animate=false)
I/AiAiEcho( 4286): (REDACTED) #postPredictionTargets: Sending updates to UISurface %s with targets# %s (types=[%s])
D/DLObserver( 2175): add listener: com.android.systemui.doze.DozeDockHandler$DockEventListener@b907372
I/AmbientCueRepository( 2175): Receiving SmartSpace targets # 0
V/DreamService[DozeService]( 2175): UpdateDoze mDozeScreenState=1 mDozeScreenBrightness=0.0
D/DLObserver( 2175): onDockEvent mDockState = 0
D/DreamManagerService( 1509): Dream requested to start dozing: android.os.Binder@6b4c99b, screenState=OFF, reason=UNKNOWN, screenBrightness=0.0, useNormalBrightnessForDoze=false
I/DisplayPowerController[0]( 1509): BrightnessEvent: brt=0.0(0.0%), nits=2.0, lux=-1.0, reason=screen_off, strat=ScreenOffBrightnessStrategy, state=OFF, stateReason=UNKNOWN, policy=DOZE, flags=, initBrt=0.0, rcmdBrt=NaN, preBrt=NaN, preLux=0.0, wasShortTermModelActive=false, autoBrightness=true (default), unclampedBrt=-1.0, hbmMax=0.57, hbmMode=off, thrmMax=1.0, rbcStrength=50, powerFactor=1.0, physDisp=内蔵スクリーン(local:4619827677550801152), logicalId=0, slowChange=false, rampSpeed=0.0, colorTemp=NaN, thermalStatus=none
D/usf_sensor_hal(  992): device pickup: Enter Batch. Period = 1000000, latency = 0.
D/usf_sensor_hal(  992): device pickup: Enter Activate. Enable = 1.
I/ndroid.systemui( 2175): NativeAlloc concurrent mark compact GC freed 5929KB AllocSpace bytes, 0(0B) LOS objects, 80% free, 50MB/256MB, paused 381us,1.474ms total 256.491ms
D/AOC     ( 1205): A3:MSG: usf_sensor.cc, 1866: USF: Received start sampling request for Lift to Wake Sensor (active:1).
D/AOC     ( 1205): A3:MSG: vsc_sensor.cc, 37: VSC: [Lift to Wake Sensor] enable: period 1, latency = 0
D/AOC     ( 1205): A3:MSG: usf_sensor.cc, 1866: USF: Received start sampling request for TMD3719 Proximity (active:2).
I/Surface ( 2175): Creating surface for consumer unnamed-2175-1419 with slotExpansion=1 for 64 slots
D/AOC     ( 1205): A3:MSG: usf_sensor.cc, 1881: USF: Received stop sampling request for TMD3719 Proximity (active:1).
I/Surface ( 2175): Creating surface for consumer VRI[NotificationShade]#1314(BLAST Consumer)1314 with slotExpansion=1 for 64 slots
D/AOC     ( 1205): A3:MSG: usf_vsc_log.cc, 69: VSC: [Lift_to_Wake] Enable Lift to Wake gesture : 1
D/AOC     ( 1205): A3:MSG: usf_sensor.cc, 1866: USF: Received start sampling request for LSM6DSV Accelerometer (active:5).
W/View    ( 2175): requestLayout() improperly called by com.android.keyguard.CarrierText{1c1ae5e V.ED..... ......ID 70,0-485,151 #7f0a047f app:id/keyguard_carrier_text} during layout: running second layout pass
D/AOC     ( 1205): A3:MSG: lsm6dsv_device.cc, 732: USF: Lsm6dsvDevice: Sensor 0: Enabled 1, odr_index 6, period_ns 10000000.
D/AOC     ( 1205): A3:MSG: lsm6dsv_fifo.cc, 755: USF: Lsm6dsvFifo: ODR: XL/G/T/TS: 120/60/15/15 WM: 3 Intr: 70.
D/AOC     ( 1205): A3:MSG: lsm6dsv_device.cc, 641: USF: Lsm6dsvDevice: Fifo was disabled for 762330ns.
D/WindowManager( 1509): setClientSurface Surface(name=VRI-NotificationShade#88)/@0x5d8d113 for 2ca8366 NotificationShade
D/AOC     ( 1205): A3:MSG: usf_sensor.cc, 1866: USF: Received start sampling request for LSM6DSV Gyroscope (active:2).
D/AOC     ( 1205): A3:MSG: lsm6dsv_device.cc, 732: USF: Lsm6dsvDevice: Sensor 1: Enabled 1, odr_index 5, period_ns 20000000.
D/AOC     ( 1205): A3:MSG: lsm6dsv_fifo.cc, 755: USF: Lsm6dsvFifo: ODR: XL/G/T/TS: 120/60/15/15 WM: 3 Intr: 70.
D/AOC     ( 1205): A3:MSG: lsm6dsv_device.cc, 641: USF: Lsm6dsvDevice: Fifo was disabled for 533813ns.
D/KeyguardViewMediator( 2175): handleSetOccluded(false)
D/KeyguardViewMediator( 2175): KeyguardViewMediator queue processing message: SET_OCCLUDED
D/DLObserver( 2175): onDockEvent mDockState = 0
W/System  ( 2175): A resource failed to call release. 
D/AOC     ( 1205): A3:MSG: usf_sensor.cc, 1866: USF: Received start sampling request for LSM6DSV Stationary Detect (active:1).
D/AOC     ( 1205): A3:MSG: lsm6dsv_device.cc, 732: USF: Lsm6dsvDevice: Sensor 4: Enabled 1, odr_index 1, period_ns 500000000.
D/KeyguardViewMediator( 2175): KeyguardViewMediator queue processing message: NOTIFY_FINISHED_GOING_TO_SLEEP
D/AOC     ( 1205): A3:MSG: lsm6dsv_fifo.cc, 755: USF: Lsm6dsvFifo: ODR: XL/G/T/TS: 120/60/15/15 WM: 3 Intr: 70.
D/AOC     ( 1205): A3:MSG: lsm6dsv_device.cc, 252: USF: Lsm6dsvDevice: Config sampling too slow. Took 669393ns.
W/System  ( 2175): A resource failed to call release. 
D/AOC     ( 1205): A3:MSG: lsm6dsv_device.cc, 641: USF: Lsm6dsvDevice: Fifo was disabled for 669393ns.
D/AOC     ( 1205): A3:MSG: lsm6dsv_device.cc, 732: USF: Lsm6dsvDevice: Sensor 4: Enabled 0, odr_index 0, period_ns 0.
D/DeviceEntryIconViewBinder( 2175): Initializing device entry fgIconView
I/PowerManagerService( 1509): onFlip(): Face up.
D/ContextualAwarenessService( 2309): Before dispatching ACTION_SCREEN_OFF onReceive work to background
D/ContextualAwarenessService( 2309): After dispatching ACTION_SCREEN_OFF onReceive work to background
D/NfcService( 2395): applyScreenState: screenState = OFF_UNLOCKED
D/NfcService( 2395): applyScreenState: screenState != mScreenState=8
I/SHANNON_IMS( 2398): 9114 [PROX] onReceive: intent= [Intent { act=android.intent.action.SCREEN_OFF flg=0x50200010 }] (ConnectivityBroadcastReceiver%onReceive:91)
D/NfcService( 2395): handleMessage: MSG_APPLY_SCREEN_STATE OFF_UNLOCKED
D/ContextualAwarenessService( 2309): Before ACTION_SCREEN_OFF onReceive work
D/ContextualAwarenessService( 2309): After ACTION_SCREEN_OFF onReceive work
D/libnfc_nci( 2395): nfcManager_doSetScreenState: state = 1 sPrevScreenStateMask= 24, screen_state_mask= 1
D/libnfc_nci( 2395): nfcManager_doSetScreenState: discovry_param = 0x00
D/libnfc_nci( 2395): nfcManager_doSetScreenState: wait for gNfaSetConfigEvent
D/usf_sensor_hal(  992): proximity gated single tap: Enter Batch. Period = 1000000, latency = 0.
D/AOC     ( 1205): A3:MSG: lsm6dsv_fifo.cc, 755: USF: Lsm6dsvFifo: ODR: XL/G/T/TS: 120/60/15/15 WM: 3 Intr: 70.
D/AOC     ( 1205): A3:MSG: lsm6dsv_device.cc, 641: USF: Lsm6dsvDevice: Fifo was disabled for 585572ns.
D/AOC     ( 1205): A3:MSG: usf_sensor.cc, 2453: USF: Sampling configuration 10745 not found.
D/AOC     ( 1205): A3:MSG: usf_sensor_client.cc, 159: USF: Received kErrNotFound when disabling one shot sensor.
D/AOC     ( 1205): A3:MSG: usf_sensor.cc, 1881: USF: Received stop sampling request for LSM6DSV Accelerometer (active:4).
D/AOC     ( 1205): A3:MSG: lsm6dsv_device.cc, 732: USF: Lsm6dsvDevice: Sensor 0: Enabled 1, odr_index 6, period_ns 10000000.
D/AOC     ( 1205): A3:MSG: lsm6dsv_fifo.cc, 755: USF: Lsm6dsvFifo: ODR: XL/G/T/TS: 120/60/15/15 WM: 3 Intr: 70.
D/AOC     ( 1205): A3:MSG: lsm6dsv_device.cc, 641: USF: Lsm6dsvDevice: Fifo was disabled for 338786ns.
D/AOC     ( 1205): A3:MSG: usf_sensor.cc, 1881: USF: Received stop sampling request for LSM6DSV Gyroscope (active:1).
D/AOC     ( 1205): A3:MSG: lsm6dsv_device.cc, 732: USF: Lsm6dsvDevice: Sensor 1: Enabled 1, odr_index 5, period_ns 20000000.
D/AOC     ( 1205): A3:MSG: lsm6dsv_fifo.cc, 755: USF: Lsm6dsvFifo: ODR: XL/G/T/TS: 120/60/15/15 WM: 10 Intr: 21.
D/AOC     ( 1205): A3:MSG: lsm6dsv_device.cc, 641: USF: Lsm6dsvDevice: Fifo was disabled for 451823ns.
D/BiometricService( 1509): canAuthenticate: User=0, Caller=0, Authenticators=255
I/AppSlicerService( 2309): Received Screen Off intent 
D/SystemEventDataSource( 2175): onReceive: intentAction
D/usf_sensor_hal(  992): proximity gated single tap: Enter Activate. Enable = 1.
D/AOC     ( 1205): A3:MSG: usf_sensor.cc, 1866: USF: Received start sampling request for Proximity Gated Single Tap Gesture (active:1).
D/BiometricService/PreAuthInfo( 1509): Package: com.android.systemui Sensor ID: 1 Modality: 8 User id: 0 Status: 1
D/AOC     ( 1205): A3:MSG: vsc_sensor.cc, 37: VSC: [Proximity Gated Single Tap Gesture] enable: period 1, latency = 0
D/BiometricService/PreAuthInfo( 1509): Package: com.android.systemui Sensor ID: 0 Modality: 2 User id: 0 Status: 1
D/BiometricService/PreAuthInfo( 1509): getCanAuthenticateInternal Modality: 10 AuthenticatorStatus: 1
D/AuthService( 1509): canAuthenticate, userId: 0, callingUserId: 0, authenticators: 255, result: 0
D/AOC     ( 1205): A3:MSG: usf_sensor.cc, 1866: USF: Received start sampling request for TMD3719 Proximity (active:2).
D/DLObserver( 2175): add listener: com.android.systemui.dock.DockManagerExtensionsKt$retrieveIsDocked$1$callback$1@2e5ef7e
D/DLObserver( 2175): add listener: com.android.systemui.dock.DockManagerExtensionsKt$retrieveIsDocked$1$callback$1@4538cdf
D/DLObserver( 2175): add listener: com.android.systemui.dock.DockManagerExtensionsKt$retrieveIsDocked$1$callback$1@ff91d2c
D/DLObserver( 2175): add listener: com.android.systemui.dock.DockManagerExtensionsKt$retrieveIsDocked$1$callback$1@ffd03f5
D/DLObserver( 2175): add listener: com.android.systemui.dock.DockManagerExtensionsKt$retrieveIsDocked$1$callback$1@a6d858a
D/DLObserver( 2175): add listener: com.android.systemui.dock.DockManagerExtensionsKt$retrieveIsDocked$1$callback$1@20e17fb
D/libnfc_nci( 2395): nfaDeviceManagementCallback: enter; event=0x2
D/libnfc_nci( 2395): nfaDeviceManagementCallback: NFA_DM_SET_CONFIG_EVT
D/AOC     ( 1205): A3:MSG: usf_sensor.cc, 1866: USF: Received start sampling request for Touch Single Tap Sensor (active:1).
D/AOC     ( 1205): A3:MSG: usf_touch_device.cc, 199: gtd: Host enables sensor, type: 1.
D/AOC     ( 1205): A3:MSG: usf_touch_device.cc, 593: gtd: Bus: 1, Host: 1; Enabled: 0.
D/AOC     ( 1205): A3:MSG: gtx_hw.cc, 401: UTD-GTX: Enter gesture mode
D/ControlsListingControllerImpl( 2175): Subscribing callback, service count: 2
D/SystemEventDataSource( 2175): updatedEventData: SystemEventData(intentAction=android.intent.action.SCREEN_OFF, plugged=EventData(value=0), batteryScale=EventData(value=100), batteryLevel=EventData(value=21), chargingStatus=EventData(value=1), maxChargingCurrent=EventData(value=0), maxChargingVoltage=EventData(value=0), batteryStatus=EventData(value=3), halEventData=HalEventData(dockDefendStatus=EventData(value=-3), tempDefendEventData=EventData(value=false), dwellDefendEventData=EventData(value=false)), settingsEventData=SettingsEventData(dockDefenderBypass=EventData(value=0), chargingLimitSettings=EventData(value=0), dndState=EventData(value=false), airplaneState=EventData(value=false)), frameworkApiEventData=FrameworkApiEventData(batterySaverState=EventData(value=false), extremeBatterySaverState=EventData(value=false)))
D/ChargingLimitEventModule( 2175): validate()=false, chargingStatus=1
D/DwellDefendBatteryModule( 2175): validate: false -> false
D/TempDefendBatteryModule( 2175): validate: false -> false
D/AOC     ( 1205): A3:MSG: usf_vsc_log.cc, 69: VSC: gti: [STTW] prox state far
D/NfcNciHalWrapper( 1001): nfc_set_state 5->11
D/libnfc_nci( 2395): nfaDeviceManagementCallback: enter; event=0xB
D/libnfc_nci( 2395): nfaDeviceManagementCallback: NFA_DM_SET_POWER_SUB_STATE_EVT; status=0x0
D/libnfc_nci( 2395): nativeNfcTag_doDisconnect: enter
W/libnfc_nci( 2395): nativeNfcTag_doDisconnect: tag already deactivated
D/libnfc_nci( 2395): nativeNfcTag_doDisconnect: exit
D/DLObserver( 2175): onDockEvent mDockState = 0
D/DLObserver( 2175): onDockEvent mDockState = 0
D/DLObserver( 2175): onDockEvent mDockState = 0
D/DLObserver( 2175): onDockEvent mDockState = 0
D/DLObserver( 2175): onDockEvent mDockState = 0
D/DLObserver( 2175): onDockEvent mDockState = 0
D/SystemServerTiming( 1509): getUserSwitchability-0
D/SystemServerTiming( 1509): TM.isInCall
D/AOC     ( 1205): A3:MSG: usf_touch_device.cc, 345: gtd: Device is enabled.
D/usf_sensor_hal(  992): quick pickup: Enter Batch. Period = 1000000, latency = 0.
D/SystemServerTiming( 1509): hasUserRestriction-DISALLOW_USER_SWITCH
D/usf_sensor_hal(  992): quick pickup: Enter Activate. Enable = 1.
D/SystemServerTiming( 1509): getInt-ALLOW_USER_SWITCHING_WHEN_SYSTEM_USER_LOCKED
D/SystemServerTiming( 1509): getUserSwitchability-0
D/SystemServerTiming( 1509): TM.isInCall
D/SystemServerTiming( 1509): hasUserRestriction-DISALLOW_USER_SWITCH
D/SystemServerTiming( 1509): isUserUnlocked-USER_SYSTEM
D/SystemServerTiming( 1509): getInt-ALLOW_USER_SWITCHING_WHEN_SYSTEM_USER_LOCKED
D/SystemServerTiming( 1509): isUserUnlocked-USER_SYSTEM
D/BatteryEventService( 2175): collect BatteryEvents: BatteryEvents(eventTypes=[NOT_CHARGING], batteryLevel=21, pluggedType=0)
D/BatteryEventService( 2175): notifyForBatteryEventsUpdate: BatteryEvents(eventTypes=[NOT_CHARGING], batteryLevel=21, pluggedType=0)
D/BatteryEventService( 2175): AIDL callback listeners count: 1
D/BatteryEventService( 2175): notify AIDL callback to null, cost: 0 ms
I/BatteryEventService( 2175): notify all AIDL callbacks, cost: 0 ms
D/BatteryEventService( 2175): BatteryEventsListener (broadcast) count: 1
D/BatteryEventService( 2175): broadcastIntent(uid:0): Intent { act=com.google.android.battery_event.BATTERY_EVENTS_UPDATE cmp=com.google.android.apps.turbo/.batteryevent.BatteryEventUpdateReceiver (has extras) }, events:[NOT_CHARGING]
D/ControlsListingControllerImpl( 2175): Subscribing callback, service count: 2
D/AOC     ( 1205): A3:MSG: usf_sensor.cc, 1866: USF: Received start sampling request for Quick Pickup Sensor (active:1).
D/AOC     ( 1205): A3:MSG: vsc_sensor.cc, 37: VSC: [Quick Pickup Sensor] enable: period 1, latency = 0
D/AOC     ( 1205): A3:MSG: usf_vsc_log.cc, 69: VSC: [QuickPickup] Configuring sensor with interval: 1, latency: 0
D/AOC     ( 1205): A3:MSG: usf_vsc_log.cc, 69: VSC: [QuickPickup] QPA: state -> QPA_STATE_INACTIVE
D/AOC     ( 1205): A3:MSG: usf_sensor.cc, 1866: USF: Received start sampling request for LSM6DSV Accelerometer (active:5).
D/AOC     ( 1205): A3:MSG: lsm6dsv_device.cc, 732: USF: Lsm6dsvDevice: Sensor 0: Enabled 1, odr_index 6, period_ns 10000000.
D/AOC     ( 1205): A3:MSG: lsm6dsv_fifo.cc, 755: USF: Lsm6dsvFifo: ODR: XL/G/T/TS: 120/60/15/15 WM: 3 Intr: 70.
D/ControlsListingControllerImpl( 2175): Subscribing callback, service count: 2
D/AOC     ( 1205): A3:MSG: lsm6dsv_device.cc, 641: USF: Lsm6dsvDevice: Fifo was disabled for 443929ns.
I/QAWController( 2175): Re-creating the QAW client to avoid stale.
I/pixel-thermal( 1798): VIRTUAL-SKIN:34.9613 raw data: VIRTUAL-SKIN:34961.2 
I/BatteryEventService( 2175): notify all broadcast intent, cost: 5 ms
D/BatteryEventService( 2175): AIDL data callback listeners count: 0
D/AOC     ( 1205): A3:MSG: usf_vsc_log.cc, 69: VSC: [QuickPickup] Accelerometer enabled with interval: 20000000 ns.
D/AOC     ( 1205): A3:MSG: usf_vsc_log.cc, 69: VSC: [QuickPickup] SD enabled.
D/AOC     ( 1205): A3:MSG: usf_vsc_log.cc, 69: VSC: [QuickPickup] prox enabled.
D/AOC     ( 1205): A3:MSG: usf_vsc_log.cc, 69: VSC: [QuickPickup] FNA: state -> FNA_STATE_WAIT_NEXT_MOTION
D/AOC     ( 1205): A3:MSG: usf_vsc_log.cc, 69: VSC: [QuickPickup] STA: state -> STA_STATE_WAIT_NEXT_MOTION
W/AccessibilityWindowsPopulator( 1509): The displayInfo of this displayId (0) called back from the surface flinger is null
W/AccessibilityWindowsPopulator( 1509): The displayInfo of this displayId (0) called back from the surface flinger is null
D/usf_sensor_hal(  992): auto brightness: Enter Activate. Enable = 0.
D/AOC     ( 1205): A3:MSG: usf_sensor.cc, 1881: USF: Received stop sampling request for Auto Brightness (active:0).
D/AOC     ( 1205): A3:MSG: vsc_sensor.cc, 68: VSC: [Auto Brightness] disable.
D/AOC     ( 1205): A3:MSG: usf_sensor.cc, 1881: USF: Received stop sampling request for TMD3719 Ambient Light (active:2).
I/MR2ServiceImpl( 1509): Updating composite discovery preference | preference: RouteDiscoveryRequest{ preferredFeatures={}, activeScan=false }, active routers: []
W/AlarmManager( 1509): Unrecognized alarm listener com.android.server.DeviceIdleController$$ExternalSyntheticLambda1@ab628a8
I/ImeTracker(17230): com.termux:705bfaa6: onCancelled at PHASE_CLIENT_ON_CONTROLS_CHANGED
I/ImeTracker( 1509): com.termux:705bfaa6: onFinished on previously finished token at PHASE_CLIENT_ON_CONTROLS_CHANGED with STATUS_CANCEL
D/usf_sensor_hal(  992): accelerometer: Enter Batch. Period = 10000000, latency = 200000000.
D/usf_sensor_hal(  992): IMU temperature: Enter Batch. Period = 533334000, latency = 0.
W/AccessibilityWindowsPopulator( 1509): The displayInfo of this displayId (0) called back from the surface flinger is null
D/usf_sensor_hal(  992): accelerometer: Enter Batch. Period = 10000000, latency = 5000000000.
D/AOC     ( 1205): A3:MSG: usf_sensor.cc, 2512: USF: Received reconfig sampling request for LSM6DSV Accelerometer.
D/usf_sensor_hal(  992): IMU temperature: Enter Batch. Period = 533334000, latency = 0.
D/usf_sensor_hal(  992): magnetometer: Enter Activate. Enable = 0.
I/ActivityScheduler( 2764): nextTriggerTime: 72894235, in 205822ms, detectorType: 0,  alarmWindowMillis: 30000
D/AOC     ( 1205): A3:MSG: usf_sensor.cc, 1881: USF: Received stop sampling request for MMC56X3X Magnetometer (active:1).
D/AOC     ( 1205): A3:MSG: mmc56x3x_device.cc, 409: USF: MMC56X3X0: mmc56x3x_enable_measure odr = 10.
D/QnsTimer( 2837): onReceive action=android.intent.action.SCREEN_OFF
D/usf_sensor_hal(  992): gyroscope: Enter Activate. Enable = 0.
D/QnsTimer( 2837): No timers are pending to run
I/NearbyDiscovery( 2764): (REDACTED) FastPairHandler: Received action %s
D/AOC     ( 1205): A3:MSG: usf_sensor.cc, 1881: USF: Received stop sampling request for LSM6DSV Gyroscope (active:0).
I/NearbyDiscovery( 2764): (REDACTED) ApFastPairScanner: isScreenOn=%s, isLocationEnabled=%s, disableLocationRequirement=%s, isDiscoveryScanningEnabled=%s, during24GhzWifiWarmingUpPeriod=%s
D/BluetoothAdapter( 2764): isLeEnabled(): ON
I/NearbyDiscovery( 2764): (REDACTED) ApFastPairScanner: eventType=%s, intReq=%s, scanning=%s, scanAllowed=%s, bleEnabled=%s, lockScanRate=%s, startScanningByLowPowerMode=%s
I/WifiHAL ( 1017): Creating message to get link statistics; iface = 47
D/AOC     ( 1205): A3:MSG: controller.cc, 275: CNTRL: cmd ID: 0x000a, tag: 0x32 [cntr = 10768]
I/NearbyDiscovery( 2764): FastPairController: onSystemStateChanged: skip due to flag disabled [CONTEXT service_id=265 ]
D/AOC     ( 1205): A3:MSG: controller.cc, 919: CNTRL: ipc: control, cmd ID: 0x000a, tag: 0x32, rc: 0
D/AOC     ( 1205): A3:MSG: controller.cc, 275: CNTRL: cmd ID: 0x000a, tag: 0x33 [cntr = 10769]
D/AOC     ( 1205): A3:MSG: controller.cc, 919: CNTRL: ipc: control, cmd ID: 0x000a, tag: 0x33, rc: 0
D/AOC     ( 1205): A3:MSG: controller.cc, 275: CNTRL: cmd ID: 0x000a, tag: 0x34 [cntr = 10770]
D/AOC     ( 1205): A3:MSG: controller.cc, 919: CNTRL: ipc: control, cmd ID: 0x000a, tag: 0x34, rc: 0
D/AOC     ( 1205): A3:MSG: controller.cc, 275: CNTRL: cmd ID: 0x000a, tag: 0x35 [cntr = 10771]
D/AOC     ( 1205): A3:MSG: controller.cc, 919: CNTRL: ipc: control, cmd ID: 0x000a, tag: 0x35, rc: 0
D/AOC     ( 1205): A3:MSG: controller.cc, 275: CNTRL: cmd ID: 0x000a, tag: 0x36 [cntr = 10772]
D/AOC     ( 1205): A3:MSG: controller.cc, 919: CNTRL: ipc: control, cmd ID: 0x000a, tag: 0x36, rc: 0
D/AOC     ( 1205): A3:MSG: controller.cc, 275: CNTRL: cmd ID: 0x000a, tag: 0x37 [cntr = 10773]
D/AOC     ( 1205): A3:MSG: controller.cc, 919: CNTRL: ipc: control, cmd ID: 0x000a, tag: 0x37, rc: 0
D/AOC     ( 1205): A3:MSG: controller.cc, 275: CNTRL: cmd ID: 0x000a, tag: 0x38 [cntr = 10774]
D/AOC     ( 1205): A3:MSG: controller.cc, 919: CNTRL: ipc: control, cmd ID: 0x000a, tag: 0x38, rc: 0
D/AOC     ( 1205): A3:MSG: controller.cc, 275: CNTRL: cmd ID: 0x000a, tag: 0x39 [cntr = 10775]
D/AOC     ( 1205): A3:MSG: controller.cc, 919: CNTRL: ipc: control, cmd ID: 0x000a, tag: 0x39, rc: 0
D/AOC     ( 1205): A3:MSG: controller.cc, 275: CNTRL: cmd ID: 0x000a, tag: 0x3a [cntr = 10776]
D/AOC     ( 1205): A3:MSG: controller.cc, 919: CNTRL: ipc: control, cmd ID: 0x000a, tag: 0x3a, rc: 0
D/AOC     ( 1205): A3:MSG: controller.cc, 275: CNTRL: cmd ID: 0x000a, tag: 0x3b [cntr = 10777]
D/AOC     ( 1205): A3:MSG: controller.cc, 919: CNTRL: ipc: control, cmd ID: 0x000a, tag: 0x3b, rc: 0
D/SconeAwareness( 3179): Awareness received [android.intent.action.SCREEN_OFF] action.
I/DeviceStatusMonitor( 4246): DeviceStatusMonitor.handleBroadcast():184 onReceive() : Action = android.intent.action.SCREEN_OFF
D/AOC     ( 1205): A3:MSG: controller.cc, 275: CNTRL: cmd ID: 0x000a, tag: 0x3c [cntr = 10778]
I/DeviceStatusMonitor( 4246): DeviceStatusMonitor.updateCountryInfo():200 updateCountryInfo(), notifyAnyway = false
D/AOC     ( 1205): A3:MSG: controller.cc, 919: CNTRL: ipc: control, cmd ID: 0x000a, tag: 0x3c, rc: 0
D/AOC     ( 1205): A3:MSG: controller.cc, 275: CNTRL: cmd ID: 0x000a, tag: 0x3d [cntr = 10779]
D/AOC     ( 1205): A3:MSG: controller.cc, 919: CNTRL: ipc: control, cmd ID: 0x000a, tag: 0x3d, rc: 0
I/InputBundle( 4246): InputBundle.switchToKeyboardDirectly():531 switchToKeyboardDirectly(): KeyboardTypeAndPayload(keyboardType=prime, payload=null)
I/InputBundle( 4246): InputBundle.switchToKeyboardDirectly():531 switchToKeyboardDirectly(): KeyboardTypeAndPayload(keyboardType=prime, payload=null)
D/AOC     ( 1205): A3:MSG: controller.cc, 275: CNTRL: cmd ID: 0x000a, tag: 0x3e [cntr = 10780]
I/InputBundle( 4246): InputBundle.switchToKeyboardDirectly():531 switchToKeyboardDirectly(): KeyboardTypeAndPayload(keyboardType=prime, payload=null)
D/AOC     ( 1205): A3:MSG: controller.cc, 919: CNTRL: ipc: control, cmd ID: 0x000a, tag: 0x3e, rc: 0
I/InputBundle( 4246): InputBundle.switchToKeyboardDirectly():531 switchToKeyboardDirectly(): KeyboardTypeAndPayload(keyboardType=prime, payload=null)
I/InputBundle( 4246): InputBundle.switchToKeyboardDirectly():531 switchToKeyboardDirectly(): KeyboardTypeAndPayload(keyboardType=prime, payload=null)
I/InputBundle( 4246): InputBundle.switchToKeyboardDirectly():531 switchToKeyboardDirectly(): KeyboardTypeAndPayload(keyboardType=prime, payload=null)
I/VoiceImeUtils( 4246): VoiceImeUtils.sendStopVoiceEventToInputBundle():517 dispatching STOP_VOICE_IME [RD]
D/LauncherStateManager(28190): StateManager.goToState: fromState: Normal, toState: Normal, partial trace:
D/LauncherStateManager(28190): 	at com.android.launcher3.Launcher$$ExternalSyntheticLambda22.onScreenOnChanged(go/retraceme 8bcbbc35bb13161dedaa519f339f298517b051dcbf8e2046701ae935fa579434:37)
D/LauncherStateManager(28190): 	at com.android.launcher3.util.ScreenOnTracker$$ExternalSyntheticLambda2.accept(go/retraceme 8bcbbc35bb13161dedaa519f339f298517b051dcbf8e2046701ae935fa579434:11)
D/LauncherStateManager(28190): 	at java.util.concurrent.CopyOnWriteArrayList.forEach(CopyOnWriteArrayList.java:909)
D/LauncherStateManager(28190): StateManager.onRepeatStateSetAborted: state: Normal
I/Module  ( 4246): DeviceLockedStatusModuleProvider$Module.updateDeviceLockedStatusInternal():119 repeatCheckTimes = 0, locked = false
D/AOC     ( 1205): A3:MSG: controller.cc, 275: CNTRL: cmd ID: 0x000a, tag: 0x3f [cntr = 10781]
I/InputBundle( 4246): InputBundle.consumeEvent():1058 Skip consuming an event as imeStatus is INACTIVE
D/AOC     ( 1205): A3:MSG: controller.cc, 919: CNTRL: ipc: control, cmd ID: 0x000a, tag: 0x3f, rc: 0
D/AOC     ( 1205): A3:MSG: controller.cc, 275: CNTRL: cmd ID: 0x000a, tag: 0x40 [cntr = 10782]
D/AOC     ( 1205): A3:MSG: controller.cc, 919: CNTRL: ipc: control, cmd ID: 0x000a, tag: 0x40, rc: 0
D/SconeAwareness( 3179): Awareness received [android.intent.action.SCREEN_OFF] action and try to relay info
W/JobInfo ( 3179): Job 'com.google.android.apps.scone/.awareness.AwarenessJobIntentService#188052156' has a deadline with no functional constraints. The deadline won't improve job execution latency. Consider removing the deadline.
W/JobInfo ( 1509): Job 'com.google.android.apps.scone/.awareness.AwarenessJobIntentService#188052156' has a deadline with no functional constraints. The deadline won't improve job execution latency. Consider removing the deadline.
D/AOC     ( 1205): A3:MSG: controller.cc, 275: CNTRL: cmd ID: 0x000a, tag: 0x41 [cntr = 10783]
D/AOC     ( 1205): A3:MSG: controller.cc, 919: CNTRL: ipc: control, cmd ID: 0x000a, tag: 0x41, rc: 0
D/SconeAwareness( 3179): handleIntent android.intent.action.SCREEN_OFF
D/SconeRadioEngine( 3179): Skip sending mobility to wifi because mobility is uninitialized.
D/AOC     ( 1205): A3:MSG: controller.cc, 275: CNTRL: cmd ID: 0x000a, tag: 0x42 [cntr = 10784]
D/AOC     ( 1205): A3:MSG: controller.cc, 919: CNTRL: ipc: control, cmd ID: 0x000a, tag: 0x42, rc: 0
I/bthal.activitywatcher(  964): getStateResidency: ActivityStat{0 : totalTimeMs 32287567 totalEntryCount 688961140 lastEntryMs 4280558}
I/bthal.activitywatcher(  964): getStateResidency: ActivityStat{1 : totalTimeMs 10049780 totalEntryCount 274992854 lastEntryMs 4280559}
I/bthal.activitywatcher(  964): getStateResidency: ActivityStat{2 : totalTimeMs 374382 totalEntryCount 523459036 lastEntryMs 4280584}
I/bthal.activitywatcher(  964): getStateResidency: ActivityStat{3 : totalTimeMs 3604228 totalEntryCount 165501553 lastEntryMs 4280908}
I/bthal.activitywatcher(  964): send_hci_activities_vsc: Sent VSC <[4]{89, 253, 1, 1}>
I/bthal.activitywatcher(  964): filter_hci_activities_vse: Filtered <[103]{14, 101, 1, 89, 253, 0, 1, 114, 16, 32, 0, 184, 90, 1, 0, 98, 97, 60, 0, 0, 0, 0, 0, 13, 98, 60, 0, 0, 0, 0, 0, 57, 22, 13, 0, 85, 164, 0, 0, 13, 98, 60, 0, 0, 0, 0, 0, 98, 97, 60, 0, 0, 0, 0, 0, 228, 247, 23, 0, 201, 4, 0, 0, 238, 98, 60, 0, 0, 0, 0, 0, 239, 98, 60, 0, 0, 0, 0, 0, 141, 24, 8, 0, 198, 60, 0, 0, 133, 98, 60, 0, 0, 0, 0, 0, 203, 98, 60, 0, 0, 0, 0, 0}>
I/bthal.flowcontrol(  964): HciEventPreProcess: HCI Event 0xe Opcode 0xfd59 Length 103 handled by ControllerActivityWatcher
I/bthal.bqr(  964): Batt_Per: 21, Avg_Cur_Pwr: 2 mA, BEr_Tx_Plv: 0 dBm, Le_Tx_Plv: 12 dBm, Idle_Tm: 38865 ms, Act_Tm: 42103 ms, BEr_Tx_Tm: 0 ms, BEr_Rx_Tm: 0 ms, Le_Tx_Tm: 1226 ms, Le_Rx_Tm: 0 ms, total_Tm 40091 ms, Rx_1Ch_Tm 0 ms, Rx_2Ch_Tm 0 ms, Tx_iPA_1Ch_Tm 1226 ms, Tx_iPA_2Ch_Tm 0 ms, Tx_ePA_1Ch_Tm 0 ms, Tx_ePA_2Ch_Tm 0 ms, BEr_Rx_Scan_total_Tm 0, Le_Rx_Scan_total_Tm 0
I/bthal.bqr(  964): update_bqr_energy_reportv7: Avg_Cur_Pwr: 2, BEr_Tx_Plv: 0 dBm, Le_Tx_Plv: 12
I/bthal.flowcontrol(  964): HciEventPreProcess: HCI Event 0xff Opcode 0 Length 92 unhandled by debug_VendorEvent
I/WifiHAL ( 1017): Getting cached scan results, iface handle = 0xb4000072f282ed50
E/WifiHAL ( 1017): Creating message to get cached scan results
W/btm_acl ( 2277): system/stack/acl/btm_acl.cc:1376 BTM_ReadRemoteVersion: Unable to find active acl
D/ActivityManager( 1509): sync unfroze 5840 com.google.android.apps.turbo for 3
I/bluetooth( 2277): system/btif/src/btif_bqr.cc:1064 bqr_delivery_event: len: 89, addr: ff:ff:ff:ff:ff:ff, lmp_ver: 0, manufacturer_id: 0, lmp_subver: 0
I/BluetoothQualityReportJni( 2277): android/app/jni/com_android_bluetooth_BluetoothQualityReport.cpp:52 bqr_delivery_callback: 
I/BluetoothQualityReportNativeCallback( 2277): BQR: {
I/BluetoothQualityReportNativeCallback( 2277):   mAddr: FF:FF:FF:FF:FF:FF, mLmpVer: 0x00, mLmpSubVer: 0x0000, mManufacturerId: 0x0000, mName: , mBluetoothClass: 0,
I/BluetoothQualityReportNativeCallback( 2277):   BqrCommon: {
I/BluetoothQualityReportNativeCallback( 2277):     mQualityReportId: Energy Monitor(0x06), mPacketType: INVALID(0x00), mConnectionHandle: 0x0000, mConnectionRole: 0(0), mTxPowerLevel: 0, mRssi: 0, mSnr: 0, mUnusedAfhChannelCount: 0,
I/BluetoothQualityReportNativeCallback( 2277):     mAfhSelectUnidealChannelCount: 0, mLsto: 0, mPiconetClock: 0x00000000, mRetransmissionCount: 0, mNoRxCount: 0, mNakCount: 0, mLastTxAckTimestamp: 0x00000000, mFlowOffCount: 0,
I/BluetoothQualityReportNativeCallback( 2277):     mLastFlowOnTimestamp: 0x00000000, mOverflowCount: 0, mUnderflowCount: 0, mAddr: null, mCalFailedItemCount: 0,
I/BluetoothQualityReportNativeCallback( 2277):     mTxTotalPackets: 0, mTxUnackPackets: 0, mTxFlushPackets: 0, mTxLastSubeventPackets: 0, mCrcErrorPackets: 0, mRxDupPackets: 0, mRxUnRecvPackets: 0, mCoexInfoMask: 0
I/BluetoothQualityReportNativeCallback( 2277):   }
I/BluetoothQualityReportNativeCallback( 2277):   BqrEnergyMonitor: {
I/BluetoothQualityReportNativeCallback( 2277):     AvgCurrentConsume: 2, mIdleTotalTime: 104401, mIdleStateEnterCount: 3399, mActiveTotalTime: 42103, mActiveStateEnterCount: 1614,
I/BluetoothQualityReportNativeCallback( 2277):     mBredrTxTotalTime: 0, mBredrTxStateEnterCount: 0, mBredrTxAvgPowerLevel: 0, mBredrRxTotalTime: 0, mBredrRxStateEnterCount: 344, mLeTxTotalTime: 1226, mLeTxStateEnterCount: 2584, mLeTxAvgPowerLevel: 12, mLeRxTotalTime: 0, mLeRxStateEnterCount: 470, mReportTotalTime: 105627, mRxActiveOneChainTime: 0, mRxActiveTwoChainTime: 0, mTxiPaActiveOneChainTime: 1226, mTxiPaActiveTwoChainTime: 0, mTxePaActiveOneChainTime: 0, mTxePaActiveTwoChainTime: 0
I/BluetoothQualityReportNativeCallback( 2277):   }
I/BluetoothQualityReportNativeCallback( 2277): }
D/usf_sensor_hal(  992): IMU temperature: Enter Batch. Period = 533334000, latency = 5000000000.
D/AOC     ( 1205): A3:MSG: lsm6dsv_device.cc, 732: USF: Lsm6dsvDevice: Sensor 1: Enabled 0, odr_index 0, period_ns 0.
E/AOC     ( 1205): A3:ERR: lsm6dsv_device.cc, 1226: USF: Lsm6dsvDevice: Skip calling ESP unset timer.
D/AOC     ( 1205): A3:MSG: lsm6dsv_fifo.cc, 755: USF: Lsm6dsvFifo: ODR: XL/G/T/TS: 120/0/15/15 WM: 2 Intr: 75.
D/AOC     ( 1205): A3:MSG: lsm6dsv_device.cc, 641: USF: Lsm6dsvDevice: Fifo was disabled for 1186320ns.
I/WifiHAL ( 1017): In GetCachedScanResultsCommand::handleResponse
I/system_server( 1509): NativeAlloc concurrent mark compact GC freed 29MB AllocSpace bytes, 11(224KB) LOS objects, 81% free, 95MB/512MB, paused 4.483ms,12.210ms total 381.427ms
D/AOC     ( 1205): A3:MSG: usf_sensor.cc, 2512: USF: Received reconfig sampling request for LSM6DSV Temperature.
D/AOC     ( 1205): A3:MSG: usf_sensor.cc, 1866: USF: Received start sampling request for LSM6DSV Accelerometer (active:6).
D/GRIL-S  ( 2315): [1681]> UPDATE_SCONE_INFO Mobility:0 Battery:1 Thermal:2 Screen:2
D/AOC     ( 1205): A3:MSG: usf_sensor.cc, 1866: USF: Received start sampling request for LSM6DSV Gyroscope (active:1).
D/AOC     ( 1205): A3:MSG: usf_sensor.cc, 1866: USF: Received start sampling request for LSM6DSV Temperature (active:4).
D/usf_sensor_hal(  992): proximity: Enter Activate. Enable = 0.
D/AOC     ( 1205): A3:MSG: lsm6dsv_device.cc, 732: USF: Lsm6dsvDevice: Sensor 2: Enabled 1, odr_index 3, period_ns 66666666.
D/AOC     ( 1205): A3:MSG: lsm6dsv_fifo.cc, 755: USF: Lsm6dsvFifo: ODR: XL/G/T/TS: 120/0/15/15 WM: 2 Intr: 75.
D/DeviceEntryIconViewBinder( 2175): Updating device entry icon image state ForegroundIconViewModel(type=FINGERPRINT, useAodVariant=false, tint=-793647, padding=51)
D/AOC     ( 1205): A3:MSG: lsm6dsv_device.cc, 641: USF: Lsm6dsvDevice: Fifo was disabled for 509643ns.
D/AOC     ( 1205): A3:MSG: usf_sensor.cc, 1881: USF: Received stop sampling request for TMD3719 Proximity (active:1).
W/System  ( 1509): A resource failed to call HardwareBuffer.close. 
W/System  ( 1509): A resource failed to call HardwareBuffer.close. 
D/AOC     ( 1205): A3:MSG: usf_sensor.cc, 1866: USF: Received start sampling request for MMC56X3X Magnetometer (active:2).
W/AccessibilityWindowsPopulator( 1509): The displayInfo of this displayId (0) called back from the surface flinger is null
D/AOC     ( 1205): A3:MSG: mmc56x3x_device.cc, 409: USF: MMC56X3X0: mmc56x3x_enable_measure odr = 10.
I/Dtdi    ( 2764): [RouteScanController] stopScan: stopping route scanning [CONTEXT service_id=312 ]
I/Dtdi    ( 2764): [RouteScanController] stopScan: no active scanning sessions exist [CONTEXT service_id=312 ]
D/DeviceEntryIconViewBinder( 2175): Updating device entry icon image state ForegroundIconViewModel(type=FINGERPRINT, useAodVariant=true, tint=-793647, padding=51)
D/DeviceEntryIconViewBinder( 2175): Updating device entry icon image state ForegroundIconViewModel(type=FINGERPRINT, useAodVariant=true, tint=-1, padding=51)
I/BatchScanningManager( 2764): (REDACTED) Starting batch scanner in %d seconds.
D/usf_sensor_hal(  992): accelerometer: Enter Activate. Enable = 0.
D/AOC     ( 1205): A3:MSG: usf_sensor.cc, 1881: USF: Received stop sampling request for LSM6DSV Accelerometer (active:3).
D/AOC     ( 1205): A3:MSG: lsm6dsv_device.cc, 732: USF: Lsm6dsvDevice: Sensor 0: Enabled 1, odr_index 5, period_ns 20000000.
D/AOC     ( 1205): A3:MSG: lsm6dsv_fifo.cc, 755: USF: Lsm6dsvFifo: ODR: XL/G/T/TS: 60/0/15/7 WM: 1 Intr: 60.
D/AOC     ( 1205): A3:MSG: lsm6dsv_device.cc, 641: USF: Lsm6dsvDevice: Fifo was disabled for 769206ns.
D/usf_sensor_hal(  992): IMU temperature: Enter Activate. Enable = 0.
D/AOC     ( 1205): A3:MSG: usf_sensor.cc, 1881: USF: Received stop sampling request for LSM6DSV Temperature (active:2).
I/KeyguardTransitionRepository( 2175): FINISHED transition: TransitionStep(from=GONE, to=DOZING, value=1.0, transitionState=FINISHED, ownerName=FromGoneTransitionInteractor(Sleep transition triggered))
D/StatusBar##isHomeStatusBarAllowed( 2175): newValue: false
D/StatusBar##canShowOngoingActivityChips( 2175): newValue: false
D/StatusBar##chips( 2175): newValue: Chips[allowed=false numChips=0]
D/HWUI    ( 2764): --- Failed to create image decoder with message 'unimplemented'
W/BitmapDrawable( 2764): BitmapDrawable created with null Bitmap
W/InputChannel-JNI( 1509): Channel already disposed.
W/AccessibilityWindowsPopulator( 1509): The displayInfo of this displayId (0) called back from the surface flinger is null
D/WindowManager( 1509): setClientSurface Surface(name=VRI-UdfpsControllerOverlay#18022)/@0x8ea5c5e for 79460e3 UdfpsControllerOverlay
I/Surface ( 2175): Creating surface for consumer unnamed-2175-1420 with slotExpansion=1 for 64 slots
I/Surface ( 2175): Creating surface for consumer VRI[UdfpsControllerOverlay]#1315(BLAST Consumer)1315 with slotExpansion=1 for 64 slots
W/AccessibilityWindowsPopulator( 1509): The displayInfo of this displayId (0) called back from the surface flinger is null
W/TypefaceCache( 2175): MISS: CacheKey(res=FontSpec(source=AssetFontSource(file=google_sans_flex.ttf), variations=FontVariations(lockscreen='wght' 1000, 'wdth' 108, 'opsz' 90, doze='wght' 878, 'wdth' 100, 'opsz' 144, chargeLockscreen='wght' 878, 'wdth' 100, 'opsz' 144, chargeDoze='wght' 1000, 'wdth' 108, 'opsz' 90, fidget='wght' 1000, 'wdth' 108, 'opsz' 90)), fvar='wght' 878, 'wdth' 100, 'opsz' 144); Total: 87
D/HWUI    ( 2764): --- Failed to create image decoder with message 'unimplemented'
W/BitmapDrawable( 2764): BitmapDrawable created with null Bitmap
D/GRIL-S  ( 2315): [1681]< UPDATE_SCONE_INFO 
D/HWUI    ( 2764): --- Failed to create image decoder with message 'unimplemented'
W/BitmapDrawable( 2764): BitmapDrawable created with null Bitmap
W/AccessibilityWindowsPopulator( 1509): The displayInfo of this displayId (0) called back from the surface flinger is null
D/UdfpsTouchOverlayBinder( 2175): [com.android.systemui.biometrics.ui.view.UdfpsTouchOverlay{fb49dc0 V.E...... ........ 0,0-1080,2400 #7f0a09d8 app:id/udfps_touch_overlay}]: update shouldHandleTouches=true
I/FingerprintSession( 1560): setIgnoreDisplayTouches 0
D/FingerprintProvider/default( 1509): setIgnoreDisplayTouches set to false
I/FingerprintSession( 1560): onContextChanged
I/KeyboardActiveSessionStreamManager( 4246): KeyboardActiveSessionStreamManager.closeStream():110 Closing stream. [SDG]
I/Interaction( 4246): Interaction$KeyboardEventStreamObserver.onCompleted():141 Interaction#300 completed by the client [SD]
I/Interaction( 4246): Interaction.shutdownAndForget():92 Shutting down Interaction#300 [SD]
I/KeyboardActiveSessionStreamManager( 4246): KeyboardActiveSessionStreamManager$AssistantEventObserver.onCompleted():240 Assistant event stream completed. [SDG]
I/InteractionManager( 4246): InteractionManager.forgetInteraction$<anonymous>():50 Forgetting Interaction#300 [SD]
I/AiAiEcho( 4286): (REDACTED) #postPredictionTargets: Sending updates to UISurface %s with targets# %s (types=[%s])
W/AccessibilityWindowsPopulator( 1509): The displayInfo of this displayId (0) called back from the surface flinger is null
I/NearbySharing( 2764): Stopping scanning because the screen is locked and no background sync is active.
I/NearbySharing( 2764): Stopping Fast Init advertisement because we're not scanning in the foreground.
I/NearbySharing( 2764): Failed to advertise because we're already advertising with mode SCREEN_OFF, certificate visibility SELF_SHARE data usage preference ONLINE, and bt advertising false with vendorId 0
I/NearbySharing( 2764): Stopping FastInitiation scanning because the screen is locked.
I/NearbySharing( 2764): Fast Initiation Scanning has stopped
I/NearbySharing( 2764): Dismissing HUN as there's no device nearby.
I/AiAiEcho( 4286): (REDACTED) #postPredictionTargets: Sending updates to UISurface %s with targets# %s (types=[%s])
W/AccessibilityManagerService( 1509):  wait for adding window timeout: 1258
I/adbd    ( 1256): adbd service requested 'shell,v2,TERM=dumb:export ANDROID_LOG_TAGS="''"; exec logcat '-d' '-v' 'brief''
V/WindowManagerShell( 2175): Transition requested (#2041): android.os.BinderProxy@de96333 TransitionRequestInfo { type = SLEEP, triggerTask = null, pipChange = null, remoteTransitionInfo = null, displayChanges = null, requestedLocation = null, userChange = null, windowingLayerChange = null, fullscreenRequestChange = null, flags = 0, debugId = 2041 }
V/WindowManagerShell( 2175): onTransitionReady(transaction=6481105855145)
V/WindowManager( 1509): Sent Transition (#2041) createdAt=09-04 19:40:36.095 via request=TransitionRequestInfo { type = SLEEP, triggerTask = null, pipChange = null, remoteTransitionInfo = null, displayChanges = null, requestedLocation = null, userChange = null, windowingLayerChange = null, fullscreenRequestChange = null, flags = 0, debugId = 2041 }
V/WindowManager( 1509):     startWCT=null
V/WindowManager( 1509):     info={id=2041 t=SLEEP f=0x0 trk=0 r=[] c=[]}
W/Transition( 1509): Transition already started id=2041 state=2
V/WindowManagerShell( 2175): onTransitionReady (#2041) android.os.BinderProxy@de96333: {id=2041 t=SLEEP f=0x0 trk=0 r=[] c=[]}
V/WindowManagerShell( 2175): FocusTransitionObserver: Updating focus state for transition #2041
V/WindowManagerShell( 2175): No transition roots in (#2041) android.os.BinderProxy@de96333@0 so abort
V/WindowManagerShell( 2175): Transition animation finished (aborted=true), notifying core (#2041) android.os.BinderProxy@de96333@0
V/WindowManager( 1509): Finish Transition (#2041): created at 09-04 19:40:36.095 collect-started=0.251ms request-sent=0.616ms started=1.671ms ready=1.629ms sent=2.595ms finished=18.461ms
V/WindowManagerShell( 2175): Track 0 became idle
V/WindowManagerShell( 2175): All active transition animations finished
D/AOC     ( 1205): A3:MSG: usf_vsc_log.cc, 69: VSC: [QuickPickup] MD enabled.
D/AOC     ( 1205): A3:MSG: usf_sensor.cc, 1881: USF: Received stop sampling request for LSM6DSV Accelerometer (active:2).
D/AOC     ( 1205): A3:MSG: lsm6dsv_device.cc, 732: USF: Lsm6dsvDevice: Sensor 0: Enabled 1, odr_index 5, period_ns 20000000.
D/AOC     ( 1205): A3:MSG: lsm6dsv_fifo.cc, 755: USF: Lsm6dsvFifo: ODR: XL/G/T/TS: 60/0/15/7 WM: 7 Intr: 12.
D/AOC     ( 1205): A3:MSG: lsm6dsv_device.cc, 641: USF: Lsm6dsvDevice: Fifo was disabled for 1326417ns.
D/AOC     ( 1205): A3:MSG: usf_vsc_log.cc, 69: VSC: [QuickPickup] Accelerometer disabled.
D/AOC     ( 1205): A3:MSG: usf_vsc_log.cc, 69: VSC: [QuickPickup] SD disabled.
I/MR2ServiceImpl( 1509): Updating composite discovery preference | preference: RouteDiscoveryRequest{ preferredFeatures={}, activeScan=false }, active routers: []
I/adbd    ( 1256): adbd service requested 'shell,v2,TERM=dumb:export ANDROID_LOG_TAGS="''"; exec logcat '-d' '-v' 'brief''
D/AOC     ( 1205): A3:MSG: usf_touch_device.cc, 640: gtd: OnProcessSingleTapEvent: receive a single tap event
D/AOC     ( 1205): A3:MSG: usf_touch_device.cc, 220: gtd: Host disables sensor, type: 1.
D/AOC     ( 1205): A3:MSG: vsc_sensor.cc, 68: VSC: [Proximity Gated Single Tap Gesture] disable.
D/AOC     ( 1205): A3:MSG: usf_touch_device.cc, 593: gtd: Bus: 1, Host: 0; Enabled: 1.
D/AOC     ( 1205): A3:MSG: usf_vsc_log.cc, 69: VSC: gti: [STTW] sensor disabled
D/AOC     ( 1205): A3:MSG: gtx_hw.cc, 336: UTD-GTX: Enter deep sleep mode
D/AOC     ( 1205): A3:MSG: usf_touch_device.cc, 418: gtd: Device is disabled.
I/PowerGroup( 1509): Waking up power group from Dozing (groupId=0, uid=10244, reason=WAKE_REASON_TAP, details=com.android.systemui:NODOZE tap)...
I/PowerGroup( 1509): dreamManagerAttemptedDozing status changed to false for group 0
I/PowerManagerService( 1509): Waking up from Dozing (uid=10244, reason=WAKE_REASON_TAP, details=com.android.systemui:NODOZE tap)...
D/KeyguardViewMediator( 2175): KeyguardViewMediator queue processing message: NOTIFY_STARTED_WAKING_UP
D/FingerprintManager( 2175): Cancel fingerprint authentication requested for: 92
D/BiometricScheduler( 1509): cancelAuthenticationOrDetection, requestId: 92
I/DisplayPowerController[0]( 1509): Blocking screen on until initial contents have been drawn.
D/BiometricScheduler( 1509): Cancelling auth/detect op: {[334] com.android.server.biometrics.sensors.fingerprint.aidl.FingerprintAuthenticationClient, proto=3, owner=com.android.systemui, cookie=0, requestId=92, userId=0}, State: 2
D/BiometricSchedulerOperation( 1509): [Cancelling] Current client: {[334] com.android.server.biometrics.sensors.fingerprint.aidl.FingerprintAuthenticationClient, proto=3, owner=com.android.systemui, cookie=0, requestId=92, userId=0}
D/WindowManager( 1509): Remove SleepToken: tag=Display-off, displayId=0
I/FingerprintCancellationSignal( 1560): cancel
D/FingerprintHal( 1560): fingerprint cancel
D/DeviceEntryIconViewBinder( 2175): Updating device entry icon image state ForegroundIconViewModel(type=LOCK, useAodVariant=true, tint=-1, padding=51)
D/BiometricStatusRepositoryImpl( 2175): authenticationState updated: Stopped(biometricSourceType=FINGERPRINT, requestReason=NotRunning)
W/UdfpsDisplayMode( 2175): disable | already disabled
D/UdfpsControllerOverlay( 2175): hideUdfpsControllerOverlay wasShowing=true
W/UdfpsDisplayMode( 2175): disable | already disabled
I/DisplayPowerController( 1509): Window Manager Policy screenTurningOn complete
D/FpStateTracker( 1560): UpdateState: state_:0x0
D/FingerState( 1560): Set: ignore redundant finger up
D/usf_sensor_hal(  992): ambient light: Enter Activate. Enable = 0.
I/MR2ServiceImpl( 1509): Updating composite discovery preference | preference: RouteDiscoveryRequest{ preferredFeatures={}, activeScan=false }, active routers: []
D/AOC     ( 1205): A3:MSG: usf_sensor.cc, 1881: USF: Received stop sampling request for TMD3719 Ambient Light (active:1).
D/UdfpsTouchOverlayBinder( 2175): [com.android.systemui.biometrics.ui.view.UdfpsTouchOverlay{fb49dc0 V.E...... ........ 0,0-1080,2400 #7f0a09d8 app:id/udfps_touch_overlay}-detached]: update shouldHandleTouches=false
E/[GF_HAL][FingerprintCore]( 1560): [notifyErrorInfo] err code : 5.
E/FingerprintHal( 1560): [notify] data.error:5, onError(5, 0)
D/WindowOnBackDispatcher( 2175): setTopOnBackInvokedCallback (unwrapped): com.android.systemui.back.domain.interactor.BackActionInteractor$callback$2@4c4ea61
D/CoreBackPreview( 1509): Window{2ca8366 u0 NotificationShade}: Setting back callback OnBackInvokedCallbackInfo{mCallback=android.window.IOnBackInvokedCallback$Stub$Proxy@a9aad1, mPriority=0, mIsAnimationCallback=false, mOverrideBehavior=0}
D/usf_sensor_hal(  992): auto brightness: Enter Batch. Period = 250000000, latency = 0.
D/usf_sensor_hal(  992): auto brightness: Enter Activate. Enable = 1.
D/SbStateController( 2175): setState: requested state SHADE!= upcomingState: KEYGUARD. This usually means the status bar state transition was interrupted before the upcoming state could be applied.
D/KeyguardViewMediator( 2175): updateActivityLockScreenState(false, false, setDozing)
I/FingerprintSession( 1560): setIgnoreDisplayTouches 1
D/FingerprintProvider/default( 1509): setIgnoreDisplayTouches set to true
E/NotifRow( 2175): Magnetic state changed from IDLE to IDLE on a null swiped listener, or the logging key of the listener is null
D/WindowManager( 1509): Remove SleepToken: tag=keyguard, displayId=0
W/BcSmartspaceView( 2175): Current card is not present in the Adapter; cannot log.
I/AuthenticationPolicyService( 1509): AuthenticationStateListener#onAuthenticationError
D/ActivityTaskManager( 1509): Top Process State changed to PROCESS_STATE_TOP
D/AcquisitionClient( 1509): onErrorInternal code: 5, finish: true
D/AOC     ( 1205): A3:MSG: usf_sensor.cc, 1866: USF: Received start sampling request for Auto Brightness (active:1).
D/AOC     ( 1205): A3:MSG: vsc_sensor.cc, 37: VSC: [Auto Brightness] enable: period 1000000000, latency = 0
D/AOC     ( 1205): A3:MSG: usf_sensor.cc, 1866: USF: Received start sampling request for TMD3719 Ambient Light (active:2).
D/BiometricLogger( 1509): Error! Modality: fingerprint, latency: -1
W/BiometricFrameworkStatsLogger( 1509): found a negative latency : -1
D/InsetsController( 2175): Setting requestedVisibleTypes to 503 (was 501)
V/WindowManagerShell( 2175): Transition requested (#2042): android.os.BinderProxy@9f4dbfa TransitionRequestInfo { type = WAKE, triggerTask = null, pipChange = null, remoteTransitionInfo = null, displayChanges = null, requestedLocation = null, userChange = null, windowingLayerChange = null, fullscreenRequestChange = null, flags = 0, debugId = 2042 }
W/DisconnectHandler( 2175): No disconnect change found in the transition, not handling request.
V/ShellDesktopMode( 2175): DesktopTasksController: skipping handleRequest reason=triggerTask is null
D/DLIndicator( 2175): onDozingChanged(false)
D/DLIndicator( 2175): updateVisibility(), mDozing=false, mDocking=false, mTopIconShowing=false, mViewAttached=true
I/SHANNON_IMS( 2398): 9121 [PROX] onReceive: intent= [Intent { act=android.intent.action.SCREEN_ON flg=0x50200010 }] (ConnectivityBroadcastReceiver%onReceive:91)
D/ContextualAwarenessService( 2309): Before dispatching ACTION_SCREEN_ON onReceive work to background
D/BiometricStateCallback( 1509): Client finished, state updated to 0, client {[334] com.android.server.biometrics.sensors.fingerprint.aidl.FingerprintAuthenticationClient, proto=3, owner=com.android.systemui, cookie=0, requestId=92, userId=0}
D/ContextualAwarenessService( 2309): After dispatching ACTION_SCREEN_ON onReceive work to background
D/AOC     ( 1205): A3:MSG: usf_vsc_log.cc, 69: VSC: [Auto Brightness] Configured instance at 0x781b76a0, front-als:1 rear-als:0 rls:0
D/ContextualAwarenessService( 2309): Before ACTION_SCREEN_ON onReceive work
D/ContextualAwarenessService( 2309): After ACTION_SCREEN_ON onReceive work
D/DLIndicator( 2175): onStateChanged(0)
D/DLIndicator( 2175): updateVisibility(), mDozing=false, mDocking=false, mTopIconShowing=false, mViewAttached=true
E/NotifRow( 2175): Magnetic state changed from IDLE to IDLE on a null swiped listener, or the logging key of the listener is null
D/NfcService( 2395): applyScreenState: screenState = ON_UNLOCKED
D/NfcService( 2395): applyScreenState: screenState != mScreenState=1
D/NfcService( 2395): handleMessage: MSG_APPLY_SCREEN_STATE ON_UNLOCKED
D/NfcService( 2395): applyRouting
D/NfcService( 2395): applyRouting: Discovery configuration equal, not updating
D/libnfc_nci( 2395): nfcManager_doSetScreenState: state = 8 sPrevScreenStateMask= 1, screen_state_mask= 24
D/BiometricSchedulerOperation( 1509): [Finished / destroy]: {[334] com.android.server.biometrics.sensors.fingerprint.aidl.FingerprintAuthenticationClient, proto=3, owner=com.android.systemui, cookie=0, requestId=92, userId=0}
D/BiometricScheduler( 1509): [Finishing] {[334] com.android.server.biometrics.sensors.fingerprint.aidl.FingerprintAuthenticationClient, proto=3, owner=com.android.systemui, cookie=0, requestId=92, userId=0}, success: false
D/GestureAvailabilityTracker( 1509): Notifying gesture availability, active=true
D/BiometricScheduler( 1509): No operations, returning to idle
D/BiometricStatusRepositoryImpl( 2175): authenticationState updated: Error(biometricSourceType=FINGERPRINT, errString=指紋認証操作がキャンセルされました, errCode=5, requestReason=DeviceEntryAuthentication)
D/BiometricStatusRepositoryImpl( 2175): authenticationState updated: Stopped(biometricSourceType=FINGERPRINT, requestReason=NotRunning)
D/usf_sensor_hal(  992): binned brightness: Enter Activate. Enable = 0.
D/ShellSplitScreen( 2175): onStartedWakingUp
D/ViewRootImpl(17230): Skipping stats log for color mode
D/AOC     ( 1205): A3:MSG: usf_sensor.cc, 1881: USF: Received stop sampling request for Binned Brightness (active:0).
D/AOC     ( 1205): A3:MSG: vsc_sensor.cc, 68: VSC: [Binned Brightness] disable.
I/AiAiEcho( 4286): (REDACTED) Settings changed for uri: %s
I/DisplayBrightnessStrategySelector( 1509): Changing the DisplayBrightnessStrategy from ScreenOffBrightnessStrategy to AutoBrightnessFallbackStrategy for display 0
I/AiAiEcho( 4286): (REDACTED) #postPredictionTargets: Sending updates to UISurface %s with targets# %s (types=[%s])
I/AiAiEcho( 4286): (REDACTED) #postPredictionTargets: Sending updates to UISurface %s with targets# %s (types=[%s])
D/AOC     ( 1205): A3:MSG: usf_sensor.cc, 1881: USF: Received stop sampling request for TMD3719 Ambient Light (active:1).
V/DisplayPowerController[0]( 1509): Brightness [0.018075338] reason changing to: 'screen_off_brightness_sensor', previous reason: 'screen_off'.
I/DisplayPowerController[0]( 1509): BrightnessEvent: brt=0.018075338(31.0%), nits=27.306765, lux=-1.0, reason=screen_off_brightness_sensor, strat=AutoBrightnessFallbackStrategy, state=ON, stateReason=DEFAULT_POLICY, policy=BRIGHT, flags=, initBrt=0.0, rcmdBrt=NaN, preBrt=NaN, preLux=0.0, wasShortTermModelActive=false, autoBrightness=true (default), unclampedBrt=0.018075338, hbmMax=0.57, hbmMode=off, thrmMax=1.0, rbcStrength=50, powerFactor=1.0, physDisp=内蔵スクリーン(local:4619827677550801152), logicalId=0, slowChange=false, rampSpeed=0.0, colorTemp=NaN, thermalStatus=none
D/usf_sensor_hal(  992): accelerometer: Enter Batch. Period = 200000000, latency = 2000000000.
D/usf_sensor_hal(  992): IMU temperature: Enter Batch. Period = 533334000, latency = 2000000000.
D/SurfaceFlinger(  552): Setting power mode 2 synchronously for a physical display with token 0xb400007b1a60e490
D/SurfaceFlinger(  552): Setting power mode 2 on physical display 4619827677550801152
D/SurfaceFlinger(  552): setPhysicalDisplayPowerModeAsync: Optimizing thread scheduling: optimizeForPerformance
D/SurfaceFlinger(  552): Disabling synthetic vsync
D/hwc-display(  554): setPowerMode:: FBIOBLANK mode(2), blank(0)
D/hwc-display(  554): [PrimaryDisplay] OperationRateManager::onPowerMode:mode=On
I/hwc-display(  554): [PrimaryDisplay] OperationRateManager::updateOperationRateLocked:Target@60(desired:60) | Refresh@60(peak:60), Battery:OK, DBV:532(NsMin:0)
I/hwc-display(  554): processOperationRate: store operation rate 60
I/hwc-display(  554): path=drm, id=0, level=0, nits=0.000000, brightness=-1.000000, DimmingOn=1, Hbm=0, LhbmOn=0, OpRate=60
D/hwc-display(  554): [PrimaryDisplay] OperationRateManager::onConfig:rate=60
I/hwc-display(  554): [PrimaryDisplay] OperationRateManager::updateOperationRateLocked:Target@60(desired:60) | Refresh@60(peak:60), Battery:OK, DBV:532(NsMin:0)
D/usf_sensor_hal(  992): accelerometer: Enter Flush
I/AmbientCueRepository( 2175): Receiving SmartSpace targets # 0
I/AiAiEcho( 4286): (REDACTED) #postPredictionTargets: Sending updates to UISurface %s with targets# %s (types=[%s])
I/AiAiEcho( 4286): (REDACTED) #postPredictionTargets: Sending updates to UISurface %s with targets# %s (types=[%s])
I/AppSlicerService( 2309): Received Screen On intent
E/usf_sensor_hal(  992): accelerometer: Requested flush on inactive sensor.
I/sensor-suez(  992): Reporting HAL call [4] error [-22] on sensor [0x00000001].
D/WindowManager( 1509): setClientSurface Surface(name=VRI-com.termux/com.termux.app.TermuxActivity#18023)/@0x33bd28 for 635cd0b com.termux/com.termux.app.TermuxActivity
I/Surface (17230): Creating surface for consumer unnamed-17230-208 with slotExpansion=1 for 64 slots
I/Surface (17230): Creating surface for consumer VRI[TermuxActivity]#208(BLAST Consumer)208 with slotExpansion=1 for 64 slots
W/NotifRow( 2175): cancelAppearDrawing childKey: 0|io.heckel.ntfy|372057410|null|10368 wasDrawing:false
W/NotifRow( 2175): cancelAppearDrawing childKey: 0|io.heckel.ntfy|2085890925|null|10368 wasDrawing:false
D/libnfc_nci( 2395): nfaDeviceManagementCallback: enter; event=0xB
D/libnfc_nci( 2395): nfaDeviceManagementCallback: NFA_DM_SET_POWER_SUB_STATE_EVT; status=0x0
W/NotifRow( 2175): cancelAppearDrawing childKey: 0|io.heckel.ntfy|1193970361|null|10368 wasDrawing:false
D/libnfc_nci( 2395): nfcManager_doSetScreenState: discovry_param = 0x01
D/libnfc_nci( 2395): nfcManager_doSetScreenState: wait for gNfaSetConfigEvent
W/NotifRow( 2175): cancelAppearDrawing childKey: 0|io.heckel.ntfy|1535175406|null|10368 wasDrawing:false
W/AccessibilityWindowsPopulator( 1509): The displayInfo of this displayId (0) called back from the surface flinger is null
W/NotifRow( 2175): cancelAppearDrawing childKey: 0|io.heckel.ntfy|1945501294|null|10368 wasDrawing:false
W/NotifRow( 2175): cancelAppearDrawing childKey: 0|io.heckel.ntfy|36704523|null|10368 wasDrawing:false
W/NotifRow( 2175): cancelAppearDrawing childKey: 0|io.heckel.ntfy|729530607|null|10368 wasDrawing:false
D/usf_sensor_hal(  992): accelerometer: Enter Activate. Enable = 1.
D/MediaCodecList(17230): codecHandlesFormat: no format, so no extra checks
W/NotifRow( 2175): cancelAppearDrawing childKey: 0|io.heckel.ntfy|1559130856|null|10368 wasDrawing:false
I/MediaCodec(17230): Retry enabled for HDCP failure
W/NotifRow( 2175): cancelAppearDrawing childKey: 0|io.heckel.ntfy|451587122|null|10368 wasDrawing:false
D/AOC     ( 1205): A3:MSG: usf_sensor.cc, 1866: USF: Received start sampling request for LSM6DSV Accelerometer (active:3).
W/com.termux(17230): Failed to query component store for system resources: 6
D/CCodec  (17230): allocate(c2.android.vorbis.decoder)
D/usf_sensor_hal(  992): IMU temperature: Enter Activate. Enable = 1.
I/CCodec  (17230): setting up 'default' as default (vendor) store
D/AOC     ( 1205): A3:MSG: usf_sensor.cc, 1866: USF: Received start sampling request for LSM6DSV Temperature (active:3).
W/AccessibilityWindowsPopulator( 1509): The displayInfo of this displayId (0) called back from the surface flinger is null
D/libnfc_nci( 2395): nfaDeviceManagementCallback: enter; event=0x2
D/libnfc_nci( 2395): nfaDeviceManagementCallback: NFA_DM_SET_CONFIG_EVT
D/AidlBufferPool( 1188): bufferpool2 0xb40000789dfd5888 : 0(0 size) total buffers - 0(0 size) used buffers - 0/0 (recycle/alloc) - 0/0 (fetch/transfer)
D/AidlBufferPool( 1188): bufferpool2 0xb40000789dfd7b38 : 0(0 size) total buffers - 0(0 size) used buffers - 0/3 (recycle/alloc) - 2/2 (fetch/transfer)
I/libbinder.BpBinder( 1188): onLastStrongRef automatically unlinking death recipients for binder (0xb40000770dfe14d0) with descriptor: 'android.hardware.media.bufferpool2.IAccessor'
D/SystemEventDataSource( 2175): onReceive: intentAction
I/DisplayDeviceRepository( 1509): Display device changed state: "内蔵スクリーン", ON
D/BrightnessThermalClamper( 1509): Thermal status observer already started
D/SystemEventDataSource( 2175): updatedEventData: SystemEventData(intentAction=android.intent.action.SCREEN_ON, plugged=EventData(value=0), batteryScale=EventData(value=100), batteryLevel=EventData(value=21), chargingStatus=EventData(value=1), maxChargingCurrent=EventData(value=0), maxChargingVoltage=EventData(value=0), batteryStatus=EventData(value=3), halEventData=HalEventData(dockDefendStatus=EventData(value=-3), tempDefendEventData=EventData(value=false), dwellDefendEventData=EventData(value=false)), settingsEventData=SettingsEventData(dockDefenderBypass=EventData(value=0), chargingLimitSettings=EventData(value=0), dndState=EventData(value=false), airplaneState=EventData(value=false)), frameworkApiEventData=FrameworkApiEventData(batterySaverState=EventData(value=false), extremeBatterySaverState=EventData(value=false)))
D/ChargingLimitEventModule( 2175): validate()=false, chargingStatus=1
D/DwellDefendBatteryModule( 2175): validate: false -> false
D/TempDefendBatteryModule( 2175): validate: false -> false
I/DisplayDevice( 1509): [0] Layerstack set to 0 for local:4619827677550801152
D/BatteryEventService( 2175): collect BatteryEvents: BatteryEvents(eventTypes=[NOT_CHARGING, SCREEN_ON], batteryLevel=21, pluggedType=0)
D/BatteryEventService( 2175): notifyForBatteryEventsUpdate: BatteryEvents(eventTypes=[NOT_CHARGING, SCREEN_ON], batteryLevel=21, pluggedType=0)
D/BatteryEventService( 2175): AIDL callback listeners count: 1
D/BatteryEventService( 2175): notify AIDL callback to null, cost: 0 ms
I/BatteryEventService( 2175): notify all AIDL callbacks, cost: 0 ms
D/BatteryEventService( 2175): BatteryEventsListener (broadcast) count: 1
D/BatteryEventService( 2175): broadcastIntent(uid:0): Intent { act=com.google.android.battery_event.BATTERY_EVENTS_UPDATE cmp=com.google.android.apps.turbo/.batteryevent.BatteryEventUpdateReceiver (has extras) }, events:[NOT_CHARGING, SCREEN_ON]
I/libbinder.BpBinder(  552): onLastStrongRef automatically unlinking death recipients for binder (0xb400007cca5e25a0) with descriptor: '(not cached)'
I/MR2ServiceImpl( 1509): Updating composite discovery preference | preference: RouteDiscoveryRequest{ preferredFeatures={}, activeScan=false }, active routers: []
D/ScreenOnOffBR( 2309): Screen on
I/BatteryEventService( 2175): notify all broadcast intent, cost: 1 ms
D/BatteryEventService( 2175): AIDL data callback listeners count: 0
I/KeyguardTransitionRepository( 2175): STARTED transition: TransitionStep(from=DOZING, to=GONE, value=0.0, transitionState=STARTED, ownerName=FromDozingTransitionInteractor(canDismissLockscreen()))
D/AidlBufferPool(17230): bufferpool2 0x7951123bd8 : 0(0 size) total buffers - 0(0 size) used buffers - 2/7 (recycle/alloc) - 5/24 (fetch/transfer)
D/AidlBufferPool(17230): Destruction - bufferpool2 0x7951123bd8 cached: 0/0M, 0/0% in use; allocs: 7, 29% recycled; transfers: 24, 79% unfetched
D/KeyguardWakeDirectlyToGoneInteractor( 2175): can not ignore auth and return to gone - because of waking
W/AccessibilityWindowsPopulator( 1509): The displayInfo of this displayId (0) called back from the surface flinger is null
W/com.termux(17230): AIBinder_linkToDeath is being called with a non-null cookie and no onUnlink callback set. Use AIBinder_DeathRecipient_setOnUnlinked to manage the lifetime of the cookie. This will become an abort.
I/CCodec  (17230): Created component [c2.android.vorbis.decoder] for [c2.android.vorbis.decoder]
D/CCodecConfig(17230): read media type: audio/vorbis
D/ReflectedParamUpdater(17230): extent() != 1 for single value type: algo.buffers.max-count.values
D/ReflectedParamUpdater(17230): extent() != 1 for single value type: output.subscribed-indices.values
D/ReflectedParamUpdater(17230): extent() != 1 for single value type: input.buffers.allocator-ids.values
D/ReflectedParamUpdater(17230): extent() != 1 for single value type: output.buffers.allocator-ids.values
D/AOC     ( 1205): CHRE: DRAM vote count begins
D/AOC     ( 1205): CHRE: DRAM vote count ends: 0 ms
D/ReflectedParamUpdater(17230): extent() != 1 for single value type: algo.buffers.allocator-ids.values
D/ReflectedParamUpdater(17230): extent() != 1 for single value type: output.buffers.pool-ids.values
D/ReflectedParamUpdater(17230): extent() != 1 for single value type: algo.buffers.pool-ids.values
I/CCodecConfig(17230): query failed after returning 8 values (BAD_INDEX)
D/CCodecConfig(17230): c2 config diff is Dict {
D/CCodecConfig(17230):   c2::u32 coded.bitrate.value = 64000
D/CCodecConfig(17230):   c2::u32 input.buffers.max-size.value = 32768
D/CCodecConfig(17230):   c2::u32 input.delay.value = 0
D/CCodecConfig(17230):   string input.media-type.value = "audio/vorbis"
D/CCodecConfig(17230):   c2::u32 output.large-frame.max-size = 0
D/CCodecConfig(17230):   c2::u32 output.large-frame.threshold-size = 0
D/CCodecConfig(17230):   string output.media-type.value = "audio/raw"
D/CCodecConfig(17230):   c2::u32 raw.channel-count.value = 1
D/CCodecConfig(17230):   c2::u32 raw.sample-rate.value = 48000
D/CCodecConfig(17230): }
I/PixelDisplayManager( 2404): onDisplayChanged(内蔵スクリーン, 0, local:4619827677550801152): screenOn=true, hbmMode=0, br=0.018075338, product=DeviceProductInfo{name=Common Panel, manufacturerPnpId=GGL, productId=0, modelYear=null, manufactureDate=ManufactureDate{week=1, year=1990}, connectionToSinkType=1, edidStructureMetadata=EdidStructureMetadata{version=0, revision=0}, videoInputType=0}
D/WindowOnBackDispatcher( 2175): setTopOnBackInvokedCallback (unwrapped): null
D/usf_sensor_hal(  992): accelerometer: Enter Batch. Period = 200000000, latency = 0.
D/AOC     ( 1205): A3:MSG: usf_sensor.cc, 2512: USF: Received reconfig sampling request for LSM6DSV Accelerometer.
D/usf_sensor_hal(  992): IMU temperature: Enter Batch. Period = 533334000, latency = 0.
I/MediaCodec(17230): media_quality service unavailable, skipping updatePictureProfile
D/CHRE.HAL(  967): Received a nanoapp message from 0x476f6f676c001011 endpoint 0xd: Type 0x3 size 0 
D/AOC     ( 1205): A3:MSG: usf_sensor.cc, 2512: USF: Received reconfig sampling request for LSM6DSV Temperature.
D/CHRE    (  967): @ 72736.919: Parsed nanoapp message from host: app ID 0x476f6f676c001011 endpoint 0xd msgType 8 payload size 1
V/WindowManager( 1509): Sent Transition (#2042) createdAt=09-04 19:40:37.016 via request=TransitionRequestInfo { type = WAKE, triggerTask = null, pipChange = null, remoteTransitionInfo = null, displayChanges = null, requestedLocation = null, userChange = null, windowingLayerChange = null, fullscreenRequestChange = null, flags = 0, debugId = 2042 }
V/WindowManager( 1509):     startWCT=WindowContainerTransaction { changes= {} hops= [] flags= 0 errorCallbackToken=null taskFragmentOrganizer=null }
W/AlarmManager( 1509): Unrecognized alarm listener com.android.server.DeviceIdleController$$ExternalSyntheticLambda1@ab628a8
V/WindowManager( 1509):     info={id=2042 t=WAKE f=0x0 trk=0 r=[0@Point(0, 0)] c=[
V/WindowManager( 1509):         {WCT{RemoteToken{f271e91 Task{2ae2b21 #5271 type=standard A=10427:com.termux}}} m=TO_FRONT f=FLAG_CHANGED_INTERACTIVE p=WCT{RemoteToken{7b1e7cc DefaultTaskDisplayArea@40651414}} leash=Surface(name=Task=5271#2190)/@0xa50e71b sb=Rect(0, 0 - 1080, 2400) eb=Rect(0, 0 - 1080, 2400) epz=Point(1080, 2400) d=0 taskParent=-1 winMode=1 userId=0},
V/WindowManager( 1509):         {WCT{RemoteToken{7b1e7cc DefaultTaskDisplayArea@40651414}} m=TO_FRONT f=FLAG_IS_TASK_DISPLAY_AREA leash=Surface(name=DefaultTaskDisplayArea#9)/@0xf09e9d2 sb=Rect(0, 0 - 1080, 2400) eb=Rect(0, 0 - 1080, 2400) epz=Point(1080, 2400) d=0}
V/WindowManager( 1509):     ]}
D/AOC     ( 1205): A3:MSG: lsm6dsv_device.cc, 732: USF: Lsm6dsvDevice: Sensor 2: Enabled 1, odr_index 3, period_ns 66666666.
D/usf_sensor_hal(  992): accelerometer: Enter Flush
I/BrightnessSynchronizer( 1509): [1085] New Update 0.018075338(f) set brightness values:  6(i)
I/InputManager-JNI( 1509): Viewport [0] to add: local:4619827677550801152, isActive: true
I/InputReader( 1509): Reconfiguring input devices, changes=DISPLAY_INFO
I/InputReader( 1509): Device reconfigured: id=4, name='goodix_ts0', size 1080x2400, orientation Rotation0, mode DIRECT, display id 0
D/usf_sensor_hal(  992): gyroscope: Enter Batch. Period = 200000000, latency = 0.
D/usf_sensor_hal(  992): IMU temperature: Enter Batch. Period = 533334000, latency = 0.
D/CoreBackPreview( 1509): Window{2ca8366 u0 NotificationShade}: Setting back callback null
D/usf_sensor_hal(  992): gyroscope: Enter Flush
E/usf_sensor_hal(  992): gyroscope: Requested flush on inactive sensor.
I/sensor-suez(  992): Reporting HAL call [4] error [-22] on sensor [0x00000004].
D/usf_sensor_hal(  992): gyroscope: Enter Activate. Enable = 1.
D/DeviceHalAidl( 1018): [default] setParameters: parameters: "screen_state=on"
D/CCodec  (17230): [c2.android.vorbis.decoder] buffers are bound to CCodec for this session
D/CCodecConfig(17230): no c2 equivalents for durationUs
D/CCodecConfig(17230): no c2 equivalents for track-id
D/CCodecConfig(17230): no c2 equivalents for csd-1
D/CCodecConfig(17230): no c2 equivalents for flags
D/ASvc::Module(  959): updateScreenState: 1
I/AHal::Cs35l41Codec(  959): EnableHibernate on
D/AOC     ( 1205): A3:MSG: lsm6dsv_fifo.cc, 755: USF: Lsm6dsvFifo: ODR: XL/G/T/TS: 60/0/15/7 WM: 7 Intr: 12.
D/AOC     ( 1205): A3:MSG: lsm6dsv_device.cc, 641: USF: Lsm6dsvDevice: Fifo was disabled for 334392ns.
D/AOC     ( 1205): A3:MSG: usf_sensor.cc, 1866: USF: Received start sampling request for LSM6DSV Gyroscope (active:1).
D/AOC     ( 1205): A3:MSG: lsm6dsv_device.cc, 732: USF: Lsm6dsvDevice: Sensor 1: Enabled 1, odr_index 5, period_ns 20000000.
D/AOC     ( 1205): A3:MSG: lsm6dsv_fifo.cc, 755: USF: Lsm6dsvFifo: ODR: XL/G/T/TS: 60/60/15/7 WM: 13 Intr: 11.
D/AOC     ( 1205): A3:MSG: lsm6dsv_device.cc, 641: USF: Lsm6dsvDevice: Fifo was disabled for 631999ns.
D/WindowManager( 1509): DeferredDisplayUpdater: partially applying DisplayInfo(1080 x 2400) immediately
D/WindowManager( 1509): DeferredDisplayUpdater: deferring DisplayInfo(1080 x 2400) update
D/WindowManager( 1509): DeferredDisplayUpdater: applying DisplayInfo(1080 x 2400) after deferring
D/AOC     ( 1205): A3:MSG: usf_sensor.cc, 1866: USF: Received start sampling request for LSM6DSV Accelerometer (active:4).
V/WindowManager( 1509): Aborting Transition: 2043
D/AOC     ( 1205): A3:MSG: usf_sensor.cc, 1866: USF: Received start sampling request for LSM6DSV Gyroscope (active:2).
D/AOC     ( 1205): A3:MSG: usf_sensor.cc, 1866: USF: Received start sampling request for LSM6DSV Temperature (active:5).
D/AOC     ( 1205): A3:MSG: lsm6dsv_device.cc, 732: USF: Lsm6dsvDevice: Sensor 2: Enabled 1, odr_index 3, period_ns 66666666.
D/AOC     ( 1205): A3:MSG: lsm6dsv_fifo.cc, 755: USF: Lsm6dsvFifo: ODR: XL/G/T/TS: 60/60/15/7 WM: 6 Intr: 24.
D/AOC     ( 1205): A3:MSG: lsm6dsv_device.cc, 641: USF: Lsm6dsvDevice: Fifo was disabled for 462158ns.
D/IwlanBroadcastReceiver( 2735): onReceive: android.intent.action.SCREEN_ON
D/IwlanEventListener[0]( 2735): Updating handlers for the event: 14
D/IwlanEventListener[1]( 2735): Updating handlers for the event: 14
D/AOC     ( 1205): A3:MSG: usf_sensor.cc, 1866: USF: Received start sampling request for MMC56X3X Magnetometer (active:2).
D/AOC     ( 1205): A3:MSG: mmc56x3x_device.cc, 409: USF: MMC56X3X0: mmc56x3x_enable_measure odr = 10.
D/IwlanDataService$IwlanDataServiceHandler( 2735): msg.what = SCREEN_ON_EVENT
D/DLObserver( 2175): remove listener: com.android.systemui.dock.DockManagerExtensionsKt$retrieveIsDocked$1$callback$1@a6d858a
D/HighBrightnessModeController( 1509): onAmbientLuxChange: 94.23277/8595.965, IsHighLux: false
I/DisplayPowerController[0]( 1509): Unblocked screen on after 116 ms
D/usf_sensor_hal(  992): magnetometer: Enter Batch. Period = 200000000, latency = 0.
D/DLObserver( 2175): remove listener: com.android.systemui.dock.DockManagerExtensionsKt$retrieveIsDocked$1$callback$1@20e17fb
D/usf_sensor_hal(  992): magnetometer: Enter Activate. Enable = 1.
I/NearbyDiscovery( 2764): (REDACTED) FastPairDisplayObserver: %s -> %s
I/DisplayBrightnessStrategySelector( 1509): Changing the DisplayBrightnessStrategy from AutoBrightnessFallbackStrategy to AutomaticBrightnessStrategy for display 0
V/WindowManagerShell( 2175): onTransitionReady(transaction=6481105855170)
D/DLObserver( 2175): remove listener: com.android.systemui.dock.DockManagerExtensionsKt$retrieveIsDocked$1$callback$1@4538cdf
V/WindowManagerShell( 2175): onTransitionReady (#2042) android.os.BinderProxy@9f4dbfa: {id=2042 t=WAKE f=0x0 trk=0 r=[0@Point(0, 0)] c=[
V/WindowManagerShell( 2175):         {m=TO_FRONT f=FLAG_CHANGED_INTERACTIVE p=WCT{android.os.BinderProxy@d779df9} leash=Surface(name=Task=5271#2190)/@0xeab848c sb=Rect(0, 0 - 1080, 2400) eb=Rect(0, 0 - 1080, 2400) epz=Point(1080, 2400) d=0 taskParent=-1 winMode=1 userId=0},
V/WindowManagerShell( 2175):         {m=TO_FRONT f=FLAG_IS_TASK_DISPLAY_AREA leash=Surface(name=DefaultTaskDisplayArea#9)/@0x1b247d5 sb=Rect(0, 0 - 1080, 2400) eb=Rect(0, 0 - 1080, 2400) epz=Point(1080, 2400) d=0}
V/WindowManagerShell( 2175):     ]}
V/WindowManagerShell( 2175): FocusTransitionObserver: Updating focus state for transition #2042
D/WindowManagerShell( 2175): FocusTransitionObserver: Task id=5271 is already focused on displayId=0. Skip notifying.
V/ShellDesktopMode( 2175): DesktopModeLogger: taskInfo map after processing changes 0
D/ShellDesktopMode( 2175): DesktopTaskChangeListener: onTaskMovingToFront for taskId=5271, displayId=0 - desktop not supported
D/DLObserver( 2175): remove listener: com.android.systemui.dock.DockManagerExtensionsKt$retrieveIsDocked$1$callback$1@ff91d2c
D/IwlanDataService$IwlanDataServiceHandler( 2735): msg.what = SCREEN_ON_EVENT
V/DisplayPowerController[0]( 1509): Brightness [0.049961854] reason changing to: 'automatic', previous reason: 'screen_off_brightness_sensor'.
V/WindowManagerShell( 2175): Playing animation for (#2042) android.os.BinderProxy@9f4dbfa@0
I/DisplayPowerController[0]( 1509): BrightnessEvent: brt=0.049961854(62.0%), nits=71.95589, lux=94.23277, reason=automatic, strat=AutomaticBrightnessStrategy, state=ON, stateReason=DEFAULT_POLICY, policy=BRIGHT, flags=, initBrt=0.018075338, rcmdBrt=0.049961854, preBrt=NaN, preLux=-1.0, lastReadLux=94.23277, wasShortTermModelActive=false, autoBrightness=true (default), unclampedBrt=0.049961854, brtRange=[0.0, 0.35571426], hbmMax=0.57, hbmMode=off, thrmMax=1.0, rbcStrength=50, powerFactor=1.0, physDisp=内蔵スクリーン(local:4619827677550801152), logicalId=0, slowChange=false, rampSpeed=0.7047244, colorTemp=NaN, thermalStatus=none
D/ShellSplitScreen( 2175): startAnimation: transition=2042 isSplitActive=false
V/ShellRecents( 2175): RecentsTransitionHandler.startAnimation: no controller found
V/ShellDesktopMode( 2175): DesktopMixedTransitionHandler: No pending desktop transition
V/WindowManagerShell( 2175): Transition doesn't have explicit remote, search filters for match for {id=2042 t=WAKE f=0x0 trk=0 r=[0@Point(0, 0)] c=[{m=TO_FRONT f=FLAG_CHANGED_INTERACTIVE p=WCT{android.os.BinderProxy@d779df9} leash=Surface(name=Task=5271#2190)/@0xeab848c sb=Rect(0, 0 - 1080, 2400) eb=Rect(0, 0 - 1080, 2400) epz=Point(1080, 2400) d=0 taskParent=-1 winMode=1 userId=0},{m=TO_FRONT f=FLAG_IS_TASK_DISPLAY_AREA leash=Surface(name=DefaultTaskDisplayArea#9)/@0x1b247d5 sb=Rect(0, 0 - 1080, 2400) eb=Rect(0, 0 - 1080, 2400) epz=Point(1080, 2400) d=0}]}
V/WindowManagerShell( 2175):  Checking filter Pair{{types=[] flags=0x0 notFlags=0x0 checks=[{atype=undefined independent=true modes=[CLOSE,TO_BACK] flags=IN_TASK_WITH_EMBEDDED_ACTIVITY mustBeTask=false order=ANY topActivity=null launchCookie=null taskFragmentToken=android.os.BinderProxy@e0cdc9d windowingMode=undefined isCrossDisplayMove=false}]} RemoteTransition { remoteTransition = android.window.IRemoteTransition$Stub$Proxy@51ff512, appThread = android.app.IApplicationThread$Stub$Proxy@93304e3, debugName = overlayBackTransition, filter = {types=[] flags=0x0 notFlags=0x0 checks=[{atype=undefined independent=true modes=[CLOSE,TO_BACK] flags=IN_TASK_WITH_EMBEDDED_ACTIVITY mustBeTask=false order=ANY topActivity=null launchCookie=null taskFragmentToken=android.os.BinderProxy@e0cdc9d windowingMode=undefined isCrossDisplayMove=false}]} }}
D/CCodecConfig(17230): c2 config diff is   c2::u32 coded.bitrate.value = 96000
D/CCodecConfig(17230):   c2::u32 raw.sample-rate.value = 44100
V/WindowManagerShell( 2175):  Checking filter Pair{{types=[] flags=0x0 notFlags=0x0 checks=[{atype=dream independent=true modes=[OPEN,TO_FRONT] flags=NONE mustBeTask=false order=ANY topActivity=null launchCookie=null windowingMode=undefined isCrossDisplayMove=false},{atype=home independent=true modes=[CLOSE,TO_BACK] flags=NONE mustBeTask=false order=ANY topActivity=null launchCookie=null windowingMode=undefined isCrossDisplayMove=false}]} RemoteTransition { remoteTransition = android.window.IRemoteTransition$Stub$Proxy@c86ee0, appThread = android.app.IApplicationThread$Stub$Proxy@85fa599, debugName = LauncherToDream, filter = {types=[] flags=0x0 notFlags=0x0 checks=[{atype=dream independent=true modes=[OPEN,TO_FRONT] flags=NONE mustBeTask=false order=ANY topActivity=null launchCookie=null windowingMode=undefined isCrossDisplayMove=false},{atype=home independent=true modes=[CLOSE,TO_BACK] flags=NONE mustBeTask=false order=ANY topActivity=null launchCookie=null windowingMode=undefined isCrossDisplayMove=false}]} }}
D/DLObserver( 2175): remove listener: com.android.systemui.dock.DockManagerExtensionsKt$retrieveIsDocked$1$callback$1@2e5ef7e
V/WindowManagerShell( 2175):  Checking filter Pair{{types=[] flags=0x0 notFlags=0x0 checks=[{atype=standard independent=false modes=[CHANGE] flags=NONE mustBeTask=true order=ANY topActivity=null launchCookie=null windowingMode=undefined isCrossDisplayMove=true}]} RemoteTransition { remoteTransition = android.window.IRemoteTransition$Stub$Proxy@284505e, appThread = android.app.IApplicationThread$Stub$Proxy@9870c3f, debugName = QuickstepDisplayMove, filter = {types=[] flags=0x0 notFlags=0x0 checks=[{atype=standard independent=false modes=[CHANGE] flags=NONE mustBeTask=true order=ANY topActivity=null launchCookie=null windowingMode=undefined isCrossDisplayMove=true}]} }}
W/usf_sensor_hal(  992): Registry node "/dev/magcc/0" not found.
V/WindowManagerShell( 2175):  Checking filter Pair{{types=[] flags=0x0 notFlags=0x100 checks=[{atype=home independent=true modes=[OPEN,TO_FRONT] flags=NONE mustBeTask=false order=ANY topActivity=ComponentInfo{com.google.android.apps.nexuslauncher/com.google.android.apps.nexuslauncher.NexusLauncherActivity} launchCookie=null windowingMode=undefined isCrossDisplayMove=false},{atype=standard independent=true modes=[CLOSE,TO_BACK] flags=NONE mustBeTask=false order=ANY topActivity=null launchCookie=null windowingMode=undefined isCrossDisplayMove=false},{NOT atype=undefined independent=true modes=[] flags=NONE mustBeTask=true order=ANY topActivity=null launchCookie=null customAnim=true windowingMode=undefined isCrossDisplayMove=false}]} RemoteTransition { remoteTransition = android.window.IRemoteTransition$Stub$Proxy@bf5990c, appThread = android.app.IApplicationThread$Stub$Proxy@77c0255, debugName = QuickstepLaunchHome, filter = {types=[] flags=0x0 notFlags=0x100 checks=[{atype=home independent=true modes=[OPEN,TO_FRONT] flags=NONE mustBeTask=false order=ANY topActivity=ComponentInfo{com.google.android.apps.nexuslauncher/com.google.android.apps.nexuslauncher.NexusLauncherActivity} launchCookie=null windowingMode=undefined isCrossDisplayMove=false},{atype=standard independent=true modes=[CLOSE,TO_BACK] flags=NONE mustBeTask=false order=ANY topActivity=null launchCookie=null windowingMode=undefined isCrossDisplayMove=false},{NOT atype=undefined independent=true modes=[] flags=NONE mustBeTask=true order=ANY topActivity=null launchCookie=null customAnim=true windowingMode=undefined isCrossDisplayMove=false}]} }}
V/WindowManagerShell( 2175):  Checking filter Pair{{types=[OPEN,TO_FRONT] flags=0x0 notFlags=0x0 checks=[{atype=standard independent=true modes=[OPEN,TO_FRONT] flags=NONE mustBeTask=true order=ANY topActivity=null launchCookie=null windowingMode=freeform isCrossDisplayMove=false}]} RemoteTransition { remoteTransition = android.window.IRemoteTransition$Stub$Proxy@b41146a, appThread = null, debugName = DesktopWindowLimitUnminimize, filter = {types=[OPEN,TO_FRONT] flags=0x0 notFlags=0x0 checks=[{atype=standard independent=true modes=[OPEN,TO_FRONT] flags=NONE mustBeTask=true order=ANY topActivity=null launchCookie=null windowingMode=freeform isCrossDisplayMove=false}]} }}
V/WindowManagerShell( 2175):  Delegate animation for (#2042) to null
V/WindowManagerShell( 2175): start default transition animation, info = {id=2042 t=WAKE f=0x0 trk=0 r=[0@Point(0, 0)] c=[{m=TO_FRONT f=FLAG_CHANGED_INTERACTIVE p=WCT{android.os.BinderProxy@d779df9} leash=Surface(name=Task=5271#2190)/@0xeab848c sb=Rect(0, 0 - 1080, 2400) eb=Rect(0, 0 - 1080, 2400) epz=Point(1080, 2400) d=0 taskParent=-1 winMode=1 userId=0},{m=TO_FRONT f=FLAG_IS_TASK_DISPLAY_AREA leash=Surface(name=DefaultTaskDisplayArea#9)/@0x1b247d5 sb=Rect(0, 0 - 1080, 2400) eb=Rect(0, 0 - 1080, 2400) epz=Point(1080, 2400) d=0}]}
D/DLObserver( 2175): remove listener: com.android.systemui.dock.DockManagerExtensionsKt$retrieveIsDocked$1$callback$1@ffd03f5
V/WindowManagerShell( 2175): Transition animation finished (aborted=false), notifying core (#2042) android.os.BinderProxy@9f4dbfa@0
I/BrightnessSynchronizer( 1509): New PendingUpdate: {[1086] 0.049961854(f), mUpdatedTypes=0, mConfirmedTypes=0, mTimeUpdated=0}, prev=null
I/PkModeUpdater( 4246): PkModeUpdater.refreshDevices():206 refreshing devices
D/AOC     ( 1205): A3:MSG: usf_sensor.cc, 1866: USF: Received start sampling request for MMC56X3X Magnetometer (active:2).
D/AOC     ( 1205): A3:MSG: mmc56x3x_device.cc, 409: USF: MMC56X3X0: mmc56x3x_enable_measure odr = 10.
E/AppOps  ( 1509): attributionTag IWLAN not declared in manifest of com.google.android.iwlan
I/bt_shim_scanner( 2277): system/main/shim/le_scanning_manager.cc:150 Scan: in shim layer stopped
W/BtScan.ScanRadioStats( 2277): recordScanRadioStop(caller=configureRegularScanParams): No scan radio to stop
I/bt_shim_scanner( 2277): system/main/shim/le_scanning_manager.cc:315 SetScanParameters: in shim layer, scannerId1m=1, scannerIdCoded=0
I/bt_shim_scanner( 2277): system/main/shim/le_scanning_manager.cc:150 Scan: in shim layer started
I/bluetooth( 2277): system/gd/hci/le_address_manager.cc:269 unregister_client: Client unregistered
I/bluetooth( 2277): system/gd/hci/le_scanning_manager_impl.cc:774 stop_scan: Scanning already stopped, return. caller=configure_scan
I/bthal.activity(  964): LogActivities: Disable LE Scanning, 0x2042
E/BtScan.ScanController( 2277): onScanParamSetupCompleted(): App callback null for ScannerApp(uid=10325, name=com.thetileapp.tile)
D/CCodec  (17230): encoding statistics level = 0
D/CCodec  (17230): setup formats input: AMessage(what = 0x00000000) = {
D/CCodec  (17230):   int32_t bitrate = 96000
D/CCodec  (17230):   int32_t channel-count = 1
D/CCodec  (17230):   int32_t max-input-size = 32768
D/CCodec  (17230):   string mime = "audio/vorbis"
D/CCodec  (17230):   int32_t sample-rate = 44100
D/CCodec  (17230): }
D/CCodec  (17230): setup formats output: AMessage(what = 0x00000000) = {
D/CCodec  (17230):   int32_t buffer-batch-max-output-size = 0
D/CCodec  (17230):   int32_t buffer-batch-threshold-output-size = 0
D/CCodec  (17230):   int32_t channel-count = 1
D/CCodec  (17230):   string mime = "audio/raw"
D/CCodec  (17230):   int32_t sample-rate = 44100
D/CCodec  (17230):   int32_t channel-mask = 1
D/CCodec  (17230):   int32_t android._config-pcm-encoding = 2
D/CCodec  (17230): }
D/ControlsListingControllerImpl( 2175): Unsubscribing callback
D/ControlsListingControllerImpl( 2175): Unsubscribing callback
D/ControlsListingControllerImpl( 2175): Unsubscribing callback
D/SatelliteController( 2429): handleCmdUpdateNtnSignalStrengthReporting: ignore request, satellite is disabled
D/SatelliteController( 2429): handleEventScreenStateChanged: true
V/WindowManagerShell( 2175): Track 0 became idle
V/WindowManagerShell( 2175): All active transition animations finished
V/WindowManagerShell( 2175):  animated by com.android.wm.shell.transition.DefaultTransitionHandler@7498dbc
V/WindowManagerShell( 2175): Track 0 became idle
V/WindowManagerShell( 2175): All active transition animations finished
W/AccessibilityWindowsPopulator( 1509): The displayInfo of this displayId (0) called back from the surface flinger is null
V/ShellDesktopMode( 2175): DesktopDisplayModeController: canDesktopFirstModeBeEnabledOnDefaultDisplay: isDefaultDisplayDesktopEligible=false
V/WindowManagerShell( 2175): Directly starting a new transition type=CHANGE wct=WindowContainerTransaction { changes= {android.os.BinderProxy@d779df9={isTaskMoveAllowed:false,}} hops= [] flags= 0 errorCallbackToken=null taskFragmentOrganizer=null } handler=null
D/usf_sensor_hal(  992): device orientation: Enter Batch. Period = 66667000, latency = 0.
V/WindowManager( 1509): deferTransitionReady deferReadyDepth=1 stack=com.android.server.wm.WindowOrganizerController.applyTransaction:717 com.android.server.wm.WindowOrganizerController.applyTransaction:651 com.android.server.wm.WindowOrganizerController.lambda$startTransition$3:388 com.android.server.wm.WindowOrganizerController.$r8$lambda$PHnU0rj5Bcvaq0dL-Wi7kOJt8bo:0 com.android.server.wm.WindowOrganizerController$$ExternalSyntheticLambda5.onCollectStarted:0 
I/BrightnessSynchronizer( 1509): Swallowing update of 6(i) by update: {[1085] 0.018075338(f), mUpdatedTypes=1, mConfirmedTypes=1, mTimeUpdated=72178420}
I/BrightnessSynchronizer( 1509): Completed Update: {[1085] 0.018075338(f), mUpdatedTypes=1, mConfirmedTypes=1, mTimeUpdated=72178420}
V/WindowManager( 1509): continueTransitionReady deferReadyDepth=0 stack=com.android.server.wm.WindowOrganizerController.applyTransaction:864 com.android.server.wm.WindowOrganizerController.applyTransaction:651 com.android.server.wm.WindowOrganizerController.lambda$startTransition$3:388 com.android.server.wm.WindowOrganizerController.$r8$lambda$PHnU0rj5Bcvaq0dL-Wi7kOJt8bo:0 com.android.server.wm.WindowOrganizerController$$ExternalSyntheticLambda5.onCollectStarted:0 
D/AHal::Cs35l41Codec(  959): SetAllSpeakers: set ctl [Hibernate Force Wake] = 1
I/CCodecConfig(17230): query failed after returning 8 values (BAD_INDEX)
V/WindowManager( 1509): Finish Transition (#2042): created at 09-04 19:40:37.016 collect-started=0.039ms request-sent=0.076ms started=8.354ms ready=8.34ms sent=51.7ms finished=81.715ms
E/com.termux(17230): Failed to query component interface for required system resources: 6
D/EpdgTunnelManager[1]( 2735): On triggering underlying network validation. Event: SCREEN_ON
D/usf_sensor_hal(  992): device orientation: Enter Activate. Enable = 1.
D/GRIL-S  ( 2315): [1682]> UPDATE_DEVICE_STATE DeviceState: Usb:0, Wifi: 1, Wifi AP: 0, Earpiece: 0, Bluetooth: 1, Wireless charging: 0, Screen: 1, Camera: 0, 0, -, -, Motion: 1, Bluetooth tethering: 0, Voice: 0, Wifi 2.4G: 0, Radio: 1, Bluetooth connected: 0, Bluetooth media: 0, Wifi Band: 2, Wifi AP Band: 0, Wifi call: 0, mmWave: 0, mCellBackhaul: 0, mHallSensor: 0, mDozeStatus: 1, mAppClassInfo: 0, mWifiCapSensorStatus: 0, mCellCapSensorStatus: 0, mBesideHeadHandStatus: 0, mSpeakerStatus: 0, mProtectiveCaseStatus: 0, mWifiSettingStatus: 0, mGpsStatus: 0
V/WindowManager( 1509): Sent Transition (#2044) createdAt=09-04 19:40:37.100
I/NearbyDiscovery( 2764): (REDACTED) ApFastPairScanner: isScreenOn=%s, isLocationEnabled=%s, disableLocationRequirement=%s, isDiscoveryScanningEnabled=%s, during24GhzWifiWarmingUpPeriod=%s
V/WindowManager( 1509):     startWCT=WindowContainerTransaction { changes= {RemoteToken{7b1e7cc DefaultTaskDisplayArea@40651414}={isTaskMoveAllowed:false,}} hops= [] flags= 0 errorCallbackToken=null taskFragmentOrganizer=null }
D/BluetoothAdapter( 2764): isLeEnabled(): ON
I/NearbyDiscovery( 2764): (REDACTED) ApFastPairScanner: eventType=%s, intReq=%s, scanning=%s, scanAllowed=%s, bleEnabled=%s, lockScanRate=%s, startScanningByLowPowerMode=%s
I/BrightnessSynchronizer( 1509): [1086] New Update 0.049961854(f) set brightness values:  14(i)
V/WindowManager( 1509):     info={id=2044 t=CHANGE f=0x0 trk=0 r=[] c=[]}
D/AOC     ( 1205): A3:MSG: usf_sensor.cc, 1866: USF: Received start sampling request for Device Orientation (active:1).
I/NearbySharing( 2764): Screen is unlocked
I/NearbySharing( 2764): Uwb feature is off.
I/NearbySharing( 2764): Uwb feature is off.
D/AOC     ( 1205): A3:MSG: vsc_sensor.cc, 37: VSC: [Device Orientation] enable: period 66667000, latency = 0
I/libbinder.BpBinder(17230): onLastStrongRef automatically unlinking death recipients for binder (0x7a1110ffb0) with descriptor: 'android.hardware.media.bufferpool2.IAccessor'
D/CCodecBufferChannel(17230): [c2.android.vorbis.decoder#421] Created input block pool with allocatorID 16 => poolID 112 - OK (0)
I/NearbyDiscovery( 2764): (REDACTED) ApFastPairScanner: isScreenOn=%s, isLocationEnabled=%s, disableLocationRequirement=%s, isDiscoveryScanningEnabled=%s, during24GhzWifiWarmingUpPeriod=%s
I/NearbyDiscovery( 2764): (REDACTED) ApFastPairScanner: Start scanning internally, %s
D/BluetoothAdapter( 2764): isLeEnabled(): ON
D/AidlBufferPool( 1188): bufferpool2 0xb40000789dfd9b98 : 0(0 size) total buffers - 0(0 size) used buffers - 5/10 (recycle/alloc) - 5/9 (fetch/transfer)
D/AidlBufferPool( 1188): Destruction - bufferpool2 0xb40000789dfd9b98 cached: 0/0M, 0/0% in use; allocs: 10, 50% recycled; transfers: 9, 44% unfetched
V/WindowManagerShell( 2175): onTransitionReady(transaction=6481105855194)
D/AOC     ( 1205): A3:MSG: usf_vsc_log.cc, 83: VSC: [WO] No second IMU detected
D/AOC     ( 1205): A3:MSG: usf_vsc_log.cc, 83: VSC: [WO] Set sensor rate and start algorithm version 13_2, imu 0
D/EpdgTunnelManager[1]( 2735): Trigger underlying network validation on network: 112
D/AOC     ( 1205): A3:MSG: usf_vsc_log.cc, 83: VSC: [WO] Reset mTask, clear history
V/WindowManagerShell( 2175): onTransitionReady (#2044) android.os.BinderProxy@9d25d78: {id=2044 t=CHANGE f=0x0 trk=0 r=[] c=[]}
V/WindowManagerShell( 2175): FocusTransitionObserver: Updating focus state for transition #2044
V/ShellDesktopMode( 2175): DesktopModeLogger: taskInfo map after processing changes 0
V/WindowManagerShell( 2175): No transition roots in (#2044) android.os.BinderProxy@9d25d78@0 so abort
I/NearbyDiscovery( 2764): (REDACTED) ApFastPairScanner: Starting %s scan for %s seconds
V/WindowManagerShell( 2175): Transition animation finished (aborted=true), notifying core (#2044) android.os.BinderProxy@9d25d78@0
I/NearbySharing( 2764): NearbySharing Internal event ReceiveVisibilityChange(visibility=1)
I/bt_shim_scanner( 2277): system/main/shim/le_scanning_manager.cc:138 RegisterScanner: in shim layer, UUID=dc44703f-fa8a-4445-8a87-64b31c974334
D/AOC     ( 1205): A3:MSG: usf_sensor.cc, 1866: USF: Received start sampling request for LSM6DSV Accelerometer (active:5).
D/ConnectivityService( 1509): reportNetworkConnectivity(112, false) by 1000
I/WifiClientModeImpl( 1509): WifiConnectivityDiagnosticsCallback onNetworkConnectivityReported hasConnectivity=false
I/Mosey.A ( 6686): Mosey invoking StartDiscovery
D/NetworkMonitor/112( 2306): Forcing reevaluation for UID 1000. Dns signal count: 0
D/AOC     ( 1205): A3:MSG: lsm6dsv_device.cc, 732: USF: Lsm6dsvDevice: Sensor 0: Enabled 1, odr_index 5, period_ns 20000000.
I/Mosey.A ( 6686): API: start() called with options: DiscoveryOptions(mode=0, hasOngoingQrCodeSession=false, isGestureEnabled=false, localDeviceName=null)
D/AOC     ( 1205): A3:MSG: lsm6dsv_fifo.cc, 755: USF: Lsm6dsvFifo: ODR: XL/G/T/TS: 60/60/15/7 WM: 6 Intr: 24.
D/AOC     ( 1205): A3:MSG: lsm6dsv_device.cc, 641: USF: Lsm6dsvDevice: Fifo was disabled for 539388ns.
D/QnsTimer( 2837): onReceive action=android.intent.action.SCREEN_ON
D/QnsTimer( 2837): No timers are pending to run
D/AHal::Cs35l41Codec(  959): SetAllSpeakers: set ctl [R Hibernate Force Wake] = 1
D/DeviceHalAidl( 1018): [r_submix] setParameters: parameters: "screen_state=on"
D/AHAL_Module(  959): updateScreenState: r_submix: 1
D/DeviceHalAidl( 1018): [bluetooth] setParameters: parameters: "screen_state=on"
D/AHAL_Module(  959): updateScreenState: bluetooth: 1
V/WindowManager( 1509): Finish Transition (#2044): created at 09-04 19:40:37.100 collect-started=0.027ms started=0.045ms ready=0.634ms sent=1.372ms finished=10.376ms
V/WindowManagerShell( 2175): Track 0 became idle
V/WindowManagerShell( 2175): All active transition animations finished
I/CCodecBufferChannel(17230): [c2.android.vorbis.decoder#421] Created output block pool with allocatorID 16 => poolID 332 - OK
D/CCodecBufferChannel(17230): [c2.android.vorbis.decoder#421] Configured output block pool ids 332 => OK
E/Codec2-ComponentInterface( 1188): We have a failed config
D/AOC     ( 1205): A3:MSG: usf_sensor.cc, 1866: USF: Received start sampling request for LSM6DSV Gyroscope (active:2).
D/PhoneInterfaceManager( 2429): getAllCellInfo: package=com.google.android.gms, uid=10153
I/NearbySharing( 2764): External sharing provider has received status 0 for startDiscovery
I/NearbySharing( 2764): External sharing provider has started discovery
I/bluetooth( 2277): system/gd/hci/le_address_manager.cc:254 register_client: Client registered
D/AOC     ( 1205): A3:MSG: lsm6dsv_device.cc, 732: USF: Lsm6dsvDevice: Sensor 1: Enabled 1, odr_index 5, period_ns 20000000.
D/BluetoothLeScanner( 2764): onScannerRegistered(status=0, scannerId=2): mScannerId=0
D/AOC     ( 1205): A3:MSG: lsm6dsv_fifo.cc, 755: USF: Lsm6dsvFifo: ODR: XL/G/T/TS: 60/60/15/7 WM: 6 Intr: 24.
D/SimpleC2Component( 1188): Using output block pool with poolID 332 => got 332 - 0
I/ActivityScheduler( 2764): nextTriggerTime: 72894235, in 204142ms, detectorType: 0,  alarmWindowMillis: 30000
I/bthal.debug_central(  964): Command Complete Event of LE_SET_EXTENDED_SCAN_ENABLE, opcode:2042
I/bthal.flowcontrol(  964): HciEventPreProcess: HCI Event 0xe Opcode 0x2042 Length 6 unhandled by LeSetExtentedScanEnableEvent
D/AOC     ( 1205): A3:MSG: lsm6dsv_device.cc, 641: USF: Lsm6dsvDevice: Fifo was disabled for 549560ns.
I/bthal.activity(  964): LogActivities: LOW_POWER ScanMode
W/mediaswcodec( 1188): AIBinder_linkToDeath is being called with a non-null cookie and no onUnlink callback set. Use AIBinder_DeathRecipient_setOnUnlinked to manage the lifetime of the cookie. This will become an abort.
W/com.termux(17230): AIBinder_linkToDeath is being called with a non-null cookie and no onUnlink callback set. Use AIBinder_DeathRecipient_setOnUnlinked to manage the lifetime of the cookie. This will become an abort.
I/NearbySharing( 2764): SendProvider: Starting discovery with options: SendManagerOptions(mode=BACKGROUND, flowId=3989841970749296450, uwbSenderInfo=null, deviceType=1, dataUsage=2, vendorId=0).
I/NearbySharing( 2764): NearbySharing Internal event SendManagerStart(mode=BACKGROUND, useCase=0, sendSurfaceState=0, sendSurfaceStartTimeMillis=-1, useQrCode=false, success=true)
I/NearbySharing( 2764): Scanning has started in the BACKGROUND
I/bthal.activity(  964): LogActivities: Enable LE Scanning, 0x2042
D/usf_sensor_hal(  992): proximity: Enter Batch. Period = 200000000, latency = 0.
I/libbinder.BpBinder(  552): onLastStrongRef automatically unlinking death recipients for binder (0xb400007cca5eedb0) with descriptor: '(not cached)'
D/usf_sensor_hal(  992): proximity: Enter Activate. Enable = 1.
I/bthal.debug_central(  964): Command Complete Event of LE_SET_EXTENDED_SCAN_ENABLE, opcode:2042
I/bthal.flowcontrol(  964): HciEventPreProcess: HCI Event 0xe Opcode 0x2042 Length 6 unhandled by LeSetExtentedScanEnableEvent
I/WifiHAL ( 1017): Creating message to get link statistics; iface = 47
D/AOC     ( 1205): A3:MSG: usf_sensor.cc, 1866: USF: Received start sampling request for TMD3719 Proximity (active:2).
W/com.termux(17230): AIBinder_linkToDeath is being called with a non-null cookie and no onUnlink callback set. Use AIBinder_DeathRecipient_setOnUnlinked to manage the lifetime of the cookie. This will become an abort.
W/mediaswcodec( 1188): AIBinder_linkToDeath is being called with a non-null cookie and no onUnlink callback set. Use AIBinder_DeathRecipient_setOnUnlinked to manage the lifetime of the cookie. This will become an abort.
I/bt_shim_scanner( 2277): system/main/shim/le_scanning_manager.cc:239 ScanFilterEnable: in shim layer
I/bt_shim_scanner( 2277): system/main/shim/le_scanning_manager.cc:215 ScanFilterAdd: in shim layer
I/bt_shim_scanner( 2277): system/main/shim/le_scanning_manager.cc:182 ScanFilterParamSetup: in shim layer, clientIf=2
I/bt_shim_scanner( 2277): system/main/shim/le_scanning_manager.cc:215 ScanFilterAdd: in shim layer
I/bt_shim_scanner( 2277): system/main/shim/le_scanning_manager.cc:182 ScanFilterParamSetup: in shim layer, clientIf=2
I/bt_shim_scanner( 2277): system/main/shim/le_scanning_manager.cc:215 ScanFilterAdd: in shim layer
I/bt_shim_scanner( 2277): system/main/shim/le_scanning_manager.cc:182 ScanFilterParamSetup: in shim layer, clientIf=2
I/bt_shim_scanner( 2277): system/main/shim/le_scanning_manager.cc:150 Scan: in shim layer stopped
I/bluetooth( 2277): system/gd/hci/le_address_manager.cc:269 unregister_client: Client unregistered
I/DeviceStatusMonitor( 4246): DeviceStatusMonitor.handleBroadcast():184 onReceive() : Action = android.intent.action.SCREEN_ON
I/BrightnessSynchronizer( 1509): Swallowing update of 14(i) by update: {[1086] 0.049961854(f), mUpdatedTypes=1, mConfirmedTypes=1, mTimeUpdated=72178448}
I/BrightnessSynchronizer( 1509): Completed Update: {[1086] 0.049961854(f), mUpdatedTypes=1, mConfirmedTypes=1, mTimeUpdated=72178448}
I/bt_shim_scanner( 2277): system/main/shim/le_scanning_manager.cc:315 SetScanParameters: in shim layer, scannerId1m=2, scannerIdCoded=0
I/bt_shim_scanner( 2277): system/main/shim/le_scanning_manager.cc:150 Scan: in shim layer started
I/bluetooth( 2277): system/gd/hci/le_scanning_manager_impl.cc:774 stop_scan: Scanning already stopped, return. caller=configure_scan
I/DeviceStatusMonitor( 4246): DeviceStatusMonitor.updateCountryInfo():200 updateCountryInfo(), notifyAnyway = false
I/InputBundle( 4246): InputBundle.switchToKeyboardDirectly():531 switchToKeyboardDirectly(): KeyboardTypeAndPayload(keyboardType=prime, payload=null)
I/InputBundle( 4246): InputBundle.switchToKeyboardDirectly():531 switchToKeyboardDirectly(): KeyboardTypeAndPayload(keyboardType=prime, payload=null)
I/InputBundle( 4246): InputBundle.switchToKeyboardDirectly():531 switchToKeyboardDirectly(): KeyboardTypeAndPayload(keyboardType=prime, payload=null)
I/InputBundle( 4246): InputBundle.switchToKeyboardDirectly():531 switchToKeyboardDirectly(): KeyboardTypeAndPayload(keyboardType=prime, payload=null)
I/InputBundle( 4246): InputBundle.switchToKeyboardDirectly():531 switchToKeyboardDirectly(): KeyboardTypeAndPayload(keyboardType=prime, payload=null)
D/usf_sensor_hal(  992): ambient light: Enter Batch. Period = 250000000, latency = 0.
I/InputBundle( 4246): InputBundle.switchToKeyboardDirectly():531 switchToKeyboardDirectly(): KeyboardTypeAndPayload(keyboardType=prime, payload=null)
I/bluetooth( 2277): system/gd/hci/le_address_manager.cc:254 register_client: Client registered
I/NearbySharing( 2764): Start advertising with mode BACKGROUND certificate visibility ALL_CONTACTS data usage preference ONLINE, bt advertising false, vendorId 0, deviceName included: false
I/NearbySharing( 2764): Uwb feature is off.
I/NearbyDiscovery( 2764): (REDACTED) FastPairHandler: Received action %s
I/NearbySharing( 2764): Updating advertising options for [efbw@325cc84, effr@9d4b420, ealr@d81085b] providers
I/NearbySharing( 2764): Updating advertising options: AdvertisingOptions{mode=BACKGROUND, dataUsage=2, flowId=0, uwbSenderInfo=[], deviceType=1, bluetoothClassicEnabled=false, useStableIdentifiers=false, allowGattConnections=false, allowBleL2capConnections=false, vendorId=0, advertisePlaintextDeviceName=false, isPinCodeEnabled=false, listenOnly=false}
I/Mosey.A ( 6686): Mosey invoking UpdateAdvertising
I/Mosey.A ( 6686): update called.
D/usf_sensor_hal(  992): ambient light: Enter Activate. Enable = 1.
I/Mosey.A ( 6686): execUpdate() called with options: AdvertisingOptions(mode=0, localDeviceName=, advertisePlaintextDeviceName=false, isPinCodeEnabled=false)
I/Mosey.A ( 6686): stopNsdAdvertising() called.
I/Mosey.A ( 6686): Event received: ContextReceiveUpdated(context=MoseyControllerContextImpl(sessionId=c05c1403-5d8f-4de5-8b6b-59187b2e7725, clientName=ReceiveProvider), isClosing=true, immediate=false, completer=dko{Active}@7313d0)
I/Mosey.A ( 6686): Next state: Idle
I/Mosey.A ( 6686): State updated to: Idle
D/AOC     ( 1205): A3:MSG: usf_sensor.cc, 1866: USF: Received start sampling request for TMD3719 Ambient Light (active:2).
I/NearbySharing( 2764): External sharing provider has received status 0 for updateAdvertisingOptions
I/NearbySharing( 2764): External sharing provider has updated advertising options
I/PixelDisplayManager( 2404):  Request Lbe state 0 req 1, display unique id: local:4619827677550801152
I/NearbySharing( 2764): Updating advertising options: AdvertisingOptions{mode=BACKGROUND, dataUsage=2, flowId=0, uwbSenderInfo=[], deviceType=1, bluetoothClassicEnabled=false, useStableIdentifiers=false, allowGattConnections=false, allowBleL2capConnections=false, vendorId=0, advertisePlaintextDeviceName=false, isPinCodeEnabled=false, listenOnly=false}
I/NearbySharing( 2764): ReceiveProvider: Received request to update advertising.
I/NearbyDiscovery( 2764): (REDACTED) ApFastPairScanner: isScreenOn=%s, isLocationEnabled=%s, disableLocationRequirement=%s, isDiscoveryScanningEnabled=%s, during24GhzWifiWarmingUpPeriod=%s
D/BluetoothAdapter( 2764): isLeEnabled(): ON
I/NearbyDiscovery( 2764): (REDACTED) ApFastPairScanner: eventType=%s, intReq=%s, scanning=%s, scanAllowed=%s, bleEnabled=%s, lockScanRate=%s, startScanningByLowPowerMode=%s
I/NearbyDiscovery( 2764): FastPairController: onSystemStateChanged: skip due to flag disabled [CONTEXT service_id=265 ]
D/usf_sensor_hal(  992): auto brightness: Enter Batch. Period = 200000000, latency = 0.
I/NearbySharing( 2764): Updating advertising options: AdvertisingOptions{mode=BACKGROUND, dataUsage=2, flowId=0, uwbSenderInfo=[], deviceType=1, bluetoothClassicEnabled=false, useStableIdentifiers=false, allowGattConnections=false, allowBleL2capConnections=false, vendorId=0, advertisePlaintextDeviceName=false, isPinCodeEnabled=false, listenOnly=false}
I/NearbyConnections( 2764): Client 149895119 requested discovery to start.
I/PixelDisplayManager( 2404): onDisplayChanged(内蔵スクリーン, 0, local:4619827677550801152): screenOn=true, hbmMode=0, br=0.049961854, product=DeviceProductInfo{name=Common Panel, manufacturerPnpId=GGL, productId=0, modelYear=null, manufactureDate=ManufactureDate{week=1, year=1990}, connectionToSinkType=1, edidStructureMetadata=EdidStructureMetadata{version=0, revision=0}, videoInputType=0}
I/NearbyConnections( 2764): 149895119 0p:com.google.android.gms.nearby.sharing startDiscovery in nc mode.
I/PixelDisplayManager( 2404): onDisplayChanged(内蔵スクリーン, 0, local:4619827677550801152): screenOn=true, hbmMode=0, br=0.049961854, product=DeviceProductInfo{name=Common Panel, manufacturerPnpId=GGL, productId=0, modelYear=null, manufactureDate=ManufactureDate{week=1, year=1990}, connectionToSinkType=1, edidStructureMetadata=EdidStructureMetadata{version=0, revision=0}, videoInputType=0}
I/NearbySharing( 2764): Advertising has started with mode BACKGROUND, Bt enabled : false
D/SconeAwareness( 3179): Awareness received [android.intent.action.SCREEN_ON] action.
D/SconeAwareness( 3179): Awareness received [android.intent.action.SCREEN_ON] action and try to relay info
I/Nearby  ( 2764): (REDACTED) Note nearby client %s for operation %s
D/SconeAwareness( 3179): handleIntent android.intent.action.SCREEN_ON
D/SconeRadioEngine( 3179): Skip sending mobility to wifi because mobility is uninitialized.
I/GetModelStateManager( 4286): (REDACTED) Received %s, fetching model state.
I/bthal.activity(  964): LogActivities: Disable LE Scanning, 0x2042
I/bthal.debug_central(  964): Command Complete Event of LE_SET_EXTENDED_SCAN_ENABLE, opcode:2042
I/bthal.flowcontrol(  964): HciEventPreProcess: HCI Event 0xe Opcode 0x2042 Length 6 unhandled by LeSetExtentedScanEnableEvent
W/JobInfo ( 3179): Job 'com.google.android.apps.scone/.awareness.AwarenessJobIntentService#188052156' has a deadline with no functional constraints. The deadline won't improve job execution latency. Consider removing the deadline.
W/JobInfo ( 1509): Job 'com.google.android.apps.scone/.awareness.AwarenessJobIntentService#188052156' has a deadline with no functional constraints. The deadline won't improve job execution latency. Consider removing the deadline.
I/bthal.activity(  964): LogActivities: LOW_LATENCY ScanMode
I/NearbyConnections( 2764): Get local endpoint id from the existing localEndpointId:FXWZ (last:VRIZ) for client 149895119(0p:com.google.android.gms.nearby.sharing)
I/bthal.activity(  964): LogActivities: Enable LE Scanning, 0x2042
I/NearbySharing( 2764): Starting scanning for Fast Initiation.
I/bthal.debug_central(  964): Command Complete Event of LE_SET_EXTENDED_SCAN_ENABLE, opcode:2042
I/bthal.flowcontrol(  964): HciEventPreProcess: HCI Event 0xe Opcode 0x2042 Length 6 unhandled by LeSetExtentedScanEnableEvent
D/BluetoothAdapter( 2764): isLeEnabled(): ON
I/GetModelStateManager( 4286): (REDACTED) %s request for model state.  Last dsp event: %dms ago. Last gms event: %dms ago.  Cooldown: %dms recentDsp: %b recentGms: %b forced: %b, recognition active: %b. 
I/StHal::SoundTriggerHal(  959): ForceRecognitionEvent: request force trigger for client: 1
I/NearbySharing( 2764): Started scanning for FastInitiation with mode: SCAN_MODE_BALANCED
I/bt_shim_scanner( 2277): system/main/shim/le_scanning_manager.cc:138 RegisterScanner: in shim layer, UUID=3b92fa6c-28cb-4eaa-8835-ab49afdb020d
D/AOC     ( 1205): F1:MSG: controller.cc, 275: AudioInCtrl: cmd ID: 0x010d, tag: 0x7c [cntr = 763]
D/AOC     ( 1205): F1:TRC: hotword_input_processor.cc, 1008: Receive cmd: 0x6d (109)
D/GRIL-S  ( 2315): [1682]< UPDATE_DEVICE_STATE 
D/BluetoothLeScanner( 2764): onScannerRegistered(status=0, scannerId=3): mScannerId=0
D/AOC     ( 1205): A3:MSG: usf_vsc_log.cc, 83: VSC: [WO] Reset mTask, clear history
D/RILClient( 1168): [OemClient]IND: (clientId = 0, msgId = 5104, dataLength = 7, channel = 1)
I/WifiHAL ( 1017): Getting cached scan results, iface handle = 0xb4000072f282ed50
E/WifiHAL ( 1017): Creating message to get cached scan results
D/RILClient( 1168): [OemClient]IND: (clientId = 0, msgId = 2015, dataLength = 148, channel = 1)
I/NearbyMediums( 2764): NFC discovery successfully started.
I/NearbyMediums( 2764): In ScanningCancellationFlag, service-id=NearbySharing has become the first scanner. The flag has been reset.
D/CCodecBuffers(17230): [c2.android.vorbis.decoder#421:Output[N]] grabBuffer failed: -12
D/CCodecBuffers(17230): [c2.android.vorbis.decoder#421:Output[N]] reallocating with linear buffer of size 4096
I/NearbySharing( 2764): Fast Initiation Scanning has started
D/GRIL-S  ( 2315): [1683]> UPDATE_SCONE_INFO Mobility:0 Battery:1 Thermal:2 Screen:1
D/BluetoothAdapter( 2764): isLeEnabled(): ON
I/WifiHAL ( 1017): In GetCachedScanResultsCommand::handleResponse
I/NearbySharing( 2764): Dismissing HUN as there's no device nearby.
D/CCodecBufferChannel(17230): [c2.android.vorbis.decoder#421] MediaCodec discarded an unknown buffer
D/CCodecBufferChannel(17230): [c2.android.vorbis.decoder#421] MediaCodec discarded an unknown buffer
D/CCodecBufferChannel(17230): [c2.android.vorbis.decoder#421] MediaCodec discarded an unknown buffer
I/bt_shim_scanner( 2277): system/main/shim/le_scanning_manager.cc:239 ScanFilterEnable: in shim layer
I/bt_shim_scanner( 2277): system/main/shim/le_scanning_manager.cc:215 ScanFilterAdd: in shim layer
I/bt_shim_scanner( 2277): system/main/shim/le_scanning_manager.cc:182 ScanFilterParamSetup: in shim layer, clientIf=3
I/bt_shim_scanner( 2277): system/main/shim/le_scanning_manager.cc:215 ScanFilterAdd: in shim layer
I/bt_shim_scanner( 2277): system/main/shim/le_scanning_manager.cc:182 ScanFilterParamSetup: in shim layer, clientIf=3
D/CCodec  (17230): hold CodecLooper(1) until release
D/GRIL-S  ( 2315): [1683]< UPDATE_SCONE_INFO 
I/libbinder.BpBinder( 1188): onLastStrongRef automatically unlinking death recipients for binder (0xb40000770dfdf690) with descriptor: 'android.hardware.media.bufferpool2.IClientManager'
I/WifiHAL ( 1017): Creating message to get link statistics; iface = 47
I/bt_shim_scanner( 2277): system/main/shim/le_scanning_manager.cc:138 RegisterScanner: in shim layer, UUID=9affc817-62fa-4fe6-bde6-2dd3dd29df19
D/SatelliteController( 2429): isInCarrierRoamingNbIotNtn: satellite is disabled
D/SatelliteController( 2429): getCarrierRoamingNtnConnectType: Checking connect type from PLMN config for subId: 2
D/TelephonyConfigUpdateInstallReceiver( 2429): getConfigParser: domain=satellite
V/SatelliteController( 2429): satelliteConfigParser is not ready
D/SatelliteController( 2429): isSatelliteAttachSupportedViaConfigupdater: return null (satelliteConfig is null)
D/SatelliteController( 2429): getSatellitePerPlmnConfiguration: invalid subId or not supported via carrier.
D/SatelliteController( 2429): getCarrierRoamingNtnConnectType: config: null
D/TelephonyConfigUpdateInstallReceiver( 2429): getConfigParser: domain=satellite
V/SatelliteController( 2429): satelliteConfigParser is not ready
D/SatelliteController( 2429): getCarrierRoamingNtnConnectTypeViaConfigUpdater: return null (satelliteConfig is null)
D/SatelliteController( 2429): getCarrierRoamingNtnConnectType: Falling back to global carrier config connect type: 0
D/TelephonyConfigUpdateInstallReceiver( 2429): getConfigParser: domain=satellite
V/SatelliteController( 2429): satelliteConfigParser is not ready
D/SatelliteController( 2429): isSatelliteAttachSupportedViaConfigupdater: return null (satelliteConfig is null)
D/AidlBufferPool( 1188): Destruction - bufferpool2 0xb40000789dfdc9d8 cached: 0/0M, 0/0% in use; allocs: 0, 0% recycled; transfers: 0, 0% unfetched
D/SatelliteController( 2429): getCarrierRoamingNtnConnectType: Checking connect type from PLMN config for subId: 2
D/TelephonyConfigUpdateInstallReceiver( 2429): getConfigParser: domain=satellite
V/SatelliteController( 2429): satelliteConfigParser is not ready
D/SatelliteController( 2429): isSatelliteAttachSupportedViaConfigupdater: return null (satelliteConfig is null)
D/SatelliteController( 2429): getSatellitePerPlmnConfiguration: invalid subId or not supported via carrier.
D/SatelliteController( 2429): getCarrierRoamingNtnConnectType: config: null
D/TelephonyConfigUpdateInstallReceiver( 2429): getConfigParser: domain=satellite
V/SatelliteController( 2429): satelliteConfigParser is not ready
D/SatelliteController( 2429): getCarrierRoamingNtnConnectTypeViaConfigUpdater: return null (satelliteConfig is null)
D/NetworkMonitor/112( 2306): PROBE_DNS connectivitycheck.gstatic.com 50ms OK 2404:6800:400b:c006::5e,142.251.23.94
D/BluetoothLeScanner( 2764): onScannerRegistered(status=0, scannerId=4): mScannerId=0
D/RILClient( 1168): [OemClient]IND: (clientId = 0, msgId = 3005, dataLength = 24, channel = 0)
I/SHANNON_IMS( 2398): 9130 [NETW] #:PURP:# UNSOL {RILC_UNSOL_IMS_SUPPORT_SERVICE} : VoPS : 0  EMC : 0  SIM_IDX : 0  RAT : 14  REG_STATE : 0  CELL_ID : 0  LAC/TAC : 0  PLMN :   (NetworkAdaptor$AdaptorChannel%onMessage:306)
I/SHANNON_IMS( 2398): 9131 [CONN] #:ORNG:# supportService [VoPS : 0/ EMC : 0/ RAT_INFO : 14/ REG_STATE : 0/ CELL_ID : 0/ LAC-TAC Info : 0/ PLMN : ]  [SLID:0 ] (ImsConnectivityMgr$RegistrationListener%supportService:2897)
D/IwlanNetworkService[0]( 2735): : reg state REGISTRATION_STATE_HOME
D/SatelliteController( 2429): getCarrierRoamingNtnConnectType: Falling back to global carrier config connect type: 0
D/TelephonyConfigUpdateInstallReceiver( 2429): getConfigParser: domain=satellite
V/SatelliteController( 2429): satelliteConfigParser is not ready
D/SatelliteController( 2429): isSatelliteAttachSupportedViaConfigupdater: return null (satelliteConfig is null)
I/BatchScanningManager( 2764): Batch scanner stopped/cancelled (if it was running/scheduled). [CONTEXT service_id=284 ]
D/AOC     ( 1205): F1:TRC: hotword_input_processor.cc, 1504: Finished cmd: 0x6d (109)
I/SoundTriggerMiddlewareLogging( 1509): FORCE_RECOGNITION (1)
I/StHal::SoundTriggerHal(  959): ControlThreadLoop: read trigger event with model type: 2
I/StHal::SoundTriggerHal(  959): ControlThreadLoop: received AmbientMusic recognition with payload: pos_music,val:20237
I/StHal::Client(  959): ChangeStateTo: client 1 transits from StartDetecting to CallbackProcessing
D/AOC     ( 1205): F1:MSG: controller.cc, 919: AudioInCtrl: ipc: sound_trigger, cmd ID: 0x010d, tag: 0x7c, rc: 0
I/NearbyMediums( 2764): Started BLE scanning, service-id=NearbySharing, is-extended-advert=true, power-level=2, scan-mode=3
I/SoundTriggerMiddlewareLogging( 1509): RECOGNITION (1, RecognitionEventSys{recognitionEvent: RecognitionEvent{status: 0, type: 1, captureAvailable: true, captureDelayMs: 0, capturePreambleMs: 0, triggerInData: false, audioConfig: AudioConfig{base: AudioConfigBase{sampleRate: 16000, channelMask: AudioChannelLayout.layoutMask(1), format: AudioFormatDescription{type: 1, pcm: 1, encoding: }}, offloadInfo: AudioOffloadInfo{base: AudioConfigBase{sampleRate: 0, channelMask: AudioChannelLayout.none(0), format: AudioFormatDescription{type: 0, pcm: 0, encoding: }}, streamType: -2, bitRatePerSecond: 0, durationUs: 0, hasVideo: false, isStreaming: false, bitWidth: 16, offloadBufferSize: 0, usage: -1, encapsulationMode: -1, contentId: 0, syncId: 0}, frameCount: 0}, data: [112, 111, 115, 95, 109, 117, 115, 105, 99, 44, 118, 97, 108, 58, 50, 48, 50, 51, 55], recognitionStillActive: false}, halEventReceivedMillis: 72690151348581, token: android.os.Binder@2089ac9}, 1441)
I/NearbyConnections( 2764): Listening to visibility changes for client 149895119
I/AmbientMusicServiceMana( 4286): (REDACTED) Requested model state. Model started: %s Immediate return code: %d 
D/BluetoothAdapter( 2764): isLeEnabled(): ON
W/SHANNON_IMS( 2398): 9132 [SIM#] Invalid sub id : -1   with slot id : 0 (SubscriptionWrapper%getSubId:55)
I/SHANNON_IMS( 2398): 9138 [PROX] Received onSignalStrengthsChanged [CellSignalStrengthLte: rssi=-55 rsrp=-82 rsrq=-9 rssnr=11 cqiTableIndex=1 cqi=14 ta=0 level=4 parametersUseForLevel=0] [SLID:1 APM:false] (ImsConnectivityProxyListener$ImsPhoneStateListener%onSignalStrengthsChanged:413)
I/bt_shim_scanner( 2277): system/main/shim/le_scanning_manager.cc:239 ScanFilterEnable: in shim layer
I/bt_shim_scanner( 2277): system/main/shim/le_scanning_manager.cc:215 ScanFilterAdd: in shim layer
D/NtnCapabilityResolver( 2429): Registered PLMN is empty, skip NTN capability resolution
D/NtnCapabilityResolver( 2429): Registered PLMN is empty, skip NTN capability resolution
D/SatelliteController( 2429): registerForSatelliteModemStateChanged: add Listeners for ModemState
E/SatelliteController( 2429): registerForSatelliteModemStateChanged: mSatelliteSessionController is not initialized yet
E/SatelliteController( 2429): unregisterForModemStateChanged: mSatelliteSessionController is not initialized yet
D/SatelliteController( 2429): unregisterForModemStateChanged: remove Listeners for ModemState
I/bt_shim_scanner( 2277): system/main/shim/le_scanning_manager.cc:182 ScanFilterParamSetup: in shim layer, clientIf=4
I/bt_shim_scanner( 2277): system/main/shim/le_scanning_manager.cc:215 ScanFilterAdd: in shim layer
I/bt_shim_scanner( 2277): system/main/shim/le_scanning_manager.cc:182 ScanFilterParamSetup: in shim layer, clientIf=4
I/bt_shim_scanner( 2277): system/main/shim/le_scanning_manager.cc:215 ScanFilterAdd: in shim layer
I/bt_shim_scanner( 2277): system/main/shim/le_scanning_manager.cc:182 ScanFilterParamSetup: in shim layer, clientIf=4
D/RILClient( 1168): [OemClient]IND: (clientId = 0, msgId = 3005, dataLength = 24, channel = 1)
I/SHANNON_IMS( 2398): 9140 [NETW] #:PURP:# UNSOL {RILC_UNSOL_IMS_SUPPORT_SERVICE} : VoPS : 1  EMC : 1  SIM_IDX : 1  RAT : 14  REG_STATE : 1  CELL_ID : 79748618  LAC/TAC : 12292  PLMN : 44011  (NetworkAdaptor$AdaptorChannel%onMessage:306)
I/SHANNON_IMS( 2398): 9141 [CONN] #:ORNG:# supportService [VoPS : 1/ EMC : 1/ RAT_INFO : 14/ REG_STATE : 1/ CELL_ID : 79748618/ LAC-TAC Info : 12292/ PLMN : 44011]  [SLID:1 ] (ImsConnectivityMgr$RegistrationListener%supportService:2897)
I/AmbientMusicDetector( 4286): (REDACTED) Received music trigger: '%s'
D/IwlanNetworkService[1]( 2735): : reg state REGISTRATION_STATE_HOME
I/AmbientMusicDetector( 4286): Running on-device song recognition.
I/AudioBufferManager( 4286): Creating AudioRecord accessing DSP audio.
D/usf_sensor_hal(  992): accelerometer: Enter Batch. Period = 10000000, latency = 200000000.
D/AOC     ( 1205): A3:MSG: usf_sensor.cc, 2512: USF: Received reconfig sampling request for LSM6DSV Accelerometer.
D/DeviceHalAidl( 1018): [default] openInputStream: handle: 862 devices 80000004 flags 2 mixPortHalId 1004
D/Hal2AidlMapper( 1018): [default] prepareToOpenStream: handle 862, mixPortHalId 1004, device AudioDevice{type: AudioDeviceDescription{type: IN_MICROPHONE, connection: }, address: AudioDeviceAddress{id: bottom}}, flags AudioIoFlags{input: 2}, source HOTWORD, config AudioConfig{base: AudioConfigBase{sampleRate: 16000, channelMask: AudioChannelLayout{layoutMask: 1}, format: AudioFormatDescription{type: PCM, pcm: INT_16_BIT, encoding: }}, offloadInfo: AudioOffloadInfo{base: AudioConfigBase{sampleRate: 0, channelMask: AudioChannelLayout{none: 0}, format: AudioFormatDescription{type: DEFAULT, pcm: DEFAULT, encoding: }}, streamType: VOICE_CALL, bitRatePerSecond: 0, durationUs: 0, hasVideo: false, isStreaming: false, bitWidth: 16, offloadBufferSize: 0, usage: UNKNOWN, encapsulationMode: NONE, contentId: 0, syncId: 0}, frameCount: 0}, mixport config AudioPortConfig{id: 0, portId: 0, sampleRate: (null), channelMask: (null), format: (null), gain: (null), flags: (null), ext: AudioPortExt{unspecified: false}}
D/Hal2AidlMapper( 1018): [default] resetPortConfig: AudioPortConfig{id: 400123, portId: 1004, sampleRate: Int{value: 16000}, channelMask: AudioChannelLayout{layoutMask: 1}, format: AudioFormatDescription{type: PCM, pcm: INT_16_BIT, encoding: }, gain: (null), flags: AudioIoFlags{input: 2}, ext: AudioPortExt{mix: AudioPortMixExt{handle: 854, usecase: AudioPortMixExtUseCase{source: HOTWORD}, maxOpenStreamCount: 0, maxActiveStreamCount: 0, recommendedMuteDurationMs: 0}}}
I/ASvc::Module(  959): resetAudioPortConfig: port config id = 400123
I/ASvc::Module(  959): setAudioPortConfig: requested = AudioPortConfig{id: 101001, portId: 101001, sampleRate: Int{value: 16000}, channelMask: AudioChannelLayout{layoutMask: 1}, format: AudioFormatDescription{type: PCM, pcm: INT_16_BIT, encoding: }, gain: (null), flags: AudioIoFlags{input: 0}, ext: AudioPortExt{device: AudioPortDeviceExt{device: AudioDevice{type: AudioDeviceDescription{type: IN_MICROPHONE, connection: }, address: AudioDeviceAddress{id: bottom}}, flags: 1, encodedFormats: [], encapsulationModes: 0, encapsulationMetadataTypes: 0, speakerLayout: (null)}}}
I/ASvc::Module(  959): setAudioPortConfig: requested = AudioPortConfig{id: 101001, portId: 101001, sampleRate: Int{value: 48000}, channelMask: AudioChannelLayout{layoutMask: 1}, format: AudioFormatDescription{type: PCM, pcm: INT_16_BIT, encoding: }, gain: (null), flags: AudioIoFlags{input: 0}, ext: AudioPortExt{device: AudioPortDeviceExt{device: AudioDevice{type: AudioDeviceDescription{type: IN_MICROPHONE, connection: }, address: AudioDeviceAddress{id: bottom}}, flags: 1, encodedFormats: [], encapsulationModes: 0, encapsulationMetadataTypes: 0, speakerLayout: (null)}}}
I/AHal::PortRouteManager(  959): UpdatePortConfiguration: update config 101001 on microphones/101001
D/AOC     ( 1205): A3:MSG: lsm6dsv_device.cc, 732: USF: Lsm6dsvDevice: Sensor 0: Enabled 1, odr_index 6, period_ns 10000000.
I/ASvc::Module(  959): setAudioPortConfig: requested = AudioPortConfig{id: 0, portId: 1004, sampleRate: Int{value: 16000}, channelMask: AudioChannelLayout{layoutMask: 1}, format: AudioFormatDescription{type: PCM, pcm: INT_16_BIT, encoding: }, gain: (null), flags: AudioIoFlags{input: 2}, ext: AudioPortExt{mix: AudioPortMixExt{handle: 862, usecase: AudioPortMixExtUseCase{source: HOTWORD}, maxOpenStreamCount: 0, maxActiveStreamCount: 0, recommendedMuteDurationMs: 0}}}
I/AHal::PortRouteManager(  959): AddPortConfiguration: add config 400124 on sound-trigger-capture/1004
D/AOC     ( 1205): A3:MSG: lsm6dsv_fifo.cc, 755: USF: Lsm6dsvFifo: ODR: XL/G/T/TS: 120/60/15/15 WM: 10 Intr: 21.
I/AHal::PortRouteManager(  959): UpdateOrAddPatch: add patch 123, AudioPatch{id: 123, source: [101001/101001: microphones], sink: [400124/1004: sound-trigger-capture], min frames: 1024, latencies: [64]}
I/AHal::Router(  959): InvalidateLocked: nothing change between graph #694 and #695
I/ASvc::Module(  959): openInputStream: open input stream on the port config 400124, bufferSizeFrames = 1024, sinkMetadata = SinkMetadata{tracks: [RecordTrackMetadata{source: HOTWORD, gain: 1.000000, destinationDevice: (null), channelMask: AudioChannelLayout{layoutMask: 1}, tags: []}]}
I/WifiHAL ( 1017): Getting cached scan results, iface handle = 0xb4000072f282ed50
E/WifiHAL ( 1017): Creating message to get cached scan results
D/AOC     ( 1205): A3:MSG: lsm6dsv_device.cc, 641: USF: Lsm6dsvDevice: Fifo was disabled for 794881ns.
I/ASvc::Queues(  959): InitializeMessageQueues: data queue size 2048 bytes
D/ASvc::Queues(  959): FillStreamDescriptor: StreamDescriptor{command: MQDescriptor{grantors: [GrantorDescriptor{fdIndex: 0, offset: 0, extent: 8}, GrantorDescriptor{fdIndex: 0, offset: 8, extent: 8}, GrantorDescriptor{fdIndex: 0, offset: 16, extent: 8}, GrantorDescriptor{fdIndex: 0, offset: 24, extent: 4}], handle: NativeHandle{fds: [fd:42], ints: []}, quantum: 8, flags: 1}, reply: MQDescriptor{grantors: [GrantorDescriptor{fdIndex: 0, offset: 0, extent: 8}, GrantorDescriptor{fdIndex: 0, offset: 8, extent: 8}, GrantorDescriptor{fdIndex: 0, offset: 16, extent: 56}, GrantorDescriptor{fdIndex: 0, offset: 72, extent: 4}], handle: NativeHandle{fds: [fd:43], ints: []}, quantum: 56, flags: 1}, frameSizeBytes: 2, bufferSizeFrames: 1024, audio: AudioBuffer{fmq: MQDescriptor{grantors: [GrantorDescriptor{fdIndex: 0, offset: 0, extent: 8}, GrantorDescriptor{fdIndex: 0, offset: 8, extent: 8}, GrantorDescriptor{fdIndex: 0, offset: 16, extent: 2048}, GrantorDescriptor{fdIndex: 0, offset: 2064, extent: 4}], handle: NativeHandle{fds: [fd:44], ints: []}, quantum: 1, flags: 1}}}
D/TelephonyConfigUpdateInstallReceiver( 2429): getConfigParser: domain=satellite
V/SatelliteController( 2429): satelliteConfigParser is not ready
I/AUtl::Worker(  959): Loop: pw-sound-trigger-capture started
D/SatelliteController( 2429): getDeviceSatellitePlmnListFromConfigUpdater: return empty list
D/SatelliteController( 2429): getCarrierRoamingNtnAllSatellitePlmnSetFromStorage: [302723, 44026, 44055, 312190, 73029, 44025, 313210, 23402, 310210, 310830, 53013, 255707, 50511, 771688, 50559]
D/SatelliteController( 2429): getAllPlmnList: [302723, 44026, 44055, 312190, 73029, 44025, 313210, 23402, 310210, 310830, 53013, 255707, 50511, 771688, 50559]
D/usf_sensor_hal(  992): IMU temperature: Enter Batch. Period = 533334000, latency = 0.
I/AUtl::Worker(  959): Loop: cw-sound-trigger-capture started
D/SatelliteController( 2429): isDtcSatelliteTechnologySupported: subId=2, plmn=44011
I/AHal::GainPcmProcessor(  959): SetVolume: target gain: 1, current gain: 1
I/ASvc::Module(  959): openInputStream: create sound-trigger-capture(0xb4000076ad328410)
D/usf_sensor_hal(  992): accelerometer: Enter Flush
D/TelephonyConfigUpdateInstallReceiver( 2429): getConfigParser: domain=satellite
V/SatelliteController( 2429): satelliteConfigParser is not ready
D/SatelliteController( 2429): getDeviceSatellitePlmnListFromConfigUpdater: return empty list
D/SatelliteController( 2429): getCarrierRoamingNtnAllSatellitePlmnSetFromStorage: [302723, 44026, 44055, 312190, 73029, 44025, 313210, 23402, 310210, 310830, 53013, 255707, 50511, 771688, 50559]
D/SatelliteController( 2429): getAllPlmnList: [302723, 44026, 44055, 312190, 73029, 44025, 313210, 23402, 310210, 310830, 53013, 255707, 50511, 771688, 50559]
D/SatelliteController( 2429): isDtcSatelliteTechnologySupported: the plmn=44011 is not contained in satellite provider
D/NtnCapabilityResolver( 2429): isNtn=false
D/NtnCapabilityResolver( 2429): isDtcSupported=false
D/StreamHalAidl( 1018): [in|ioHandle:862] StreamHalAidl
D/StreamHalAidl( 1018): [in|ioHandle:862] getAudioProperties
D/StreamHalAidl( 1018): [in|ioHandle:862] getFrameSize
D/TelephonyConfigUpdateInstallReceiver( 2429): getConfigParser: domain=satellite
V/SatelliteController( 2429): satelliteConfigParser is not ready
D/SatelliteController( 2429): getDeviceSatellitePlmnListFromConfigUpdater: return empty list
D/SatelliteController( 2429): getCarrierRoamingNtnAllSatellitePlmnSetFromStorage: [302723, 44026, 44055, 312190, 73029, 44025, 313210, 23402, 310210, 310830, 53013, 255707, 50511, 771688, 50559]
D/SatelliteController( 2429): getAllPlmnList: [302723, 44026, 44055, 312190, 73029, 44025, 313210, 23402, 310210, 310830, 53013, 255707, 50511, 771688, 50559]
D/SatelliteController( 2429): isDtcSatelliteTechnologySupported: subId=2, plmn=44011
D/StreamHalAidl( 1018): [in|ioHandle:862] getAudioProperties
D/StreamHalAidl( 1018): [in|ioHandle:862] getAudioProperties
D/StreamHalAidl( 1018): [in|ioHandle:862] getBufferSize
I/StreamHalAidl( 1018): [in|ioHandle:862] getBufferSize: size: 2048
D/TelephonyConfigUpdateInstallReceiver( 2429): getConfigParser: domain=satellite
V/SatelliteController( 2429): satelliteConfigParser is not ready
D/SatelliteController( 2429): getDeviceSatellitePlmnListFromConfigUpdater: return empty list
D/StreamHalAidl( 1018): [in|ioHandle:862] getBufferSize
I/StreamHalAidl( 1018): [in|ioHandle:862] getBufferSize: size: 2048
D/StreamHalAidl( 1018): [in|ioHandle:862] getAudioProperties
D/SatelliteController( 2429): getCarrierRoamingNtnAllSatellitePlmnSetFromStorage: [302723, 44026, 44055, 312190, 73029, 44025, 313210, 23402, 310210, 310830, 53013, 255707, 50511, 771688, 50559]
D/SatelliteController( 2429): getAllPlmnList: [302723, 44026, 44055, 312190, 73029, 44025, 313210, 23402, 310210, 310830, 53013, 255707, 50511, 771688, 50559]
D/SatelliteController( 2429): isDtcSatelliteTechnologySupported: the plmn=44011 is not contained in satellite provider
D/NtnCapabilityResolver( 2429): isNtn=false
D/NtnCapabilityResolver( 2429): isDtcSupported=false
D/SatelliteController( 2429): registerForSatelliteModemStateChanged: add Listeners for ModemState
E/SatelliteController( 2429): registerForSatelliteModemStateChanged: mSatelliteSessionController is not initialized yet
E/SatelliteController( 2429): unregisterForModemStateChanged: mSatelliteSessionController is not initialized yet
D/SatelliteController( 2429): unregisterForModemStateChanged: remove Listeners for ModemState
I/WifiHAL ( 1017): In GetCachedScanResultsCommand::handleResponse
D/AOC     ( 1205): A3:MSG: usf_tbn_server.cc, 263: gti: Receive TBN event id: 207, op: 2
D/AOC     ( 1205): A3:MSG: usf_tbn_server.cc, 55: gti: Change bus owner to AP.
I/AudioFlinger( 1018): AudioFlinger's thread 0xb4000072c9128a38 tid=4751 ready to run
D/StreamHalAidl( 1018): [in|ioHandle:862] standby
D/AHal::UseCase(  959): SetActiveTracks: update sound-trigger-capture active tracks(1)
D/AOC     ( 1205): A3:MSG: usf_touch_device.cc, 801: gtd: On tbn event, state: 1.
W/APM::Devices( 1018): setPreferredConfig, failed, the device does not support requested value
W/APM::AudioInputDescriptor( 1018): setDevice failed to set preferred config for device AUDIO_DEVICE_IN_BUILTIN_MIC, @:bottom
D/AOC     ( 1205): A3:MSG: usf_touch_device.cc, 593: gtd: Bus: 0, Host: 0; Enabled: 0.
D/DeviceHalAidl( 1018): [default] createAudioPatch: sources: 1 sinks 1
D/AOC     ( 1205): A3:MSG: usf_tbn_server.cc, 236: gti: Send TBN event response id: 207, op: 2
D/Hal2AidlMapper( 1018): [default] createOrUpdatePatch: patch ID: 0, [disregard IDs] sources: [AudioPortConfig{id: 21, portId: 0, sampleRate: Int{value: 48000}, channelMask: AudioChannelLayout{indexMask: 15}, format: AudioFormatDescription{type: PCM, pcm: INT_16_BIT, encoding: }, gain: (null), flags: (null), ext: AudioPortExt{device: AudioPortDeviceExt{device: AudioDevice{type: AudioDeviceDescription{type: IN_MICROPHONE, connection: }, address: AudioDeviceAddress{id: bottom}}, flags: 0, encodedFormats: [], encapsulationModes: 0, encapsulationMetadataTypes: 0, speakerLayout: (null)}}}], sinks: [AudioPortConfig{id: 397, portId: 0, sampleRate: Int{value: 16000}, channelMask: AudioChannelLayout{layoutMask: 1}, format: AudioFormatDescription{type: PCM, pcm: INT_16_BIT, encoding: }, gain: (null), flags: AudioIoFlags{input: 2}, ext: AudioPortExt{mix: AudioPortMixExt{handle: 862, usecase: AudioPortMixExtUseCase{source: HOTWORD}, maxOpenStreamCount: 0, maxActiveStreamCount: 0, recommendedMuteDurationMs: 0}}}]
I/ASvc::Module(  959): setAudioPortConfig: requested = AudioPortConfig{id: 101001, portId: 101001, sampleRate: Int{value: 48000}, channelMask: AudioChannelLayout{indexMask: 15}, format: AudioFormatDescription{type: PCM, pcm: INT_16_BIT, encoding: }, gain: (null), flags: AudioIoFlags{input: 0}, ext: AudioPortExt{device: AudioPortDeviceExt{device: AudioDevice{type: AudioDeviceDescription{type: IN_MICROPHONE, connection: }, address: AudioDeviceAddress{id: bottom}}, flags: 1, encodedFormats: [], encapsulationModes: 0, encapsulationMetadataTypes: 0, speakerLayout: (null)}}}
I/ASvc::Module(  959): setAudioPortConfig: requested = AudioPortConfig{id: 101001, portId: 101001, sampleRate: Int{value: 48000}, channelMask: AudioChannelLayout{layoutMask: 1}, format: AudioFormatDescription{type: PCM, pcm: INT_16_BIT, encoding: }, gain: (null), flags: AudioIoFlags{input: 0}, ext: AudioPortExt{device: AudioPortDeviceExt{device: AudioDevice{type: AudioDeviceDescription{type: IN_MICROPHONE, connection: }, address: AudioDeviceAddress{id: bottom}}, flags: 1, encodedFormats: [], encapsulationModes: 0, encapsulationMetadataTypes: 0, speakerLayout: (null)}}}
I/AHal::PortRouteManager(  959): UpdatePortConfiguration: update config 101001 on microphones/101001
I/Hal2AidlMapper( 1018): [default] createOrUpdatePatch: Updating transient patch. Current: AudioPatch{id: 123, sourcePortConfigIds: [101001], sinkPortConfigIds: [400124], minimumStreamBufferSizeFrames: 1024, latenciesMs: [64]}, new: AudioPatch{id: 123, sourcePortConfigIds: [101001], sinkPortConfigIds: [400124], minimumStreamBufferSizeFrames: 0, latenciesMs: []}
I/AHal::PortRouteManager(  959): UpdateOrAddPatch: update patch 123, AudioPatch{id: 123, source: [101001/101001: microphones], sink: [400124/1004: sound-trigger-capture], min frames: 1024, latencies: [64]}
I/AHal::Router(  959): InvalidateLocked: nothing change between graph #695 and #696
I/ASvc::StreamInSyncStates(  959): cw-sound-trigger-capture: Command{start: Void{}} in StreamInStandbyState
I/ASvc::CommandWorker(  959): StartStreamAndActivateRoute: try to start sound-trigger-capture, counter 5
I/AHal::Router(  959): RequestActivateScopedLock: requesting scoped lock for 400124
I/AHal::Router(  959): Activate: activate 400124
I/AHal::RoutingGraphBuilder(  959): ApplyDeviceRoutingWorkaround: WA4 - replace with sound-trigger microphones for sound-trigger use cases
I/AHal::AocDspModeAdapter(  959): SetAudioTaskActive: Updated audio task is 1
I/AHal::Router(  959): InvalidateLocked: new graph #697 Edges(1):
I/AHal::Router(  959):   [direction: 1, use case: sound-trigger-capture, id: 0, use case extras: [aec: false, ns: false], use case attributes: [active track: true][sample_rate: 16000][channel layout: AudioChannelLayout{layoutMask: 1}][format: AudioFormatDescription{type: PCM, pcm: INT_16_BIT, encoding: }], device: sound-trigger-microphones, handle: 0xb4000076ad322110, device extras: [source: HOTWORD, voice call: false, st aec: false, hac: false, sr: 16000, ch: AudioChannelLayout{layoutMask: 3}, f: AudioFormatDescription{type: PCM, pcm: INT_16_BIT, encoding: }, hifi: 0], config id: [u: 400124, d:101012], priority: 0002]
I/AHal::Router(  959): InvalidateLocked: ============ apply graph #697 [Fri Sep  4 19:40:37 2026] start ============
I/AHal::Router(  959): LogTransferring: Transferring (1):
I/AHal::Router(  959): LogTransferring:   (null) => sound-trigger-microphones -> sound-trigger-capture-0
I/AHal::Router(  959): Configure: config device sound-trigger-microphones -> sound-trigger-capture-0
I/AHal::AocDspModeAdapter(  959): AddRoutes: Active Route:{{use case = sound-trigger-capture, device = sound-trigger-microphones, source = HOTWORD, channel_count = 1}},
I/AHal::VoiceCall(  959): Update: reset echo reference device
D/audio_route(  959): Apply path: sound-trigger-microphones -> sound-trigger-capture-0
I/AHal::AudioRoutePathController(  959): ApplyPath: sound-trigger-microphones -> sound-trigger-capture-0: true
I/AHal::DeviceInterface(  959): Connect: connect sound-trigger-microphones -> sound-trigger-capture-0
I/AHal::Router(  959): InvalidateLocked: ============ apply graph #697 end ============
D/AHal::AudioMetric::EventDataHandler(  959): UpdatePlaybackInfo: Updating Playback Info: PlaybackInfo {}
D/AHal::AudioMetric::EventDataHandler(  959): UpdateCaptureInfo: Updating Capture Info: CaptureInfo: {Route: {audio_source: HOTWORD, device: sound-trigger-microphones, use_case: sound-trigger-capture}, volume: 0, is_active: 0, sample_rate: 16000, channel_count: 1, audio_format_type: PCM, pcm_type: INT_16_BIT, encoding:  }
I/ASvc::StreamIn(  959): setMicrophoneDirection (sound-trigger-capture) : direction = UNSPECIFIED
D/AHal::AudioMetric::EventDataHandler(  959): UpdateCallInfo: Updating Call Info: RoutingInfo:
D/AHal::AudioMetric::EventDataHandler(  959): Uplink: NULL, 
D/AHal::AudioMetric::EventDataHandler(  959): Downlink: NULL
D/AHal::AudioMetric::EventDataHandler(  959): AudioMode: NORMAL
I/ASvc::PeriodicWorker(  959): SetLinkedConfigIds: update linked configs [101012]
I/AHal::Stream(  959): Start: start stream sound-trigger-capture
I/StHal::Client(  959): ChangeStateTo: client 1 transits from CallbackProcessing to Buffering
I/StHal::SoundTriggerDriverOperations(  959): Start: io_handle 862, with engine type: 2
I/AHal::Stream(  959): Start: stream sound-trigger-capture started with latency 0 ms.
I/AHal::Router(  959): ReleaseActivatingConfigId: releasing scoped lock for 400124
I/hwc-display(  554): [PrimaryDisplay] setActiveConfig: config(36)
I/hwc-display(  554): [PrimaryDisplay] resetConfigRequestStateLocked: mConfigRequestState (0) is not REQUESTED
I/suez-nanoapp-clients(  992): Enabling ip_health nanoapp.
D/SurfaceFlinger(  552): Finished setting power mode 2 on physical display 4619827677550801152
I/hwc-display(  554): Display Temperature : 33°C
I/ASvc::StreamInSyncStates(  959): cw-sound-trigger-capture: Command{burst: 2048} in StreamInIdleState
D/AOC     ( 1205): CHRE: DRAM vote count begins
D/AOC     ( 1205): A3:MSG: usf_sensor.cc, 1866: USF: Received start sampling request for ICP20100 Pressure Sensor (active:1).
D/CHRE    (  967): @ 72737.064: Parsed nanoapp message from host: app ID 0x476f6f676c001022 endpoint 0x8042 msgType 1 payload size 0
D/AOC     ( 1205): A3:MSG: icp20100_device.cc, 176: USF: ICP20100: Temperature starts sampling: period_ns = 1000000000, max_latency_ns = 
I/hwc-display(  554): [0] presentDisplay is skipped by mSkipFrame
D/hwc-display(  554): 	This is the first frame after power on
D/AOC     ( 1205): CHRE: DRAM vote count ends: 0 ms
D/AOC     ( 1205): CHRE: DRAM vote count begins
I/ImeTracker( 1509): system_server:df52a56c: onRequestShow at ORIGIN_SERVER reason CONTROLS_CHANGED fromUser false displayId 0
W/hwc-3   (  554): setPresentFence: invalid present fence -1
I/CHRE    (  967): @ 72737.065: [ip] Received message from host endpoint 0x8042 of type 1 and size 0.
I/CHRE    (  967): @ 72737.065: [ip] App enabled by host.
D/AOC     ( 1205): CHRE: DRAM vote count ends: 0 ms
I/ImeTracker(17230): system_server:df52a56c: onCancelled at PHASE_CLIENT_ON_CONTROLS_CHANGED
D/SurfaceControl( 1509): Excessive delay in setPowerMode()
I/LocalDisplayAdapter( 1509): SF.setDisplayPowerMode took 177ms
W/hwc-3   (  554): HalImpl: set expected present time multiple times in one frame
I/AdbWifiNetworkMonitor( 1509): Wi-Fi network available
I/AdbWifiNetworkMonitor( 1509): Received the same Wi-Fi SSID. Ignoring.
I/AudioService.RecordingActivityMonitor( 1509): rec update riid:2239 uid:10173 session:1441 src:HOTWORD not silenced pack:com.google.android.as
E/SurfaceFlinger(  552): trackPendingFrame: Invalid present fence
W/PowerManagerService( 1509): Screen on took 262 ms
I/DreamManagerService( 1509): Gently waking up from dream.
D/AOC     ( 1205): A3:MSG: icp20100_device.cc, 146: USF: ICP20100: Barometer starts sampling: period_ns = 40000000, max_latency_ns = 1000
D/IwlanNetworkStatusTracker( 2837): onCapabilitiesChanged: 112
D/IwlanNetworkStatusTracker( 2837): OnCapability : Wifi Available already true and validation status unchanged
E/IwlanNetworkStatusTracker( 2837): Could not get Wifi SSID
D/IwlanDataService( 2735): onCapabilitiesChanged: 112 [ Transports: WIFI Capabilities: NOT_METERED&INTERNET&NOT_RESTRICTED&TRUSTED&NOT_VPN&VALIDATED&NOT_ROAMING&FOREGROUND&NOT_CONGESTED&NOT_SUSPENDED&PARTIAL_CONNECTIVITY&NOT_VCN_MANAGED&NOT_BANDWIDTH_CONSTRAINED LinkUpBandwidth>=32144Kbps LinkDnBandwidth>=92840Kbps TransportInfo: <SSID: "Rakuten Turbo-1763", BSSID: c4:13:75:8a:17:65, MAC: b6:d2:58:ad:f7:15, IP: /192.168.210.181, Security type: 2, Supplicant state: COMPLETED, Wi-Fi standard: 11ax, RSSI: -41, Link speed: 1020Mbps, Tx Link speed: 1020Mbps, Max Supported Tx Link speed: 1200Mbps, Calculated Tx : 883Mbps, Rx Link speed: 1080Mbps, Max Supported Rx Link speed: 1200Mbps, Calculated Rx : 1016Mbps, Frequency: 5580MHz, Net ID: 63, Metered hint: false, score: 100, isUsable: true, CarrierMerged: false, SubscriptionId: -1, IsPrimary: 1, Trusted: true, Restricted: false, Ephemeral: false, OEM paid: false, OEM private: false, OSU AP: false, FQDN: <none>, Provider friendly name: <none>, Requesting package name: <none>"Rakuten Turbo-1763"wpa2-pskMLO Information: , Is TID-To-Link negotiation supported by the AP: false, AP MLD Address: <none>, AP MLO Link Id: <none>, AP MLO Affiliated links: <none>, Vendor Data: <none>> SignalStrength: -41 OwnerUid: 1000 AdminUids: [1000] SSID: "Rakuten Turbo-1763" UnderlyingNetworks: Null]
D/IwlanDataService( 2735): Network 112 connected using transport WIFI
I/WifiSignalInfo( 3179): onCapabilitiesChanged: rssi:-41
I/ImeTracker( 1509): com.termux:11712: onRequestShow at ORIGIN_SERVER reason ATTACH_NEW_INPUT fromUser false userId 0 displayId 0
D/ImsPreconditionCheck( 3179): {subId=2} handleMessage: { when=-1ms what=16 target=ejg async=false heapIndex=-1 }
D/ImsPreconditionCheck( 3179): {subId=2} onWifiCapabilitiesChanged: wifiNetworkValidated: true
D/DeviceStateHelper( 3179): Wifi freq: 5580
I/GoogleInputMethodService( 4246): GoogleInputMethodService.onStartInput():1532 onStartInput(EditorInfo{EditorInfo{packageName=com.termux, inputType=0, inputTypeString=NULL, enableLearning=false, autoCorrection=false, autoComplete=false, imeOptions=2000000, privateImeOptions=null, actionName=UNSPECIFIED, actionLabel=null, initialSelStart=-1, initialSelEnd=-1, initialCapsMode=0, label=null, fieldId=2131231121, fieldName=null, extras=null, hintText=null, hintLocales=[]}}, false)
I/LatinIMEBase( 4246): LatinIMEBase.updateInputViewCoverNavigation():316 Update input view padding, isNavbarOverInputWindow=true, bottom inset=126
I/Module  ( 4246): DeviceLockedStatusModuleProvider$Module.updateDeviceLockedStatusInternal():119 repeatCheckTimes = 1, locked = false
I/GoogleInputMethodService( 4246): GoogleInputMethodService.onStartInputView():1618 onStartInputView(EditorInfo{EditorInfo{packageName=com.termux, inputType=0, inputTypeString=NULL, enableLearning=false, autoCorrection=false, autoComplete=false, imeOptions=2000000, privateImeOptions=null, actionName=UNSPECIFIED, actionLabel=null, initialSelStart=-1, initialSelEnd=-1, initialCapsMode=0, label=null, fieldId=2131231121, fieldName=null, extras=null, hintText=null, hintLocales=[]}}, false)
D/AOC     ( 1205): A3:MSG: tmd3719_device.cc, 4540: USF: TMD3719: dbv:0 leakage:0.069675 refresh_rate:60 status:1 op_hz:60 [1]
W/ModuleManager( 4246): ModuleManager.loadModule():641 Module qrl is not available
W/PackageConfigPersister( 1509): App-specific configuration not found for packageName: com.termux and userId: 0
I/KeyboardHeightUtil( 4246): KeyboardHeightUtil.getOemKeyboardHeightRatio():81 systemKeyboardHeightRatio:1.100000.
W/InputChannel-JNI( 1509): Channel already disposed.
D/AOC     ( 1205): A3:MSG: usf_vsc_log.cc, 83: VSC: [WO] displayInfoEvent displayId=0, status=1
I/ASvc::StreamIn(  959): setMicrophoneFieldDimension (sound-trigger-capture) : zoom = 0
W/AudioTrackShared( 1018): releaseBuffer: dropped wake
W/ModuleManager( 4246): ModuleManager.loadModule():641 Module roj is not available
D/AOC     ( 1205): A3:MSG: tmd3719_device.cc, 4186: USF: TMD3719: [PROX]New PPERS: 0
D/NetworkMonitor/112( 2306): PROBE_HTTP http://connectivitycheck.gstatic.com/generate_204 time=64ms ret=204 request={Connection=[close], User-Agent=[Mozilla/5.0 (X11; Linux x86_64) AppleWebKit/537.36 (KHTML, like Gecko) Chrome/60.0.3112.32 Safari/537.36]} headers={null=[HTTP/1.1 204 No Content], Connection=[close], Content-Length=[0], Cross-Origin-Resource-Policy=[cross-origin], Date=[Fri, 04 Sep 2026 10:40:37 GMT], X-Android-Received-Millis=[1788518437228], X-Android-Response-Source=[NETWORK 204], X-Android-Selected-Protocol=[http/1.1], X-Android-Sent-Millis=[1788518437196]}
D/NetworkMonitor/112( 2306): isCaptivePortal: isSuccessful()=true isPortal()=false RedirectUrl=null isPartialConnectivity()=false Time=118ms
W/SHANNON_IMS( 2398): 9147 [CONN] NetworkSpecifier and TransportInfo are not valid (DefaultNetworkCallback%updateSubscriptionId:121)
I/SHANNON_IMS( 2398): 9148 [CONN] network:112 WIFI connected, subId: -1 [SLID:1] (DefaultNetworkCallback%onCapabilitiesChanged:76)
I/hwc-display(  554): path=drm, id=0, level=890, nits=48.809750, brightness=0.033428, DimmingOn=1, Hbm=0, LhbmOn=0, OpRate=60
D/hwc-display(  554): [PrimaryDisplay] OperationRateManager::onBrightness:dbv=890
I/DreamManagerService( 1509): Leaving dreamland.
I/DreamController( 1509): Stopping dream: name=ComponentInfo{com.android.systemui/com.android.systemui.doze.DozeService}, isPreviewMode=false, canDoze=true, userId=0, reason='finished self'(from 'power manager request')
D/DLObserver( 2175): remove listener: com.android.systemui.doze.DozeTriggers$DockEventListener@bbd8fd3
E/DreamController( 1509): Dream activity is null.
D/DLObserver( 2175): remove listener: com.android.systemui.doze.DozeDockHandler$DockEventListener@b907372
D/NetworkChangeCallback(17488): onCapabilitiesChanged: cachedDefaultNetwork=112 iface=wlan0
D/usf_sensor_hal(  992): device pickup: Enter Activate. Enable = 0.
D/gojni   (17488): NetworkChangeCallback: onCapabilitiesChanged: cachedDefaultNetwork=112 iface=wlan0
I/InputContextChangeTracker( 4246): InputContextChangeTracker.fixLyingSelectionRangeFromSurroundingText():1678 fixLyingSelectionRangeFromSurroundingText(): [-1, -1]([-1, -1]) -> [0, 0]([0, 0])
I/InputBundleManager( 4246): InputBundleManager.startInput():356 startInput2 restarting=false
D/AOC     ( 1205): A3:MSG: usf_sensor.cc, 1881: USF: Received stop sampling request for Lift to Wake Sensor (active:0).
I/InputBundleManager( 4246): InputBundleManager.loadActiveInputBundleId():552 loadActiveInputBundleId: und-Latn-x-password-ascii, password_ascii
D/AOC     ( 1205): A3:MSG: vsc_sensor.cc, 68: VSC: [Lift to Wake Sensor] disable.
D/AOC     ( 1205): A3:MSG: usf_vsc_log.cc, 69: VSC: [Lift_to_Wake] Enable Lift to Wake gesture : 0
I/InputBundle( 4246): InputBundle.activateIme():599 activateIme: INACTIVE, keyboardType=prime
I/BugleRcsEngine( 4303): handleMessage processing message:[NOTIFY_UPTIME_IGNORE_STATE_CHANGED] with [non-null]:RcsEngineImpl reference [CONTEXT log_prefix="RcsEngineImpl[DUAL_REG]:[8a7fce3d-88df]>Handler" thread_id=60 ]
I/AbstractIme( 4246): AbstractIme.onActivate():111 PasswordIme.onActivate() : EditorInfo = EditorInfo{packageName=com.termux, inputType=0, inputTypeString=NULL, enableLearning=false, autoCorrection=false, autoComplete=false, imeOptions=2000000, privateImeOptions=null, actionName=UNSPECIFIED, actionLabel=null, initialSelStart=-1, initialSelEnd=-1, initialCapsMode=0, label=null, fieldId=2131231121, fieldName=null, extras=null, hintText=null, hintLocales=[]}, IncognitoMode = false, DeviceLocked = false
I/InputBundle( 4246): InputBundle.activateKeyboard():662 activateKeyboard: ACTIVE, type=KeyboardTypeAndPayload(keyboardType=prime, payload=null)
I/KeyboardWrapper( 4246): KeyboardWrapper.activateKeyboard():592 activateKeyboard(): type=prime, status=INACTIVE, imeDef=ImeDef{stringId=password_ascii, language=und-Latn-x-password-ascii, languageTag=und-Latn-x-password-ascii, processedConditions={enable_pk_simulator=false, enable_number_row=true, show_suggestion_strip=true, device=phone, enable_number_row_in_password=true}, className=com.google.android.libraries.inputmethod.ime.password.PasswordIme, label=2132019491, keyEventInterpreter=null, inlineComposing=true, autoCapital=true, announceAutoSelectedCandidate=true, statusIcon=0, indicatorIcon=0, indicatorLabel=null, displayAppCompletions=false, extraValues=png{}, processors=com.google.android.libraries.inputmethod.metadata.ProcessorsDef@a0b3baf, unacceptableMetaKeys=4098, languageSpecificSettings=0, asciiCapable=false, alwaysShowSuggestions=false, useAsciiPasswordKeyboard=false, keyboardGroupDef=KeyboardGroupDef(variant=qwerty, variantLabel=0, pkLanguageTag=, pkLayoutType=, dynamicLayout=null, layoutSpecificSettings=[], layoutSpecificTheme=2132083615, order=0, supportsSplitMode=false, supportsOneHandedMode=true, isVariantNameMandatory=false, keyboardDefInfos={prime=KeyboardDefInfo(kbType=prime, initialStates=0, keyboardSources=[Xml(resId=2132215149), Xml(resId=2132215807), Xml(resId=2132215797)], extraValues=png{}), digit=KeyboardDefInfo(kbType=digit, initialStates=0, keyboardSources=[Xml(resId=2132215773)], extraValues=png{}), symbol=KeyboardDefInfo(kbType=symbol, initialStates=0, keyboardSources=[Xml(resId=2132215967)], extraValues=png{})}, overrideKeyboardXmlConditions=com.google.android.libraries.inputmethod.metadata.OverrideKeyboardXmlConditionsDef@4d24c0d3), phenotypeFlagId=0, localizationLanguageTag=null, supportsInlineSuggestion=false}
I/KeyboardManager( 4246): KeyboardManager.requestKeyboard():250 Creating keyboard prime, imeId=password_ascii, cacheKey=theme,!gsf,!pgsf,!use_system_font,BORDER,FLAVOR_DPI=XXHDPI,KEYBOARD_WIDTH_CATEGORY=NORMAL,KEY_BORDER_SHAPE=1,LIGHT_THEME=false,PHYSICAL_DIAGONAL=6.0046473,POPUP,SCREEN_SHORTEST_WIDTH=411,SCREEN_SHORTEST_WIDTH_NO_SCALE=411,SW400DP,XXHDPI,bottom4dp,enable_popup_on_keypress=true,non_linear_scale,noshadow,overlay_builtin_dynamic_color_dark_base.binarypb:gm3-dark-ff120d08-ffe9c088-dfde8fb1dce2f95c4d4e0f80f0b8dd32,pgsans,silkpopup
I/NearbySharing( 2764): Stopping Fast Init advertisement because we're not scanning in the foreground.
I/KeyboardDefManager( 4246): KeyboardDefManager.requestKeyboardDef():127 requestKeyboardDef(): type=prime, info=pot{defIds=[#0x7f17056d, #0x7f1707ff, #0x7f1707f5], defIdsCacheKey=2132215149,2132215807,2132215797}
I/KeyboardDefManager( 4246): KeyboardDefManager.requestKeyboardDef():194 requestKeyboardDef(): getOrCreate from cache, info=pot{defIds=[#0x7f17056d, #0x7f1707ff, #0x7f1707f5], defIdsCacheKey=2132215149,2132215807,2132215797}
I/KeyboardDefManager( 4246): KeyboardDefManager$Companion$addFutureCallbackForKeyboardDefReceiver$<anonymous>.onSuccess():445 requestKeyboardDef onSuccess(): info=pot{defIds=[#0x7f17056d, #0x7f1707ff, #0x7f1707f5], defIdsCacheKey=2132215149,2132215807,2132215797}
I/KeyboardWrapper( 4246): KeyboardWrapper.onKeyboardReady():226 onKeyboardReady(): type=prime(prime), kb=com.google.android.apps.inputmethod.latin.keyboard.LatinPasswordKeyboard@e20a792
I/KeyboardWrapper( 4246): KeyboardWrapper.doActivateKeyboard():624 doActivateKeyboard(): prime
I/BugleRcsEngine( 4303): Connected state: [1], networkType: [WIFI] [CONTEXT thread_id=55 ]
D/AOC     ( 1205): A3:MSG: tmd3719_device.cc, 4540: USF: TMD3719: dbv:890 leakage:0.141183 refresh_rate:60 status:1 op_hz:60 [1]
D/ActivityManager( 1509): sync unfroze 5289 com.google.android.apps.messaging for 7
I/BaseKeyboardSizeHelper( 4246): BaseKeyboardSizeHelper.calculateMaxKeyboardBodyHeight():79 leave 281 height for app when ime window height:2153, header height:116 and isFullscreenMode:false, so the max keyboard body height is:1756
D/usf_sensor_hal(  992): quick pickup: Enter Activate. Enable = 0.
W/TooltipLifecycleManager( 4246): TooltipLifecycleManager.dismissTooltips():152 Tooltip with id undo_access_point_promotion_banner not found in tooltipManager.
W/Keyboard( 4246): Keyboard.getKeyboardViewHelper():625 null helper is returned: keyboardDef=KeyboardDef{processedConditions={device=phone, android_software_xr_api_spatial=false, free_cursor=false, enable_free_cursor_by_long_press_space=true, enable_scrub_move=true, layout_9key_split=false, expressions=normal, language=en, variant=japanese_12keys_toggleflick, enable_pk_simulator=false, pref_enable_flick_symbols=false, enable_secondary_symbols=false, keyboard_mode=normal, enable_number_row=true}, globalConditions={global_theme_key=theme,!gsf,!pgsf,!use_system_font,BORDER,FLAVOR_DPI=XXHDPI,KEYBOARD_WIDTH_CATEGORY=NORMAL,KEY_BORDER_SHAPE=1,LIGHT_THEME=false,PHYSICAL_DIAGONAL=6.0046473,POPUP,SCREEN_SHORTEST_WIDTH=411,SCREEN_SHORTEST_WIDTH_NO_SCALE=411,SW400DP,XXHDPI,bottom4dp,enable_popup_on_keypress=true,non_linear_scale,noshadow,overlay_builtin_dynamic_color_dark_base.binarypb:gm3-dark-ff120d08-ffe9c088-dfde8fb1dce2f95c4d4e0f80f0b8dd32,pgsans,silkpopup, global_locale=ja_JP, global_density_dpi=420, global_orientation=1}, className=.latin.keyboard.LatinPasswordKeyboard, resourceIds=[#0x7f17056d, #0x7f1707ff, #0x7f1707f5], initialStates=0, keyboardViewDefs=[KeyboardViewDef{direction=null, id=#0x7f0b023b, isScalable=true, layoutId=#0x7f0e02dd, type=BODY, touchable=true, defaultShow=true}, KeyboardViewDef{direction=LOCALE, id=#0x7f0b023b, isScalable=false, layoutId=#0x7f0e0542, type=HEADER, touchable=true, defaultShow=true}], persistentStates=0, persistentStatesPrefKey=null, popupBubbleLayoutId=#0x7f0e0633, recentKeyLayoutId=#0x0, recentKeyPopupLayoutId=#0x0, recentKeyType=null, rememberRecentKey=NONE, sessionStates=0}, type=FLOATING_CANDIDATES, helpersCreated={HEADER=oyz@cd2e5be, BODY=oyz@6bfe61f}, context.getResources().getConfiguration(): {1.15 440mcc11mnc [ja_JP] ldltr sw411dp w411dp h914dp 420dpi nrml long compactNeeded hdr widecg port night finger -keyb/v/h -nav/h winConfig={ mBounds=Rect(0, 0 - 1080, 2400) mAppBounds=Rect(0, 0 - 1080, 2400) mMaxBounds=Rect(0, 0 - 1080, 2400) mDisplayRotation=ROTATION_0 mWindowingMode=fullscreen mActivityType=undefined mAlwaysOnTop=undefined mRotation=ROTATION_0} as.3 s.69 fontWeightAdjustment=0}
D/AOC     ( 1205): A3:MSG: usf_sensor.cc, 1881: USF: Received stop sampling request for Quick Pickup Sensor (active:0).
D/AOC     ( 1205): A3:MSG: vsc_sensor.cc, 68: VSC: [Quick Pickup Sensor] disable.
W/Keyboard( 4246): Keyboard.getKeyboardViewHelper():625 null helper is returned: keyboardDef=KeyboardDef{processedConditions={device=phone, android_software_xr_api_spatial=false, free_cursor=false, enable_free_cursor_by_long_press_space=true, enable_scrub_move=true, layout_9key_split=false, expressions=normal, language=en, variant=japanese_12keys_toggleflick, enable_pk_simulator=false, pref_enable_flick_symbols=false, enable_secondary_symbols=false, keyboard_mode=normal, enable_number_row=true}, globalConditions={global_theme_key=theme,!gsf,!pgsf,!use_system_font,BORDER,FLAVOR_DPI=XXHDPI,KEYBOARD_WIDTH_CATEGORY=NORMAL,KEY_BORDER_SHAPE=1,LIGHT_THEME=false,PHYSICAL_DIAGONAL=6.0046473,POPUP,SCREEN_SHORTEST_WIDTH=411,SCREEN_SHORTEST_WIDTH_NO_SCALE=411,SW400DP,XXHDPI,bottom4dp,enable_popup_on_keypress=true,non_linear_scale,noshadow,overlay_builtin_dynamic_color_dark_base.binarypb:gm3-dark-ff120d08-ffe9c088-dfde8fb1dce2f95c4d4e0f80f0b8dd32,pgsans,silkpopup, global_locale=ja_JP, global_density_dpi=420, global_orientation=1}, className=.latin.keyboard.LatinPasswordKeyboard, resourceIds=[#0x7f17056d, #0x7f1707ff, #0x7f1707f5], initialStates=0, keyboardViewDefs=[KeyboardViewDef{direction=null, id=#0x7f0b023b, isScalable=true, layoutId=#0x7f0e02dd, type=BODY, touchable=true, defaultShow=true}, KeyboardViewDef{direction=LOCALE, id=#0x7f0b023b, isScalable=false, layoutId=#0x7f0e0542, type=HEADER, touchable=true, defaultShow=true}], persistentStates=0, persistentStatesPrefKey=null, popupBubbleLayoutId=#0x7f0e0633, recentKeyLayoutId=#0x0, recentKeyPopupLayoutId=#0x0, recentKeyType=null, rememberRecentKey=NONE, sessionStates=0}, type=WIDGET, helpersCreated={HEADER=oyz@cd2e5be, BODY=oyz@6bfe61f}, context.getResources().getConfiguration(): {1.15 440mcc11mnc [ja_JP] ldltr sw411dp w411dp h914dp 420dpi nrml long compactNeeded hdr widecg port night finger -keyb/v/h -nav/h winConfig={ mBounds=Rect(0, 0 - 1080, 2400) mAppBounds=Rect(0, 0 - 1080, 2400) mMaxBounds=Rect(0, 0 - 1080, 2400) mDisplayRotation=ROTATION_0 mWindowingMode=fullscreen mActivityType=undefined mAlwaysOnTop=undefined mRotation=ROTATION_0} as.3 s.69 fontWeightAdjustment=0}
I/BaseKeyboardSizeHelper( 4246): BaseKeyboardSizeHelper.calculateMaxKeyboardBodyHeight():79 leave 281 height for app when ime window height:2153, header height:116 and isFullscreenMode:false, so the max keyboard body height is:1756
D/AOC     ( 1205): A3:MSG: usf_sensor.cc, 1881: USF: Received stop sampling request for TMD3719 Proximity (active:1).
I/InputBundleManager( 4246): InputBundleManager.startInput():371 startInput() with KeyboardTypeAndPayload(keyboardType=prime, payload=null)
D/AOC     ( 1205): A3:MSG: usf_vsc_log.cc, 69: VSC: [QuickPickup] prox disabled.
I/NullBinder( 2764): NullBinder for android.net.action.RECOMMEND_NETWORKS triggering remote TransactionTooLargeException due to Service without Chimera impl, calling uid: 1000, calling pid: 0
W/libbinder.Binder( 2764): Large reply transaction of 1056768 bytes, interface descriptor , function: UNKNOWN_FUNCTION_NAME, code: 1, flags: 17
I/PkModeUpdater( 4246): PkModeUpdater.onActivate():95 End PK mode: disablePkMode=false, entry=ose{languageTag=ja-JP, variant=japanese_12keys_toggleflick, hasLocalizedResources=true, conditionCacheKey=_android_software_xr_api_spatial=false_device=phone_device_size=default_enable_free_cursor_by_long_press_space=true_enable_number_row=false_enable_number_row_in_password=true_enable_pk_simulator=false_enable_pk_simulator_setting=false_enable_popup_on_keypress=true_enable_scrub_move=true_enable_secondary_digits=true_enable_secondary_symbols=false_enable_simplified_expression_keyboard=false_expressions=normal_four_or_more_letter_rows=false_free_cursor=false_free_cursor_in_split_keyboard_gap=false_ja_enable_12keys_longpress_delay=true_ja_enable_popup_slideup_padding=true_ja_omit_support_label=true_ja_qwerty_enable_always_symbol_key=false_japanese_12keys_flick_only=true_japanese_12keys_toggle_only=false_japanese_12keys_use_qwerty_layout_for_alphabet=false_japanese_landscape_qwerty=false_japanese_pk_kana_input=false_japanese_use_tri_state_mode=false_keyboard_font_size_setting=_keyboard_mode=normal_language=ja-JP_layout_9key_split=false_orientation=portrait_physical_keyboard=nokeys_pk_simulator_vk_ready=false_pref_enable_flick_symbols=false_rtl_layout=false_show_comma_key=true_show_period_key=true_show_secondary_digits=true_show_suggestion_strip=true_show_suggestions=true_split_keyboard_handedness_ja=right_split_with_duplicate_keys=true_true=true_undo=false_variant=japanese_12keys_toggleflick_writing_helper_enable_by_word_revert=false, imeDef.stringId=ja_12keys_toggleflick_hiragana_alphabet, imeDef.className=com.google.android.apps.inputmethod.libs.mozc.ime.SimpleJapaneseIme, imeDef.languageTag=ja-JP}, editorInfo=android.view.inputmethod.EditorInfo@98d5b9f
I/AccessoryInputModeManager( 4246): AccessoryInputModeManager.onModeStarted():331 Accessory input mode started: null
D/AOC     ( 1205): A3:MSG: usf_vsc_log.cc, 69: VSC: [QuickPickup] MD disabled.
W/SupplementaryKeyboardsWrapper( 4246): SupplementaryKeyboardsWrapper.deactivateKeyboard():162 keyboard accessory_candidates_consumer is not activated before!
I/ContactPromoExtension( 4246): ContactPromoExtension.onActivate():82 Not activated ContactPromoExtension: not a normal text input box.
I/EmojiAndGlobeKeyExtension( 4246): EmojiAndGlobeKeyExtension.onActivate():146 
D/AOC     ( 1205): A3:MSG: usf_vsc_log.cc, 69: VSC: [QuickPickup] Sensor disabled.
I/KeyboardModeUtils( 4246): KeyboardModeUtils.getKeyboardBottomOffset():435 inch: 0.000000 ydpi: 409.127014 adjustKeyboardBottomByDisplaySize: false currentDensityDpi: 420 defaultDensityDpi: 420 keyboardBottomToScreenPx: 0 keyboardBottomToNavBarPx: -126 navBarHeight: 126
I/BaseKeyboardSizeHelper( 4246): BaseKeyboardSizeHelper.calculateMaxKeyboardBodyHeight():79 leave 281 height for app when ime window height:2153, header height:116 and isFullscreenMode:false, so the max keyboard body height is:1756
I/BaseKeyboardSizeHelper( 4246): BaseKeyboardSizeHelper.calculateMaxKeyboardBodyHeight():79 leave 281 height for app when ime window height:2153, header height:116 and isFullscreenMode:false, so the max keyboard body height is:1756
I/KeyboardViewManager( 4246): KeyboardViewManager.updateKeyboardBottomFrame():518 Set bottomFrameHeight = 10 while holderPaddingBottom = 10; navigationHeight = 126
I/BaseKeyboardSizeHelper( 4246): BaseKeyboardSizeHelper.calculateMaxKeyboardBodyHeight():79 leave 281 height for app when ime window height:2153, header height:116 and isFullscreenMode:false, so the max keyboard body height is:1756
I/BaseKeyboardSizeHelper( 4246): BaseKeyboardSizeHelper.calculateMaxKeyboardBodyHeight():79 leave 281 height for app when ime window height:2153, header height:116 and isFullscreenMode:false, so the max keyboard body height is:1756
I/BaseKeyboardSizeHelper( 4246): BaseKeyboardSizeHelper.calculateMaxKeyboardBodyHeight():79 leave 281 height for app when ime window height:2153, header height:116 and isFullscreenMode:false, so the max keyboard body height is:1756
W/ExtensionWrapper( 4246): ExtensionWrapper.setExtensionViewVisibility():909 interface pcw is not activate
I/NewLanguagePromptExtension( 4246): NewLanguagePromptExtension.onActivate():189 Not activated NewLanguagePromptExtension: not a normal text input box.
I/NgaExtension( 4246): NgaExtension.onActivate():672 NgaExtension#onActivate [SDG]
I/NgaVoiceInputHandlerSwitcher( 4246): NgaVoiceInputHandlerSwitcher.restorePrimary():251 not switching to primary. fallback is null [SDG]
I/NgaVoiceInputHandler( 4246): NgaVoiceInputHandler.maybeCreateInputManager():263 VoiceInputHandler:activating [SDG]
I/ModelessCommandDetector( 4246): ModelessCommandDetector.<init>():86 Created modeless command detector with language code ja [SDG]
I/NgaExtension( 4246): NgaExtension.onActivate():699 NgaExtension: interaction type=4 [SDG]
I/DictationHelper( 4246): DictationHelper.keyboardActiveSession():96 #keyboardActiveSession [SD]
I/InteractionManager( 4246): InteractionManager.startInteraction$<anonymous>$<anonymous>():37 #startInteraction [SD]
I/UniversalDictationUiProvider( 4246): UniversalDictationUiProvider.onActivate():63 onActivate() [UD]
I/Interaction( 4246): Interaction.start():57 Starting Interaction#301 [SD]
I/VoiceImeUtils( 4246): VoiceImeUtils.shouldStartVoiceInputAutomaticallyInCurrentInputBox():157 No private IME option set to start voice input. [RD]
I/KeyboardEventHandler( 4246): KeyboardEventHandler.handleKeyboardVisibilityEvent():219 Handling KeyboardVisibilityEvent: KEYBOARD_OPENED [SD]
D/AOC     ( 1205): CHRE: DRAM vote count begins
I/SpeechEnhancementLogger( 4246): SpeechEnhancementLogger.logAtInfo():24 Speech enhancement is disabled because device model is not supported [SD]
D/WM-WorkConstraintsTrack( 5289): NetworkRequestConstraintController onCapabilitiesChanged callback
D/AOC     ( 1205): CHRE: DRAM vote count ends: 0 ms
I/PackageStatusChecker( 4246): PackageStatusChecker.isPackageSuspended():24 Current package suspended=false [SD]
D/AOC     ( 1205): CHRE: DRAM vote count begins
D/CHRE    (  967): @ 72737.106: Parsed nanoapp message from host: app ID 0x476f6f676c00100b endpoint 0x5 msgType 112 payload size 14
I/CHRE    (  967): @ 72737.107: [NanoMinion] received MSG Type 0x70, Version 1, 10 bytes
I/CHRE    (  967): @ 72737.107: [AR] context-signal: has_bt=0, bt=0, has_wifi=1, wifi=1
D/AOC     ( 1205): CHRE: DRAM vote count ends: 0 ms
I/Module  ( 4246): DeviceLockedStatusModuleProvider$Module.updateDeviceLockedStatusInternal():119 repeatCheckTimes = 1, locked = false
D/ImeBackCallbackSender( 4246): Register OnBackInvokedCallback with priority=-1 at app window (packageName=com.termux)
W/ModuleManager( 4246): ModuleManager.loadModule():641 Module qrl is not available
I/Logging (30089): NetworkMonitorAutoDetect: handle: 484442034189 capabilities changed: [ Transports: WIFI Capabilities: NOT_METERED&INTERNET&NOT_RESTRICTED&TRUSTED&NOT_VPN&VALIDATED&NOT_ROAMING&FOREGROUND&NOT_CONGESTED&NOT_SUSPENDED&PARTIAL_CONNECTIVITY&NOT_VCN_MANAGED&NOT_BANDWIDTH_CONSTRAINED LinkUpBandwidth>=32144Kbps LinkDnBandwidth>=92840Kbps TransportInfo: <SSID: <unknown ssid>, BSSID: 02:00:00:00:00:00, MAC: 02:00:00:00:00:00, IP: /192.168.210.181, Security type: 2, Supplicant state: COMPLETED, Wi-Fi standard: 11ax, RSSI: -41, Link speed: 1020Mbps, Tx Link speed: 1020Mbps, Max Supported Tx Link speed: 1200Mbps, Calculated Tx : 883Mbps, Rx Link speed: 1080Mbps, Max Supported Rx Link speed: 1200Mbps, Calculated Rx : 1016Mbps, Frequency: 5580MHz, Net ID: -1, Metered hint: false, score: 100, isUsable: true, CarrierMerged: false, SubscriptionId: -1, IsPrimary: -1, Trusted: true, Restricted: false, Ephemeral: false, OEM paid: false, OEM private: false, OSU AP: false, FQDN: <none>, Provider friendly name: <none>, Requesting package name: <none><none>MLO Information: , Is TID-To-Link negotiation supported by the AP: false, AP MLD Address: <none>, AP MLO Link Id: <none>, AP MLO Affiliated links: <none>, Vendor Data: <none>> SignalStrength: -41 UnderlyingNetworks: Null]
I/GoogleInputMethodService( 4246): GoogleInputMethodService.onWindowShown():2503 
I/NearbySharing( 2764): Failed to advertise because we're already advertising with mode BACKGROUND, certificate visibility ALL_CONTACTS data usage preference ONLINE, and bt advertising false with vendorId 0
I/HardKeyTracker( 4246): HardKeyTracker.unregisterKeySequence():259 Unregister key sequence qpd{labelResId=2132020707, callback=gbv@9639a42, lastModifier=2, keyCodes=[32], actions=[0]}
I/HardKeyTracker( 4246): HardKeyTracker.unregisterKeySequence():259 Unregister key sequence qpd{labelResId=2132020707, callback=gbv@974fa53, lastModifier=0, keyCodes=[319], actions=[0]}
I/HardKeyTracker( 4246): HardKeyTracker.registerKeySequence():201 Register key sequence qpd{labelResId=2132020707, callback=gbv@1f582fa, lastModifier=2, keyCodes=[32], actions=[0]}
I/HardKeyTracker( 4246): HardKeyTracker.registerKeySequence():201 Register key sequence qpd{labelResId=2132020707, callback=gbv@acd20ab, lastModifier=0, keyCodes=[319], actions=[0]}
I/HardKeyTracker( 4246): HardKeyTracker.unregisterKeySequence():259 Unregister key sequence qpd{labelResId=2132020707, callback=gbv@a460f90, lastModifier=2, keyCodes=[32], actions=[0]}
I/HardKeyTracker( 4246): HardKeyTracker.unregisterKeySequence():259 Unregister key sequence qpd{labelResId=2132020707, callback=gbv@1f2b089, lastModifier=0, keyCodes=[319], actions=[0]}
I/HardKeyTracker( 4246): HardKeyTracker.registerKeySequence():201 Register key sequence qpd{labelResId=2132020707, callback=gbv@88d3308, lastModifier=2, keyCodes=[32], actions=[0]}
I/HardKeyTracker( 4246): HardKeyTracker.registerKeySequence():201 Register key sequence qpd{labelResId=2132020707, callback=gbv@9db5aa1, lastModifier=0, keyCodes=[319], actions=[0]}
W/AccessPointsManager( 4246): AccessPointsManager.addAccessPoint():1137 The holder controller #0x7f0b29f6 is not registered
I/MultilangConditionManagerImpl( 4246): MultilangConditionManagerImpl.isAutomaticSwitchingEnabled():77 Automatic switching disabled because Gboard setting is not shown [SD]
I/MultilangConditionManagerImpl( 4246): MultilangConditionManagerImpl.isAutomaticSwitchingEnabled():92 Automatic switching disabled because there aren't enough supported keyboard languages [SD]
D/ConnectivityService( 1509): [112 WIFI] validation passed
I/AsrProviderChoice( 4246): AsrProviderChoice.setChosenProvider():91 Setting chosen ASR provider to: 6 [SD]
I/EligibilityChecker( 4246): EligibilityChecker.getDictationConfigEligibilityForLocale():311 Dictation is enabled. workprofile=false [SD]
I/MultilangConditionManagerImpl( 4246): MultilangConditionManagerImpl.isAutomaticSwitchingEnabled():77 Automatic switching disabled because Gboard setting is not shown [SD]
I/MultilangConditionManagerImpl( 4246): MultilangConditionManagerImpl.isAutomaticSwitchingEnabled():92 Automatic switching disabled because there aren't enough supported keyboard languages [SD]
I/EligibilityChecker( 4246): EligibilityChecker.getDictationConfigEligibilityForLocale():311 Dictation is enabled. workprofile=false [SD]
I/EligibilityChecker( 4246): EligibilityChecker.checkLocaleEligibility():460 Dictation is not enabled for unsupported keyboard locale: hif_FJ_#Deva; supported locales: es_ES,en_SG,en_AU,ja_JP,fr_BE,fr_CA,de_CH,de_BE,it_CH,de_DE,en_IN,es_US,it_IT,en_IE,fr_FR,en_US,en_CA,de_AT,fr_CH,en_GB. workprofile=false [SD]
I/AsrProviderSelector( 4246): AsrProviderSelector.selectProvider():28 SBG path failed. Reason: 28. Trying S3 path. [SD]
I/EligibilityUtilKt( 4246): EligibilityUtilKt.isDictationSupportedInInputField():79 Field type is not set, assuming supported input field. [SD]
I/MultilangConditionManagerImpl( 4246): MultilangConditionManagerImpl.isAutomaticSwitchingEnabled():77 Automatic switching disabled because Gboard setting is not shown [SD]
I/MultilangConditionManagerImpl( 4246): MultilangConditionManagerImpl.isAutomaticSwitchingEnabled():92 Automatic switching disabled because there aren't enough supported keyboard languages [SD]
I/NearbySharing( 2764): Dismissing HUN as there's no device nearby.
I/KeyboardEligibilityNotifier( 4246): KeyboardEligibilityNotifier.notifyEligibility():76 Keyboard notified that eligibility=ELIGIBLE [SD]
I/KeyboardUiManagerImpl( 4246): KeyboardUiManagerImpl.onKeyboardShown():156 #onKeyboardShown scheduled [SD]
I/KeyboardUiManagerImpl( 4246): KeyboardUiManagerImpl.onKeyboardShown():159 #onKeyboardShown [SD]
I/KeyboardEventHandler( 4246): KeyboardEventHandler.handleFieldChangedEvent():473 Handling FieldChangedEvent: fgPkg=com.termux, fieldType=0, interactionType=FIELD_CHANGE [SD]
I/SpeechEnhancementLogger( 4246): SpeechEnhancementLogger.logAtInfo():24 Speech enhancement is disabled because device model is not supported [SD]
I/hwc-display(  554): path=drm, id=0, level=928, nits=53.578579, brightness=0.036834, DimmingOn=1, Hbm=0, LhbmOn=0, OpRate=60
D/hwc-display(  554): [PrimaryDisplay] OperationRateManager::onBrightness:dbv=928
W/hwc-libdisplaycolor(  554): GetRrRegammaForRange: no match found (op_hz, hz, dbv, range_id)=(60,60,890,8)
I/PackageStatusChecker( 4246): PackageStatusChecker.isPackageSuspended():24 Current package suspended=false [SD]
I/WifiClientModeImpl( 1509): WifiConnectivityDiagnosticsCallback onConnectivityReportAvailable
D/EpdgTunnelManager[1]( 2735): reportValidationMetricsAtom: reason=2 validationResult=3 transportType=2 duration=155 validationTriggered=true
D/IwlanMetrics( 2735): Send metrics data IWLAN_UNDERLYING_NETWORK_VALIDATION_RESULT_REPORTED
I/GoogleInputMethodService( 4246): GoogleInputMethodService$1.onKeyboardViewShown():356 onKeyboardViewShown: keyboardType=prime, keyboardViewType=HEADER keyboardView=com.google.android.libraries.inputmethod.widgets.SoftKeyboardView{7e112c1 V.E...... ........ 0,0-1080,116}
I/BaseKeyboardSizeHelper( 4246): BaseKeyboardSizeHelper.calculateMaxKeyboardBodyHeight():79 leave 281 height for app when ime window height:2153, header height:116 and isFullscreenMode:false, so the max keyboard body height is:1756
D/WindowOnBackDispatcher(17230): setTopOnBackInvokedCallback (unwrapped): android.view.ImeBackAnimationController@34ff6c2
I/GoogleInputMethodService( 4246): GoogleInputMethodService$1.onKeyboardViewShown():356 onKeyboardViewShown: keyboardType=prime, keyboardViewType=BODY keyboardView=com.google.android.libraries.inputmethod.widgets.SoftKeyboardView{1711f98 V.E...... ........ 0,0-1080,803}
I/BaseKeyboardSizeHelper( 4246): BaseKeyboardSizeHelper.calculateMaxKeyboardBodyHeight():79 leave 281 height for app when ime window height:2153, header height:116 and isFullscreenMode:false, so the max keyboard body height is:1756
I/NewLanguagePromptExtension( 4246): NewLanguagePromptExtension$1.onKeyboardViewShown():88 Not show new language banner: not prime keyboard, or the extension not activated.
I/NgaStateManager( 4246): NgaStateManager.setAssistantDictationEligibility():205 AssistantDictationEligibility = 1 [SDG]
D/CoreBackPreview( 1509): Window{635cd0b u0 com.termux/com.termux.app.TermuxActivity}: Setting back callback OnBackInvokedCallbackInfo{mCallback=android.window.IOnBackInvokedCallback$Stub$Proxy@709b8e2, mPriority=0, mIsAnimationCallback=true, mOverrideBehavior=0}
I/NgaStateManager( 4246): NgaStateManager.buildConfigEligibilityPerLanguageTag():383 AssistantDictationEligibility(config, ja-JP) = 1 [SDG]
I/NgaStateManager( 4246): NgaStateManager.buildConfigEligibilityPerLanguageTag():383 AssistantDictationEligibility(config, en-GB) = 1 [SDG]
I/NgaStateManager( 4246): NgaStateManager.buildConfigEligibilityPerLanguageTag():383 AssistantDictationEligibility(config, hif-Deva-FJ) = 28 [SDG]
I/NgaStateManager( 4246): NgaStateManager.setAssistantDictationEligibility():213 AssistantDictationEligibility(inputField) = 1 [SDG]
I/NgaInputHandlerFactory( 4246): NgaInputHandlerFactory.restorePrimary():138 restoring primary [SDG]
I/NgaVoiceInputHandlerSwitcher( 4246): NgaVoiceInputHandlerSwitcher.restorePrimary():251 not switching to primary. fallback is null [SDG]
I/NgaExtension( 4246): NgaExtension.onDictatingStateChanged():978 Dictating state changed: dictating=false, status=0 [SDG]
I/KeyboardModeUtils( 4246): KeyboardModeUtils.getKeyboardBottomOffset():435 inch: 0.000000 ydpi: 409.127014 adjustKeyboardBottomByDisplaySize: false currentDensityDpi: 420 defaultDensityDpi: 420 keyboardBottomToScreenPx: 0 keyboardBottomToNavBarPx: -126 navBarHeight: 126
I/BaseKeyboardSizeHelper( 4246): BaseKeyboardSizeHelper.calculateMaxKeyboardBodyHeight():79 leave 281 height for app when ime window height:2153, header height:116 and isFullscreenMode:false, so the max keyboard body height is:1756
I/BaseKeyboardSizeHelper( 4246): BaseKeyboardSizeHelper.calculateMaxKeyboardBodyHeight():79 leave 281 height for app when ime window height:2153, header height:116 and isFullscreenMode:false, so the max keyboard body height is:1756
I/KeyboardViewManager( 4246): KeyboardViewManager.updateKeyboardBottomFrame():518 Set bottomFrameHeight = 10 while holderPaddingBottom = 10; navigationHeight = 126
W/AccessPointsManager( 4246): AccessPointsManager.addAccessPoint():1137 The holder controller #0x7f0b29f6 is not registered
I/NearbyMediums( 2764): Wifi changed new SSID: "Rakuten Turbo-1763"
I/NearbyMediums( 2764): WifiLanConnectivityInfo is not changed, skip notify.
I/MultilangConditionManagerImpl( 4246): MultilangConditionManagerImpl.isAutomaticSwitchingEnabled():77 Automatic switching disabled because Gboard setting is not shown [SD]
I/MultilangConditionManagerImpl( 4246): MultilangConditionManagerImpl.isAutomaticSwitchingEnabled():92 Automatic switching disabled because there aren't enough supported keyboard languages [SD]
I/AsrProviderChoice( 4246): AsrProviderChoice.setChosenProvider():91 Setting chosen ASR provider to: 6 [SD]
I/EligibilityChecker( 4246): EligibilityChecker.getDictationConfigEligibilityForLocale():311 Dictation is enabled. workprofile=false [SD]
D/AOC     ( 1205): A3:MSG: lsm6dsv_device.cc, 732: USF: Lsm6dsvDevice: Sensor 3: Enabled 0, odr_index 0, period_ns 0.
D/AOC     ( 1205): A3:MSG: lsm6dsv_fifo.cc, 755: USF: Lsm6dsvFifo: ODR: XL/G/T/TS: 120/60/15/15 WM: 10 Intr: 21.
I/NearbySharing( 2764): Loading certificates with visibility ALL_CONTACTS
D/AOC     ( 1205): A3:MSG: lsm6dsv_device.cc, 641: USF: Lsm6dsvDevice: Fifo was disabled for 490723ns.
I/MultilangConditionManagerImpl( 4246): MultilangConditionManagerImpl.isAutomaticSwitchingEnabled():77 Automatic switching disabled because Gboard setting is not shown [SD]
I/MultilangConditionManagerImpl( 4246): MultilangConditionManagerImpl.isAutomaticSwitchingEnabled():92 Automatic switching disabled because there aren't enough supported keyboard languages [SD]
I/EligibilityChecker( 4246): EligibilityChecker.getDictationConfigEligibilityForLocale():311 Dictation is enabled. workprofile=false [SD]
D/AOC     ( 1205): A3:MSG: usf_sensor.cc, 1866: USF: Received start sampling request for LSM6DSV Accelerometer (active:6).
I/EligibilityChecker( 4246): EligibilityChecker.checkLocaleEligibility():460 Dictation is not enabled for unsupported keyboard locale: hif_FJ_#Deva; supported locales: es_ES,en_SG,en_AU,ja_JP,fr_BE,fr_CA,de_CH,de_BE,it_CH,de_DE,en_IN,es_US,it_IT,en_IE,fr_FR,en_US,en_CA,de_AT,fr_CH,en_GB. workprofile=false [SD]
I/AsrProviderSelector( 4246): AsrProviderSelector.selectProvider():28 SBG path failed. Reason: 28. Trying S3 path. [SD]
I/EligibilityUtilKt( 4246): EligibilityUtilKt.isDictationSupportedInInputField():79 Field type is not set, assuming supported input field. [SD]
I/MultilangConditionManagerImpl( 4246): MultilangConditionManagerImpl.isAutomaticSwitchingEnabled():77 Automatic switching disabled because Gboard setting is not shown [SD]
I/MultilangConditionManagerImpl( 4246): MultilangConditionManagerImpl.isAutomaticSwitchingEnabled():92 Automatic switching disabled because there aren't enough supported keyboard languages [SD]
I/NearbySharing( 2764): Saving the private certificate to file nearby_sharing_private_certificate_file_for_all_contacts.
I/KeyboardEligibilityNotifier( 4246): KeyboardEligibilityNotifier.notifyEligibility():76 Keyboard notified that eligibility=ELIGIBLE [SD]
I/NgaStateManager( 4246): NgaStateManager.setAssistantDictationEligibility():205 AssistantDictationEligibility = 1 [SDG]
I/NgaStateManager( 4246): NgaStateManager.buildConfigEligibilityPerLanguageTag():383 AssistantDictationEligibility(config, ja-JP) = 1 [SDG]
I/NgaStateManager( 4246): NgaStateManager.buildConfigEligibilityPerLanguageTag():383 AssistantDictationEligibility(config, en-GB) = 1 [SDG]
I/NgaStateManager( 4246): NgaStateManager.buildConfigEligibilityPerLanguageTag():383 AssistantDictationEligibility(config, hif-Deva-FJ) = 28 [SDG]
I/NgaStateManager( 4246): NgaStateManager.setAssistantDictationEligibility():213 AssistantDictationEligibility(inputField) = 1 [SDG]
I/NgaInputHandlerFactory( 4246): NgaInputHandlerFactory.restorePrimary():138 restoring primary [SDG]
I/NgaVoiceInputHandlerSwitcher( 4246): NgaVoiceInputHandlerSwitcher.restorePrimary():251 not switching to primary. fallback is null [SDG]
W/AccessPointsManager( 4246): AccessPointsManager.addAccessPoint():1137 The holder controller #0x7f0b29f6 is not registered
W/AccessPointsManager( 4246): AccessPointsManager.addAccessPoint():1137 The holder controller #0x7f0b29f6 is not registered
D/BoundBrokerSvc( 2764): onRebind: Intent { act=com.google.android.gms.nearby.presence.service.START dat=chimera-action:/... xflg=0x4 cmp=com.google.android.gms/.chimera.PersistentApiServiceNoInstantApps }
D/ConnectivityService( 1509): NetReassign [no changes] [c 0] [a 4] [i 6]
D/BoundBrokerSvc(31472): onBind: Intent { act=com.google.android.gms.common.BIND_SHARED_PREFS xflg=0x4 pkg=com.google.android.gms }
D/BoundBrokerSvc(31472): Loading bound service for intent: Intent { act=com.google.android.gms.common.BIND_SHARED_PREFS xflg=0x4 pkg=com.google.android.gms }
D/AOC     ( 1205): A3:MSG: usf_sensor.cc, 1866: USF: Received start sampling request for LSM6DSV Stationary Detect (active:1).
D/AOC     ( 1205): A3:MSG: lsm6dsv_device.cc, 732: USF: Lsm6dsvDevice: Sensor 4: Enabled 1, odr_index 1, period_ns 500000000.
D/AOC     ( 1205): A3:MSG: lsm6dsv_fifo.cc, 755: USF: Lsm6dsvFifo: ODR: XL/G/T/TS: 120/60/15/15 WM: 10 Intr: 21.
D/AOC     ( 1205): A3:MSG: lsm6dsv_device.cc, 641: USF: Lsm6dsvDevice: Fifo was disabled for 484823ns.
D/AOC     ( 1205): A3:MSG: motion_state_sensor.cc, 328: USF: MoSt: StationaryDetect sampling started with sampling ID 10766.
D/AOC     ( 1205): A3:MSG: usf_sensor.cc, 1866: USF: Received start sampling request for LSM6DSV Accelerometer (active:7).
D/AOC     ( 1205): A3:MSG: lsm6dsv_device.cc, 732: USF: Lsm6dsvDevice: Sensor 0: Enabled 1, odr_index 6, period_ns 10000000.
D/AOC     ( 1205): A3:MSG: lsm6dsv_fifo.cc, 755: USF: Lsm6dsvFifo: ODR: XL/G/T/TS: 120/60/15/15 WM: 10 Intr: 21.
D/AOC     ( 1205): A3:MSG: lsm6dsv_device.cc, 641: USF: Lsm6dsvDevice: Fifo was disabled for 340372ns.
I/hwc-display(  554): path=drm, id=0, level=974, nits=59.610725, brightness=0.041143, DimmingOn=1, Hbm=0, LhbmOn=0, OpRate=60
D/hwc-display(  554): [PrimaryDisplay] OperationRateManager::onBrightness:dbv=974
W/hwc-libdisplaycolor(  554): GetRrRegammaForRange: no match found (op_hz, hz, dbv, range_id)=(60,60,928,8)
D/AOC     ( 1205): A3:MSG: usf_sensor.cc, 1866: USF: Received start sampling request for LSM6DSV FreeFall Detect (active:1).
D/AOC     ( 1205): A3:MSG: lsm6dsv_device.cc, 732: USF: Lsm6dsvDevice: Sensor 5: Enabled 1, odr_index 2, period_ns 500000000.
D/AOC     ( 1205): A3:MSG: lsm6dsv_fifo.cc, 755: USF: Lsm6dsvFifo: ODR: XL/G/T/TS: 120/60/15/15 WM: 10 Intr: 21.
D/AOC     ( 1205): A3:MSG: lsm6dsv_device.cc, 641: USF: Lsm6dsvDevice: Fifo was disabled for 421794ns.
D/AOC     ( 1205): A3:MSG: usf_sensor.cc, 1866: USF: Received start sampling request for LSM6DSV Stationary Detect (active:2).
D/TelephonyManager( 1509): requestModemActivityInfo: Sending result to app: ModemActivityInfo{ mTimestamp=72690258 mSleepTimeMs=66122650 mIdleTimeMs=2049006 mActivityStatsTechSpecificInfo=[{mRat=GERAN,mFrequencyRange=UNKNOWN,mTxTimeMs[]=[0, 0, 0, 0, 0],mRxTimeMs=268}, {mRat=UTRAN,mFrequencyRange=UNKNOWN,mTxTimeMs[]=[0, 0, 0, 0, 0],mRxTimeMs=0}, {mRat=EUTRAN,mFrequencyRange=UNKNOWN,mTxTimeMs[]=[63278, 34196, 117166, 23870, 20873],mRxTimeMs=4503237}, {mRat=NGRAN,mFrequencyRange=HIGH,mTxTimeMs[]=[0, 0, 0, 0, 0],mRxTimeMs=0}, {mRat=NGRAN,mFrequencyRange=MMWAVE,mTxTimeMs[]=[0, 0, 0, 0, 0],mRxTimeMs=0}, {mRat=UNKNOWN,mFrequencyRange=UNKNOWN,mTxTimeMs[]=[0, 0, 0, 0, 0],mRxTimeMs=0}]}
I/WifiHAL ( 1017): Creating message to get link statistics; iface = 47
I/bt_shim_advertiser( 2277): system/main/shim/le_advertising_manager.cc:77 Unregister: in shim layer
I/bluetooth( 2277): bluetooth_private_gatt::gatt::server::isolation_manager: removing server (if any) associated with advertiser AdvertiserId(0)
I/hwc-display(  554): path=drm, id=0, level=1004, nits=63.526402, brightness=0.043940, DimmingOn=1, Hbm=0, LhbmOn=0, OpRate=60
D/hwc-display(  554): [PrimaryDisplay] OperationRateManager::onBrightness:dbv=1004
W/hwc-libdisplaycolor(  554): GetRrRegammaForRange: no match found (op_hz, hz, dbv, range_id)=(60,60,974,8)
I/AudioBufferManager( 4286): (REDACTED) %s: Audio recording finished, got %s samples.
I/AmbientMusicDetector( 4286): (REDACTED) Received music trigger with last-matched track ID '%d'  (%s) from shard '%s'
I/NnfpMusicRecognizer( 4286): (REDACTED) SoundSearch FP fallback configuration: AutoOnDemand: %b SoSe Fps: %b
I/NearbySharing( 2764): Network state changed: NetworkState(isRestricted=false, isOnline=true, isCongested=false, isMetered=false, isWifiConnected=true)
I/NearbySharing( 2764): Network state changed: NetworkState(isRestricted=false, isOnline=true, isCongested=false, isMetered=false, isWifiConnected=true)
I/NearbyConnections( 2764): ClientProxy(0p:com.google.android.gms.nearby.sharing) allow WebRtc to use mobile data.
I/NearbyConnections( 2764): Client 149895119 requested to update advertising options.
I/Nearby  ( 2764): (REDACTED) Note nearby client %s for operation %s
I/NearbyConnections( 2764): [InstantConnectionPcpMgr] In invalidateTxAdvertisementScanning(by pre_updateAdvertising) tx advertisement scanning skipped or stopped for endpointId: serviceId:NearbySharing isScreenUnlocked:true isAdvertising:true powerLevel:LOW isTxScanning:false
I/NearbyConnections( 2764): [PcpManager] In updateAdvertisingOptions() advertisingMediums:[WIFI_DIRECT, WIFI_HOTSPOT, WIFI_AWARE, WIFI_LAN, BLE] upgradeMediums:[USB, WIFI_LAN, WIFI_DIRECT, WIFI_AWARE, WIFI_HOTSPOT, WEB_RTC, BLE_L2CAP, BLUETOOTH, BLE, NFC] requireRegisterWifiStatusChangedCallback:true
I/NearbyConnections( 2764): Instant Connection Security key rotated.
I/NearbyConnections( 2764): Scheduled invalidation of the HPKE key alarm (delayMillis:8000) for client 149895119
I/NearbyConnections( 2764): Get local endpoint id from random generation 31G7 (last:FXWZ) for client 149895119
I/NearbyMediums( 2764): [DeviceCapabilities] Get wifi usable channels from cache for mode WFD_GC (tryToRefreshCache:false channels:[2412..2472, 5500..5720])
I/NearbyMediums( 2764): [DeviceCapabilities] Get wifi usable channels from cache for mode WFD_GO (tryToRefreshCache:false channels:[2412..2472, 5580..5640])
I/NearbyMediums( 2764): [DeviceCapabilities] Get wifi usable channels from cache for mode STA (tryToRefreshCache:false channels:[2412..2472, 5180..5320, 5500..5720, 5955..6415])
I/NearbyMediums( 2764): [DeviceCapabilities] Get wifi usable channels from cache for mode AWARE (tryToRefreshCache:false channels:[2412..2472, 5580..5640, 5955..6415])
I/NearbyConnections( 2764): In generateRxInstantConnectionAdvBytes() advertisingMediums:[WIFI_DIRECT, WIFI_HOTSPOT, WIFI_AWARE, WIFI_LAN, BLE] capabilitiesSize:5 apFreq:5580 wfdGcUsableOrAvailableChs:[2412..2472, 5500..5720] wfdGoUsableOrAvailableChs:[2412..2472, 5580..5640] hsStaUsableOrAvailableChs:[2412..2472, 5180..5320, 5500..5720, 5955..6415] awareUsableOrAvailableChs:[2412..2472, 5580..5640, 5955..6415] rxAdvertisement(size:63):A0:17:F4:D2:44:63:00:BF:F7:0F:02:85:CF:F5:36:88:F2:BA:78:0B:A3:20:67:2C:33:DB:AD:E7:4F:63:58:63:9B:5D:84:15:05:1C:00:00:84:15:06:08:00:00:84:15:04:1F:1F:00:84:15:07:08:1F:00:83:15:01:15:CC
I/NearbyMediums( 2764): Device token rotated, old deviceToken : [ 0x7e 0xec ].
I/bt_shim_advertiser( 2277): system/main/shim/le_advertising_manager.cc:77 Unregister: in shim layer
D/BluetoothAdapter( 2764): isLeEnabled(): ON
I/bluetooth( 2277): bluetooth_private_gatt::gatt::server::isolation_manager: removing server (if any) associated with advertiser AdvertiserId(1)
I/bluetooth( 2277): system/gd/hci/le_address_manager.cc:269 unregister_client: Client unregistered
I/bt_shim_advertiser( 2277): system/main/shim/le_advertising_manager.cc:158 StartAdvertisingSet: in shim layer
I/bt_shim_advertiser( 2277): system/main/shim/le_advertising_manager.cc:185 StartAdvertisingSet: create advertising set, client_id:255, reg_id:-656
I/bluetooth( 2277): system/gd/hci/le_advertising_manager_impl.cc:421 allocate_advertiser: Removing advertiser id 0 from removed advertisers.
I/bluetooth( 2277): system/gd/hci/le_advertising_manager_impl.cc:663 create_extended_advertiser_with_id: Scheduling address rotation for advertiser_id=0
I/bluetooth( 2277): system/gd/hci/le_address_manager.cc:557 GetNextPrivateAddressIntervalRange: client=advertising_set_0, nonwake=7m52s, wake=14m32s
I/bluetooth( 2277): system/gd/hci/le_address_manager.cc:254 register_client: Client registered
I/bluetooth( 2277): system/gd/hci/le_advertising_manager_impl.cc:1735 on_set_advertising_set_random_address_complete: update random address for advertising set 0 : xx:xx:xx:xx:01:76
I/NearbyMediums( 2764): Successfully stopped BLE advertising for service NearbySharing
I/NearbyMediums( 2764): [InstantOnLostManager] Start instant onLost extended advertising, hashes = [ 0xa4 0xdb 0x34 0xa4 ].
I/WifiHAL ( 1017): Getting cached scan results, iface handle = 0xb4000072f282ed50
E/WifiHAL ( 1017): Creating message to get cached scan results
I/hwc-display(  554): path=drm, id=0, level=1032, nits=67.570824, brightness=0.046829, DimmingOn=1, Hbm=0, LhbmOn=0, OpRate=60
D/hwc-display(  554): [PrimaryDisplay] OperationRateManager::onBrightness:dbv=1032
W/hwc-libdisplaycolor(  554): GetRrRegammaForRange: no match found (op_hz, hz, dbv, range_id)=(60,60,1004,7)
I/WifiHAL ( 1017): In GetCachedScanResultsCommand::handleResponse
D/BluetoothAdapter( 2764): isLeEnabled(): ON
I/bt_shim_advertiser( 2277): system/main/shim/le_advertising_manager.cc:158 StartAdvertisingSet: in shim layer
I/bluetooth( 2277): system/gd/hci/le_advertising_manager_impl.cc:421 allocate_advertiser: Removing advertiser id 1 from removed advertisers.
I/bluetooth( 2277): system/gd/hci/le_advertising_manager_impl.cc:663 create_extended_advertiser_with_id: Scheduling address rotation for advertiser_id=1
I/bluetooth( 2277): system/gd/hci/le_address_manager.cc:557 GetNextPrivateAddressIntervalRange: client=advertising_set_1, nonwake=8m46s, wake=14m25s
I/bt_shim_advertiser( 2277): system/main/shim/le_advertising_manager.cc:185 StartAdvertisingSet: create advertising set, client_id:255, reg_id:-657
I/bluetooth( 2277): system/gd/hci/le_advertising_manager_impl.cc:1735 on_set_advertising_set_random_address_complete: update random address for advertising set 1 : xx:xx:xx:xx:b3:d4
I/NearbyMediums( 2764): Started BLE extended advertising. Regular Advertised : false, Fast Advertised : true, AdvertisingSetting : BleAdvertisingSetting{powerLevel= BALANCED_POWER, isConnectable= false, isPrivateGatt= true}.
D/BluetoothAdapter( 2764): isLeEnabled(): ON
I/bt_shim_advertiser( 2277): system/main/shim/le_advertising_manager.cc:158 StartAdvertisingSet: in shim layer
I/bt_shim_advertiser( 2277): system/main/shim/le_advertising_manager.cc:185 StartAdvertisingSet: create advertising set, client_id:255, reg_id:-658
I/bluetooth( 2277): system/gd/hci/le_advertising_manager_impl.cc:421 allocate_advertiser: Removing advertiser id 2 from removed advertisers.
I/bluetooth( 2277): system/gd/hci/le_advertising_manager_impl.cc:663 create_extended_advertiser_with_id: Scheduling address rotation for advertiser_id=2
I/bluetooth( 2277): system/gd/hci/le_address_manager.cc:557 GetNextPrivateAddressIntervalRange: client=advertising_set_2, nonwake=7m12s, wake=13m38s
I/bluetooth( 2277): system/gd/hci/le_advertising_manager_impl.cc:1735 on_set_advertising_set_random_address_complete: update random address for advertising set 2 : xx:xx:xx:xx:c4:f5
I/hwc-display(  554): path=drm, id=0, level=1061, nits=71.744011, brightness=0.049810, DimmingOn=1, Hbm=0, LhbmOn=0, OpRate=60
D/hwc-display(  554): [PrimaryDisplay] OperationRateManager::onBrightness:dbv=1061
W/hwc-libdisplaycolor(  554): GetRrRegammaForRange: no match found (op_hz, hz, dbv, range_id)=(60,60,1032,7)
I/NearbyMediums( 2764): Started BLE Legacy advertising. Regular Header Advertised : false, Fast Advertised : true, AdvertisingSettings : BleAdvertisingSetting{powerLevel= BALANCED_POWER, isConnectable= false, isPrivateGatt= true}, isAcceptingConnection : false
I/NearbyMediums( 2764): Successfully started BLE advertising of size 23 for service NearbySharing, deviceToken : [ 0xe3 0xef ].
I/pixel-thermal( 1798): VIRTUAL-USB-UI:0 raw data: USB-MINUS-CHARGER:-2181 VIRTUAL-USB-UI:0 charger_therm:36001 usb_conn_therm:33820 
I/pixel-thermal( 1798): VIRTUAL-USB-THROTTLING:0 raw data: USB-MINUS-CHARGER:-2181 VIRTUAL-USB-THROTTLING:0 usb_conn_therm:33820 
I/pixel-thermal( 1798): VIRTUAL-SKIN-SPEAKER:34.8965 raw data: VIRTUAL-SKIN-SPEAKER:34896.5 VIRTUAL-SKIN-SPEAKER-SUB-1:32103.1 VIRTUAL-SKIN-SPEAKER-SUB-2:34896.5 battery:34500 gnss_tcxo_therm:35512 quiet_therm:34621 soc_therm:35067 usb_conn_therm:33820 
I/pixel-thermal( 1798): cellular-emergency:34.936 raw data: VIRTUAL-SKIN:34936 VIRTUAL-SKIN-SUB-1:34936 VIRTUAL-SKIN-SUB-2:31007 VIRTUAL-SKIN-SUB-3:33316.2 cellular-emergency:34936 charger_therm:36001 gnss_tcxo_therm:35512 modem_therm:35623 quiet_therm:34621 rffe_therm:33909 soc_therm:35067 usb_conn_therm:33820 
I/pixel-thermal( 1798): VIRTUAL-SKIN-CHARGE:35.5373 raw data: VIRTUAL-SKIN-CHARGE:35537.3 VIRTUAL-SKIN-CHARGE-SUB-1:34632.4 VIRTUAL-SKIN-CHARGE-SUB-2:35537.3 charger_therm:36001 modem_therm:35623 quiet_therm:34621 rffe_therm:33909 soc_therm:35067 
I/pixel-thermal( 1798): charger_therm:36.001 raw data: charger_therm:36001 
I/pixel-thermal( 1798): VIRTUAL-SKIN-CHARGE-WLC:35.2054 raw data: VIRTUAL-SKIN-CHARGE-WLC:35205.4 charger_therm:36001 modem_therm:35623 rffe_therm:33909 soc_therm:35067 
I/pixel-thermal( 1798): usb_conn_therm:33.82 raw data: usb_conn_therm:33820 
I/pixel-thermal( 1798): soc_therm:35.067 raw data: soc_therm:35067 
I/pixel-thermal( 1798): VIRTUAL-SKIN:34.936 raw data: VIRTUAL-SKIN:34936 
D/AOC     ( 1205): A3:MSG: tmd3719_device.cc, 4540: USF: TMD3719: dbv:1061 leakage:0.153566 refresh_rate:60 status:1 op_hz:60 [1]
I/NearbyMediums( 2764): Successfully bound ServerSocket for service NearbySharing to the stable port 53601.
I/NearbyMediums( 2764): Successfully started listening for incoming Wifi Lan connections.
D/ConnectivityService( 1509): NetReassign [no changes] [c 0] [a 2] [i 5]
I/hwc-display(  554): path=drm, id=0, level=1062, nits=71.956963, brightness=0.049962, DimmingOn=1, Hbm=0, LhbmOn=0, OpRate=60
D/hwc-display(  554): [PrimaryDisplay] OperationRateManager::onBrightness:dbv=1062
W/NearbyPresence( 2764): TidepoolIdentityProvider: Main Tidepool status toggle not enabled! Returned empty shared credentials. [CONTEXT service_id=317 ]
W/NearbyPresence( 2764): TidepoolIdentityProvider: Main Tidepool status toggle not enabled! Returned empty broadcast credentials. [CONTEXT service_id=317 ]
W/NearbyPresence( 2764): TidepoolIdentityProvider: Main Tidepool status toggle not enabled! Returned empty shared credentials. [CONTEXT service_id=317 ]
W/NearbyPresence( 2764): TidepoolIdentityProvider: Main Tidepool status toggle not enabled! Returned empty broadcast credentials. [CONTEXT service_id=317 ]
I/hwc-display(  554): path=sysfs, id=0, level=1062, nits=71.956963, brightness=0.049962, DimmingOn=1, Hbm=0, LhbmOn=0, OpRate=60
I/ImeTracker(17230): com.termux:544d19da: onRequestShow at ORIGIN_CLIENT reason SHOW_SOFT_INPUT fromUser false userId 0 displayId 0
D/InsetsController(17230): show(ime())
I/ImeTracker(17230): com.termux:544d19da: onCancelled at PHASE_CLIENT_APPLY_ANIMATION
D/ConnectivityService( 1509): NetReassign [no changes] [c 0] [a 3] [i 3]
I/NearbyPresence( 2764): (REDACTED) isApfV6Mandated: result=%b (hardware=%b [vendorApiLevel=%d, isPixel9=%b], software=%b [version=%d, min=%d])
I/WifiService( 1509): acquireMulticastLock uid=10153 lockTag=nearby-connections-149700528
I/Nearby  ( 2764): (REDACTED) NsdManagerCompat acquired multicast lock %d.
W/NearbyPresence( 2764): TidepoolIdentityProvider: Main Tidepool status toggle not enabled! Returned empty broadcast credentials. [CONTEXT service_id=317 ]
W/NearbyPresence( 2764): TidepoolIdentityProvider: Main Tidepool status toggle not enabled! Returned empty shared credentials. [CONTEXT service_id=317 ]
I/serviceDiscovery( 1509): [MdnsAdvertiser] Adding service name: IzMxRzf8n14AAA, type: _FC9F5ED42C8A._tcp, subtypes: , hostAddresses: , hostname: null, port: 53601, network: null, expirationTime: null, txtRecord: {f=5580, n=MqvB3JTV9LiIcpFifLAmnqk, IPv4=192.168.210.181} with ID 332 and subtypes {} advertisingOptions MdnsAdvertisingOptions{ }
I/NnfpMusicRecognizer( 4286): (REDACTED) Finished recognition for region %s and DB version %s with result: %s
I/RecognitionStateHandler( 4286): (REDACTED) Dsp model overrides: reloadDetectionModel = [%b] : new squelch = [%s]
I/RecognitionStateHandler( 4286): Reconfiguration [%s] Latest:[%s]
I/MusicRelayApiImpl( 4286): (REDACTED) MusicRelayApiImpl -  AmbientMusicResult: %s
I/MusicRecognitionHandler( 4286): (REDACTED) Music recognition was skipped, because secondary music detector score below threshold (= %s)
I/AmbientMusicDetector( 4286): (REDACTED) Pipeline run finished, restarting model: %s
W/hwc-libdisplaycolor(  554): GetRrRegammaForRange: no match found (op_hz, hz, dbv, range_id)=(60,60,1061,7)
I/AmbientMusicServiceMana( 4286): (REDACTED) Trying to load model %s from %s
I/AmbientMusicServiceMana( 4286): (REDACTED) Applying config override: %s
I/SmoothedLatchingClassif( 4286): Reconfiguring tflite model.
I/SoundTriggerManagerComp( 4286): (REDACTED) Loading model %s
D/AOC     ( 1205): F1:MSG: controller.cc, 275: AudioInCtrl: cmd ID: 0x0101, tag: 0x7d [cntr = 764]
D/AHal::UseCase(  959): SetActiveTracks: update sound-trigger-capture active tracks(0)
D/AOC     ( 1205): F1:TRC: hotword_input_processor.cc, 1008: Receive cmd: 0x6e (110)
D/AOC     ( 1205): F1:TRC: hotword_input_processor.cc, 1504: Finished cmd: 0x6e (110)
D/AOC     ( 1205): F1:TRC: hotword_input_processor.cc, 1008: Receive cmd: 0x6d (109)
D/AOC     ( 1205): F1:TRC: hotword_input_processor.cc, 1504: Finished cmd: 0x6d (109)
D/AOC     ( 1205): F1:MSG: controller_audio_input.cc, 4320: Stopping hotword pipeline (user: 2)
D/StreamHalAidl( 1018): [in|ioHandle:862] standby
D/AOC     ( 1205): F1:MSG: audio_capture_pdm.cc, 454: Reconfig not seamless
D/StreamHalAidl( 1018): [in|ioHandle:862] pause
D/AOC     ( 1205): F1:TRC: hotword_input_processor.cc, 1008: Receive cmd: 0x70 (112)
D/AOC     ( 1205): F1:TRC: hotword_input_processor.cc, 1504: Finished cmd: 0x70 (112)
D/StreamHalAidl( 1018): [in|ioHandle:862] flush
I/ASvc::StreamInSyncStates(  959): cw-sound-trigger-capture: Command{flush: Void{}} in StreamInPausedState
I/AHal::Stream(  959): Stop: stop stream sound-trigger-capture
I/StHal::SoundTriggerDriverOperations(  959): Stop: io_handle 862
I/AHal::Router(  959): Deactivate: deactivate 400124
I/AHal::DspModeAdapter(  959): OnEarlyNotifyRoutingGraphChange: Just return, it's the case from inactive to active.
I/AHal::Router(  959): InvalidateLocked: new graph #698 Edges(0):
D/AOC     ( 1205): F1:MSG: controller.cc, 919: AudioInCtrl: ipc: sound_trigger, cmd ID: 0x0101, tag: 0x7d, rc: 0
I/AHal::Router(  959): InvalidateLocked: ============ apply graph #698 [Fri Sep  4 19:40:37 2026] start ============
I/AHal::DeviceInterface(  959): Disconnect: disconnect sound-trigger-microphones -> sound-trigger-capture-0
I/AHal::AudioRoutePathController(  959): ResetPath: sound-trigger-microphones -> sound-trigger-capture-0: true
I/AHal::Router(  959): LogTransferring: Transferring (1):
I/AHal::Router(  959): LogTransferring:   sound-trigger-microphones -> sound-trigger-capture-0 => (null)
I/AHal::VoiceCall(  959): Update: reset echo reference device
I/AHal::Router(  959): InvalidateLocked: ============ apply graph #698 end ============
D/AHal::AudioMetric::EventDataHandler(  959): UpdatePlaybackInfo: Updating Playback Info: PlaybackInfo {}
D/AHal::AudioMetric::EventDataHandler(  959): UpdateCaptureInfo: Updating Capture Info: CaptureInfo: {}
D/AHal::AudioMetric::AtomWriter(  959): WriteAtom: Writing atom to statsd service. Atom: DspRecordUsageAtom: Capture Info: CaptureInfo: {Route: {audio_source: HOTWORD, device: sound-trigger-microphones, use_case: sound-trigger-capture}, volume: 0, is_active: 0, sample_rate: 16000, channel_count: 1, audio_format_type: PCM, pcm_type: INT_16_BIT, encoding:  }, startup_latency: { (usecase: sound-trigger-capture, startup_latency_ms: 0) }, Device State: {camera_type: Front, screen_orientation: DEG_0, screen_state: on, folded_type: kUnknown, in_thermal_throttle_duration_ms: 0, thermal_throttle_count: 0, in_acoustic_shock_duration_ms: 0, acoustic_shock_count: 0, in_battery_adapted_audio_control_duration_ms: 0, battery_adapted_audio_control_count: 0}, duration_second: 0, is_ended: 1
D/AHal::AudioMetric::EventDataHandler(  959): UpdateCallInfo: Updating Call Info: RoutingInfo:
D/AHal::AudioMetric::EventDataHandler(  959): Uplink: NULL, 
D/AHal::AudioMetric::EventDataHandler(  959): Downlink: NULL
D/AHal::AudioMetric::EventDataHandler(  959): AudioMode: NORMAL
I/AHal::AocDspModeAdapter(  959): RemoveRoutes: remove Route:{{use case = sound-trigger-capture, device = sound-trigger-microphones, source = HOTWORD, channel_count = 1}}, current active route: 
I/AHal::AocDspModeAdapter(  959): SetAudioTaskActive: Updated audio task is 0
D/AOC     ( 1205): F1:MSG: controller.cc, 275: AudioInCtrl: cmd ID: 0x0109, tag: 0x7e [cntr = 765]
D/AOC     ( 1205): F1:TRC: hotword_input_processor.cc, 1008: Receive cmd: 0x72 (114)
D/AOC     ( 1205): F1:TRC: hotword_input_processor.cc, 1504: Finished cmd: 0x72 (114)
I/StHal::Client(  959): ChangeStateTo: client 1 transits from Buffering to ModelUnloaded
I/StHal::SoundTriggerHal(  959): UnloadSoundModel: Unload model with handle 1
I/AHal::AocDspModeAdapter(  959): OnSoundTriggerInactived: sound trigger is inactived
I/AHal::CrystalClearAudioWrapper(  959): UpdateDspMode: Dsp mode will change to Ambient
I/AHal::AocDspModeAdapter(  959): ProcessUpdating: set dsp mode Ambient
D/AOC     ( 1205): F1:MSG: controller.cc, 919: AudioInCtrl: ipc: sound_trigger, cmd ID: 0x0109, tag: 0x7e, rc: 0
I/AHal::CrystalClearAudioWrapper(  959): UpdateDspMode: Dsp mode has been changed to Ambient
W/AHal::ForteMedia(  959): UpdateTuning: unsupported dsp mode Ambient
I/AHal::ForteMedia(  959): OnDspModePostChanged: Changed dsp mode as Ambient
I/ASvc::OffloadLibrary(  959): OnDspModePostChanged: mode Ambient
I/ASvc::PeriodicWorker(  959): SetLinkedConfigIds: update linked configs []
I/SoundTriggerMiddlewareLogging( 1509): UNLOAD_MODEL (1)
D/AOC     ( 1205): F1:MSG: controller.cc, 275: AudioOutCtrl: cmd ID: 0x0115, tag: 0xf1 [cntr = 728]
I/StHal::SoundTriggerHal(  959): ControlThreadLoop: get update command
D/AOC     ( 1205): F1:MSG: dvfs.cc, 170:     Actual frequency: 196 MHz
D/AOC     ( 1205): 
D/AOC     ( 1205): F1:MSG: controller_audio_output.cc, 3722: Up-voting clock to 600 MIPS for AMBIENT mode
D/AOC     ( 1205): F1:MSG: dvfs.cc, 170:     Actual frequency: 196 MHz
D/AOC     ( 1205): 
D/AOC     ( 1205): F1:MSG: controller_audio_output.cc, 3896: DVFS: un-voting clock to 0 MIPS for AMBIENT mode done
W/SoundTriggerHelper( 1509): Unload error: Attempting unload invalid generic model with id:9f6ad62a-1f0b-11e7-87c5-40a8f03d3f15
D/AOC     ( 1205): F1:MSG: controller.cc, 919: AudioOutCtrl: ipc: audio_output_co, cmd ID: 0x0115, tag: 0xf1, rc: 0
I/AmbientMusicServiceMana( 4286): Re-starting music detector model.
V/SoundTriggerHelper( 1509): startRecognition
V/SoundTriggerHelper( 1509): isRecognitionAllowed
V/SoundTriggerHelper( 1509): deviceState: ENABLE
V/SoundTriggerHelper( 1509): updateRecognitionLocked
V/SoundTriggerHelper( 1509): isRecognitionAllowed
V/SoundTriggerHelper( 1509): deviceState: ENABLE
V/SoundTriggerHelper( 1509): prepareForRecognition
D/DeviceHalAidl( 1018): [default] releaseAudioPatch: patch: 123
D/Hal2AidlMapper( 1018): [default] releaseAudioPatch: patchId 123
I/ASvc::Module(  959): resetAudioPatch: patch id = 123
I/AHal::Router(  959): InvalidateLocked: nothing change between graph #698 and #699
I/StHal::Client(  959): Create: with handle: 1
I/StHal::Client(  959): Initialize: model size: 22936
I/AHal::AocDspModeAdapter(  959): OnSoundTriggerActivating: sound trigger is activating
I/AHal::CrystalClearAudioWrapper(  959): UpdateDspMode: Dsp mode will change to Ambient_Plus
I/AHal::AocDspModeAdapter(  959): ProcessUpdating: set dsp mode Ambient_Plus
D/StreamHalAidl( 1018): [in|ioHandle:862] dump
I/AHal::CrystalClearAudioWrapper(  959): UpdateDspMode: Dsp mode has been changed to Ambient_Plus
W/AHal::ForteMedia(  959): UpdateTuning: unsupported dsp mode Ambient_Plus
I/AHal::ForteMedia(  959): OnDspModePostChanged: Changed dsp mode as Ambient_Plus
I/ASvc::OffloadLibrary(  959): OnDspModePostChanged: mode Ambient_Plus
D/AOC     ( 1205): F1:MSG: controller.cc, 275: AudioOutCtrl: cmd ID: 0x0115, tag: 0xf2 [cntr = 729]
D/AOC     ( 1205): F1:MSG: dvfs.cc, 170:     Actual frequency: 196 MHz
D/AOC     ( 1205): 
D/AOC     ( 1205): F1:MSG: controller_audio_output.cc, 3722: Up-voting clock to 600 MIPS for AMBIENT PLUS mode
W/SHANNON_IMS( 2398): 9150 [SIM#] Invalid sub id : -1   with slot id : 0 (SubscriptionWrapper%getSubId:55)
D/AOC     ( 1205): F1:MSG: dvfs.cc, 170:     Actual frequency: 196 MHz
D/AOC     ( 1205): 
D/AOC     ( 1205): F1:MSG: controller_audio_output.cc, 3896: DVFS: un-voting clock to 0 MIPS for AMBIENT PLUS mode done
W/SHANNON_IMS( 2398): 9154 [SIM#] Invalid sub id : -1   with slot id : 0 (SubscriptionWrapper%getSubId:55)
W/SHANNON_IMS( 2398): 9158 [SIM#] Invalid sub id : -1   with slot id : 0 (SubscriptionWrapper%getSubId:55)
W/SHANNON_IMS( 2398): 9159 [SIM#] Invalid sub id : -1   with slot id : 0 (SubscriptionWrapper%getSubId:55)
D/StreamHalAidl( 1018): [in|ioHandle:862] close
I/ASvc::StreamCommonImpl(  959): close (sound-trigger-capture) : closing sound-trigger-capture, on 400124
I/ASvc::CommandWorker(  959): cw-sound-trigger-capture: exit command form HAL
I/AUtl::Worker(  959): Loop: cw-sound-trigger-capture thread exit
I/AUtl::Worker(  959): Loop: pw-sound-trigger-capture thread exit
D/DeviceHalAidl( 1018): [default] streamClosed
D/AOC     ( 1205): F1:MSG: controller.cc, 919: AudioOutCtrl: ipc: audio_output_co, cmd ID: 0x0115, tag: 0xf2, rc: 0
D/AOC     ( 1205): F1:MSG: controller.cc, 275: AudioInCtrl: cmd ID: 0x0107, tag: 0x7f [cntr = 766]
D/AOC     ( 1205): F1:TRC: hotword_input_processor.cc, 1008: Receive cmd: 0x94 (148)
D/AOC     ( 1205): F1:MSG: hotword_input_processor.cc, 825: Update size of ambient model as 16384
D/AOC     ( 1205): F1:TRC: hotword_input_processor.cc, 1504: Finished cmd: 0x94 (148)
D/AOC     ( 1205): F1:MSG: controller.cc, 919: AudioInCtrl: ipc: sound_trigger, cmd ID: 0x0107, tag: 0x7f, rc: 0
D/AOC     ( 1205): F1:MSG: controller.cc, 275: AudioInCtrl: cmd ID: 0x0107, tag: 0x80 [cntr = 767]
D/AOC     ( 1205): F1:TRC: hotword_input_processor.cc, 1008: Receive cmd: 0x94 (148)
D/AOC     ( 1205): F1:MSG: hotword_input_processor.cc, 825: Update size of ambient model as 22936
D/AOC     ( 1205): F1:TRC: hotword_input_processor.cc, 1504: Finished cmd: 0x94 (148)
D/AOC     ( 1205): F1:MSG: controller.cc, 919: AudioInCtrl: ipc: sound_trigger, cmd ID: 0x0107, tag: 0x80, rc: 0
D/AOC     ( 1205): F1:MSG: controller.cc, 275: AudioInCtrl: cmd ID: 0x0108, tag: 0x81 [cntr = 768]
D/AOC     ( 1205): F1:TRC: hotword_input_processor.cc, 1008: Receive cmd: 0x71 (113)
D/AOC     ( 1205): F1:TRC: hotword_input_processor.cc, 910: Enter InternalLoadMusdetModel
D/AOC     ( 1205): F1:TRC: hotword_input_processor.cc, 916: Musdet: CRC
D/AOC     ( 1205): F1:TRC: hotword_input_processor.cc, 927: Musdet: identifier
D/AOC     ( 1205): F1:TRC: hotword_input_processor.cc, 934: Musdet: model
D/AOC     ( 1205): F1:TRC: hotword_input_processor.cc, 943: Musdet: interpreter
D/AOC     ( 1205): F1:TRC: hotword_input_processor.cc, 953: Musdet: tensors
I/StHal::Client(  959): ChangeStateTo: client 1 transits from ModelUnloaded to ModelLoaded
I/StHal::SoundTriggerHal(  959): LoadModel: Loaded model with handle 1
D/AOC     ( 1205): F1:TRC: hotword_input_processor.cc, 990: Exit success InternalLoadMusdetModel
I/SoundTriggerMiddlewareLogging( 1509): LOAD_MODEL ("9f6ad62a-1f0b-11e7-87c5-40a8f03d3f15") -> 1
V/SoundTriggerHelper( 1509): startRecognitionLocked
V/SoundTriggerHelper( 1509): isRecognitionAllowed
V/SoundTriggerHelper( 1509): deviceState: ENABLE
D/AOC     ( 1205): F1:TRC: hotword_input_processor.cc, 1504: Finished cmd: 0x71 (113)
D/AOC     ( 1205): F1:MSG: controller.cc, 919: AudioInCtrl: ipc: sound_trigger, cmd ID: 0x0108, tag: 0x81, rc: 0
D/AOC     ( 1205): F1:MSG: controller.cc, 275: AudioInCtrl: cmd ID: 0x0100, tag: 0x82 [cntr = 769]
D/AOC     ( 1205): F1:TRC: hotword_input_processor.cc, 1008: Receive cmd: 0x6f (111)
D/AOC     ( 1205): F1:TRC: hotword_input_processor.cc, 1504: Finished cmd: 0x6f (111)
D/AOC     ( 1205): F1:MSG: controller_audio_input.cc, 4305: Starting hotword pipeline (user: 2)
D/AOC     ( 1205): F1:MSG: audio_capture_pdm.cc, 454: Reconfig not seamless
D/AOC     ( 1205): F1:Stream 1: mask 0x3, rings {1, 0}, pipe 0x1, sr 16000, il {0,1,0,0}, en 1, mc 0, ni 1, fpo 0, ru 1, hq 0
D/AOC     ( 1205): F1:MSG: audio_capture_pdm.cc, 580: Stream 1 restarted (ramp ON)
D/AOC     ( 1205): F1:MSG: audio_capture_pdm.cc, 1045: Starting PDM in Low Power mode, mask=0x3
I/SHANNON_IMS( 2398): 9174 [CALL] isEmcAvailable for true (ImsCallManager%isEmcAvailable:1620)
D/AOC     ( 1205): A3:MSG: controller.cc, 275: CNTRL: cmd ID: 0x000a, tag: 0x43 [cntr = 10785]
D/AOC     ( 1205): A3:MSG: controller.cc, 919: CNTRL: ipc: control, cmd ID: 0x000a, tag: 0x43, rc: 0
D/AOC     ( 1205): A3:MSG: controller.cc, 275: CNTRL: cmd ID: 0x000a, tag: 0x44 [cntr = 10786]
D/AOC     ( 1205): A3:MSG: controller.cc, 919: CNTRL: ipc: control, cmd ID: 0x000a, tag: 0x44, rc: 0
D/AOC     ( 1205): A3:MSG: controller.cc, 275: CNTRL: cmd ID: 0x000a, tag: 0x45 [cntr = 10787]
D/AOC     ( 1205): A3:MSG: controller.cc, 919: CNTRL: ipc: control, cmd ID: 0x000a, tag: 0x45, rc: 0
D/AOC     ( 1205): A3:MSG: controller.cc, 275: CNTRL: cmd ID: 0x000a, tag: 0x46 [cntr = 10788]
D/AOC     ( 1205): A3:MSG: controller.cc, 919: CNTRL: ipc: control, cmd ID: 0x000a, tag: 0x46, rc: 0
D/AOC     ( 1205): A3:MSG: controller.cc, 275: CNTRL: cmd ID: 0x000a, tag: 0x47 [cntr = 10789]
D/AOC     ( 1205): A3:MSG: controller.cc, 919: CNTRL: ipc: control, cmd ID: 0x000a, tag: 0x47, rc: 0
D/AOC     ( 1205): A3:MSG: controller.cc, 275: CNTRL: cmd ID: 0x000a, tag: 0x48 [cntr = 10790]
D/AOC     ( 1205): A3:MSG: controller.cc, 919: CNTRL: ipc: control, cmd ID: 0x000a, tag: 0x48, rc: 0
D/AOC     ( 1205): A3:MSG: controller.cc, 275: CNTRL: cmd ID: 0x000a, tag: 0x49 [cntr = 10791]
D/AOC     ( 1205): A3:MSG: controller.cc, 919: CNTRL: ipc: control, cmd ID: 0x000a, tag: 0x49, rc: 0
D/AOC     ( 1205): A3:MSG: controller.cc, 275: CNTRL: cmd ID: 0x000a, tag: 0x4a [cntr = 10792]
D/AOC     ( 1205): A3:MSG: controller.cc, 919: CNTRL: ipc: control, cmd ID: 0x000a, tag: 0x4a, rc: 0
D/AOC     ( 1205): A3:MSG: controller.cc, 275: CNTRL: cmd ID: 0x000a, tag: 0x4b [cntr = 10793]
D/AOC     ( 1205): A3:MSG: controller.cc, 919: CNTRL: ipc: control, cmd ID: 0x000a, tag: 0x4b, rc: 0
D/AOC     ( 1205): A3:MSG: controller.cc, 275: CNTRL: cmd ID: 0x000a, tag: 0x4c [cntr = 10794]
D/AOC     ( 1205): A3:MSG: controller.cc, 919: CNTRL: ipc: control, cmd ID: 0x000a, tag: 0x4c, rc: 0
D/AOC     ( 1205): A3:MSG: controller.cc, 275: CNTRL: cmd ID: 0x000a, tag: 0x4d [cntr = 10795]
D/AOC     ( 1205): A3:MSG: controller.cc, 919: CNTRL: ipc: control, cmd ID: 0x000a, tag: 0x4d, rc: 0
D/AOC     ( 1205): A3:MSG: controller.cc, 275: CNTRL: cmd ID: 0x000a, tag: 0x4e [cntr = 10796]
D/AOC     ( 1205): A3:MSG: controller.cc, 919: CNTRL: ipc: control, cmd ID: 0x000a, tag: 0x4e, rc: 0
W/hwc-libdisplaycolor(  554): GetRrRegammaForRange: no match found (op_hz, hz, dbv, range_id)=(60,60,1062,7)
D/AOC     ( 1205): A3:MSG: controller.cc, 275: CNTRL: cmd ID: 0x000a, tag: 0x4f [cntr = 10797]
D/AOC     ( 1205): A3:MSG: controller.cc, 919: CNTRL: ipc: control, cmd ID: 0x000a, tag: 0x4f, rc: 0
D/AOC     ( 1205): A3:MSG: controller.cc, 275: CNTRL: cmd ID: 0x000a, tag: 0x50 [cntr = 10798]
D/AOC     ( 1205): A3:MSG: controller.cc, 919: CNTRL: ipc: control, cmd ID: 0x000a, tag: 0x50, rc: 0
D/AOC     ( 1205): A3:MSG: controller.cc, 275: CNTRL: cmd ID: 0x000a, tag: 0x51 [cntr = 10799]
D/AOC     ( 1205): A3:MSG: controller.cc, 919: CNTRL: ipc: control, cmd ID: 0x000a, tag: 0x51, rc: 0
D/AOC     ( 1205): A3:MSG: controller.cc, 275: CNTRL: cmd ID: 0x000a, tag: 0x52 [cntr = 10800]
D/AOC     ( 1205): A3:MSG: controller.cc, 919: CNTRL: ipc: control, cmd ID: 0x000a, tag: 0x52, rc: 0
I/StHal::Client(  959): ChangeStateTo: client 1 transits from ModelLoaded to StartDetecting
I/StHal::SoundTriggerHal(  959): StartRecognition: Started recognition of client 1 with io_handle 870
I/StHal::SoundTriggerHal(  959): ControlThreadLoop: get update command
D/AOC     ( 1205): F1:MSG: controller.cc, 919: AudioInCtrl: ipc: sound_trigger, cmd ID: 0x0100, tag: 0x82, rc: 0
I/SoundTriggerMiddlewareLogging( 1509): START_RECOGNITION (1, RecognitionConfig{captureRequested: true, phraseRecognitionExtras: [], audioCapabilities: 0, data: []}) -> android.os.Binder@a398806
I/SoundTriggerHelper( 1509): startRecognition successful.
W/SoundTriggerService( 1509): error onStart(): Model 9f6ad62a-1f0b-11e7-87c5-40a8f03d3f15 already started
I/AmbientMusicServiceMana( 4286): (REDACTED) Trying to unloading model %s
I/SoundTriggerManagerComp( 4286): (REDACTED) Unloading model %s
D/AOC     ( 1205): A3:MSG: controller.cc, 275: CNTRL: cmd ID: 0x000a, tag: 0x53 [cntr = 10801]
W/SoundTriggerHelper( 1509): Unload error: Attempting unload invalid generic model with id:12caddb1-acdb-4dce-8cb0-2e95a2313aee
I/SoundTriggerService( 1509): error onStop(): Model 12caddb1-acdb-4dce-8cb0-2e95a2313aee has no stats available
D/AOC     ( 1205): A3:MSG: controller.cc, 919: CNTRL: ipc: control, cmd ID: 0x000a, tag: 0x53, rc: 0
I/bthal.activitywatcher(  964): getStateResidency: ActivityStat{0 : totalTimeMs 32376327 totalEntryCount 691062502 lastEntryMs 4280558}
I/bthal.activitywatcher(  964): getStateResidency: ActivityStat{1 : totalTimeMs 10091849 totalEntryCount 275850511 lastEntryMs 4280559}
I/bthal.activitywatcher(  964): getStateResidency: ActivityStat{2 : totalTimeMs 375607 totalEntryCount 525029824 lastEntryMs 4280584}
I/bthal.activitywatcher(  964): getStateResidency: ActivityStat{3 : totalTimeMs 3619786 totalEntryCount 166032126 lastEntryMs 4280908}
I/bthal.activitywatcher(  964): send_hci_activities_vsc: Sent VSC <[4]{89, 253, 1, 1}>
I/bthal.activitywatcher(  964): filter_hci_activities_vse: Filtered <[103]{14, 101, 1, 89, 253, 0, 1, 186, 16, 32, 0, 112, 6, 0, 0, 112, 105, 60, 0, 0, 0, 0, 0, 136, 105, 60, 0, 0, 0, 0, 0, 62, 22, 13, 0, 138, 6, 0, 0, 136, 105, 60, 0, 0, 0, 0, 0, 112, 105, 60, 0, 0, 0, 0, 0, 25, 248, 23, 0, 18, 0, 0, 0, 106, 106, 60, 0, 0, 0, 0, 0, 107, 106, 60, 0, 0, 0, 0, 0, 160, 24, 8, 0, 176, 0, 0, 0, 154, 106, 60, 0, 0, 0, 0, 0, 154, 106, 60, 0, 0, 0, 0, 0}>
I/bthal.flowcontrol(  964): HciEventPreProcess: HCI Event 0xe Opcode 0xfd59 Length 103 handled by ControllerActivityWatcher
I/AmbientMusicServiceMana( 4286): (REDACTED) Update config: %s Success: %b
I/bthal.bqr(  964): Batt_Per: 21, Avg_Cur_Pwr: 3 mA, BEr_Tx_Plv: 0 dBm, Le_Tx_Plv: 12 dBm, Idle_Tm: 1882 ms, Act_Tm: 1727 ms, BEr_Tx_Tm: 0 ms, BEr_Rx_Tm: 0 ms, Le_Tx_Tm: 19 ms, Le_Rx_Tm: 0 ms, total_Tm 1901 ms, Rx_1Ch_Tm 0 ms, Rx_2Ch_Tm 0 ms, Tx_iPA_1Ch_Tm 19 ms, Tx_iPA_2Ch_Tm 0 ms, Tx_ePA_1Ch_Tm 0 ms, Tx_ePA_2Ch_Tm 0 ms, BEr_Rx_Scan_total_Tm 0, Le_Rx_Scan_total_Tm 0
I/bthal.bqr(  964): update_bqr_energy_reportv7: Avg_Cur_Pwr: 3, BEr_Tx_Plv: 0 dBm, Le_Tx_Plv: 12
I/bthal.flowcontrol(  964): HciEventPreProcess: HCI Event 0xff Opcode 0 Length 92 unhandled by debug_VendorEvent
W/btm_acl ( 2277): system/stack/acl/btm_acl.cc:1376 BTM_ReadRemoteVersion: Unable to find active acl
I/bluetooth( 2277): system/btif/src/btif_bqr.cc:1064 bqr_delivery_event: len: 89, addr: ff:ff:ff:ff:ff:ff, lmp_ver: 0, manufacturer_id: 0, lmp_subver: 0
I/BluetoothQualityReportJni( 2277): android/app/jni/com_android_bluetooth_BluetoothQualityReport.cpp:52 bqr_delivery_callback: 
I/BluetoothQualityReportNativeCallback( 2277): BQR: {
I/BluetoothQualityReportNativeCallback( 2277):   mAddr: FF:FF:FF:FF:FF:FF, mLmpVer: 0x00, mLmpSubVer: 0x0000, mManufacturerId: 0x0000, mName: , mBluetoothClass: 0,
I/BluetoothQualityReportNativeCallback( 2277):   BqrCommon: {
I/BluetoothQualityReportNativeCallback( 2277):     mQualityReportId: Energy Monitor(0x06), mPacketType: INVALID(0x00), mConnectionHandle: 0x0000, mConnectionRole: 0(0), mTxPowerLevel: 0, mRssi: 0, mSnr: 0, mUnusedAfhChannelCount: 0,
I/BluetoothQualityReportNativeCallback( 2277):     mAfhSelectUnidealChannelCount: 0, mLsto: 0, mPiconetClock: 0x00000000, mRetransmissionCount: 0, mNoRxCount: 0, mNakCount: 0, mLastTxAckTimestamp: 0x00000000, mFlowOffCount: 0,
I/BluetoothQualityReportNativeCallback( 2277):     mLastFlowOnTimestamp: 0x00000000, mOverflowCount: 0, mUnderflowCount: 0, mAddr: null, mCalFailedItemCount: 0,
I/BluetoothQualityReportNativeCallback( 2277):     mTxTotalPackets: 0, mTxUnackPackets: 0, mTxFlushPackets: 0, mTxLastSubeventPackets: 0, mCrcErrorPackets: 0, mRxDupPackets: 0, mRxUnRecvPackets: 0, mCoexInfoMask: 0
I/BluetoothQualityReportNativeCallback( 2277):   }
I/BluetoothQualityReportNativeCallback( 2277):   BqrEnergyMonitor: {
I/BluetoothQualityReportNativeCallback( 2277):     AvgCurrentConsume: 3, mIdleTotalTime: 1882, mIdleStateEnterCount: 73, mActiveTotalTime: 1727, mActiveStateEnterCount: 6,
I/BluetoothQualityReportNativeCallback( 2277):     mBredrTxTotalTime: 0, mBredrTxStateEnterCount: 0, mBredrTxAvgPowerLevel: 0, mBredrRxTotalTime: 0, mBredrRxStateEnterCount: 6, mLeTxTotalTime: 19, mLeTxStateEnterCount: 53, mLeTxAvgPowerLevel: 12, mLeRxTotalTime: 0, mLeRxStateEnterCount: 13, mReportTotalTime: 1901, mRxActiveOneChainTime: 0, mRxActiveTwoChainTime: 0, mTxiPaActiveOneChainTime: 19, mTxiPaActiveTwoChainTime: 0, mTxePaActiveOneChainTime: 0, mTxePaActiveTwoChainTime: 0
I/BluetoothQualityReportNativeCallback( 2277):   }
I/BluetoothQualityReportNativeCallback( 2277): }
D/AOC     ( 1205): F1:MSG: hotword_aec.cc, 119: Reset HotwordAec (reason = resync)
I/KeyguardTransitionRepository( 2175): FINISHED transition: TransitionStep(from=DOZING, to=GONE, value=1.0, transitionState=FINISHED, ownerName=FromDozingTransitionInteractor(canDismissLockscreen()))
D/StatusBar##isHomeStatusBarAllowed( 2175): newValue: true
D/FaceProvider/default( 1509): Starting watchdog for face
E/BiometricScheduler( 1509): Current operation is null,no need to start watchdog
D/KeyguardWakeDirectlyToGoneInteractor( 2175): can not ignore auth and return to gone - because of waking
D/ResourceTrimmer( 2175): Sending TRIM_MEMORY_UI_HIDDEN.
D/StatusBar##canShowOngoingActivityChips( 2175): newValue: true
D/StatusBar##chips( 2175): newValue: Chips[allowed=true numChips=0]
W/hwc-libdisplaycolor(  554): GetRrRegammaForRange: no match found (op_hz, hz, dbv, range_id)=(60,60,1062,7)
W/AccessibilityManagerService( 1509):  wait for adding window timeout: 2
W/hwc-libdisplaycolor(  554): GetRrRegammaForRange: no match found (op_hz, hz, dbv, range_id)=(60,60,1062,7)
W/hwc-libdisplaycolor(  554): GetRrRegammaForRange: no match found (op_hz, hz, dbv, range_id)=(60,60,1062,7)
I/NearbySharing( 2764): Network state changed: NetworkState(isRestricted=false, isOnline=true, isCongested=false, isMetered=false, isWifiConnected=true)
I/NearbySharing( 2764): Network state changed: NetworkState(isRestricted=false, isOnline=true, isCongested=false, isMetered=false, isWifiConnected=true)
W/hwc-libdisplaycolor(  554): GetRrRegammaForRange: no match found (op_hz, hz, dbv, range_id)=(60,60,1062,7)
I/serviceDiscovery( 1509): [MdnsAdvertiser.wlan0] Probing finished for service 332
I/NearbyMediums( 2764): WIFI_LAN registered service name:IzMxRzf8n14AAA type:null at ip:null port:0
I/NearbyMediums( 2764): Successfully advertised IzMxRzf8n14AAA on serviceID NearbySharing over Wifi LAN.
I/NearbyMediums( 2764): [WifiNetworkV2] WifiStatusChangedCallback registered for NearbySharing (wifiStatusChangedCallbacks.size:1)
I/NearbyConnections( 2764): Get local endpoint id from the existing localEndpointId:31G7 (last:FXWZ) for client 149895119(0p:com.google.android.gms.nearby.sharing)
I/NearbyMediums( 2764): Started BLE scanning, service-id=NearbyConnections.TxAdvertisement, is-extended-advert=true, power-level=2, scan-mode=3
I/NearbyConnections( 2764): [InstantConnectionPcpMgr] In invalidateTxAdvertisementScanning(by final_updateAdvertising) tx advertisement scanning successfully started for enpointId:31G7 serviceId:NearbySharing isScreenUnlocked:true powerLevel:BALANCED
I/NearbySharing( 2764): [broadcast provider] advertising options updated (BroadcastProviderOptions(powerLevel=2, flowId=5521992320651253615, uwbSenderInfo=[], deviceType=1, advertisingMediums=[8, 3, 6, 5, 4], upgradeMediums=[11, 5, 8, 6, 3, 9, 10, 2, 4, 7], useStableIdentifiers=false, allowBluetoothRadioToggling=false, allowWifiRadioToggling=false, enableBleL2capListening=false, allowGattConnections=false, enableFastAdvertisement=true, listenOnly=false)).
E/WifiHAL ( 1017): Setting APF program, halHandle = 0xb4000072f282ed50
E/WifiHAL ( 1017): Set apf filter for iface = wlan0
I/WifiHAL ( 1017): createRequest: APF set program request
I/WifiHAL ( 1017): mProgramLen : 2979
I/NearbySharing( 2764): [ClearcutLog] ADVERTISE_DEVICE_PRESENCE_START sessionId=0 flowId=5521992320651253615 sessionStatus: 1, visibility: 1
I/NearbySharing( 2764): NearbySharing Internal event ReceiveManagerUpdate(mode=2, isEveryoneMode=false, dataUsage=2, useQrCode=false, success=true)
I/NearbyDiscovery( 2764): (REDACTED) DiscoveryService onStartCommand action: %s
I/NearbyDiscovery( 2764): FastPairApiHandler: trigger firmware update check [CONTEXT service_id=265 ]
I/NearbyDiscovery( 2764): (REDACTED) FastPairApiHandler: Send result, package=(%s), requestType=(%s), status=(%s)
W/SHANNON_IMS( 2398): 9176 [SIM#] Invalid sub id : -1   with slot id : 0 (SubscriptionWrapper%getSubId:55)
W/SHANNON_IMS( 2398): 9180 [SIM#] Invalid sub id : -1   with slot id : 0 (SubscriptionWrapper%getSubId:55)
D/AOC     ( 1205): A3:MSG: usf_vsc_log.cc, 83: VSC: [WO] Change detected: previous_rotation: -1, proposed_rotation: 0
D/AOC     ( 1205): A3:MSG: usf_vsc_log.cc, 83: VSC: [WO] Last accel 1316 ms ago > threshold, z-axis rotation: 0
D/AOC     ( 1205): A3:MSG: usf_vsc_log.cc, 83: VSC: [WO] Last flat 71033801 ms ago > thd. Last swinging 71033801 ms ago > thd.
D/AOC     ( 1205): A3:MSG: usf_vsc_log.cc, 83: VSC: [WO] Tilt angle 2 Orientation angle 0
D/AOC     ( 1205): A3:MSG: usf_vsc_log.cc, 83: VSC: [WO] Changed rotation to 0 at ts 72738612 ms, IMU 0
I/keystore2(  542): system/security/keystore2/watchdog/src/lib.rs:371 - Watchdog thread idle -> terminating. Have a great day.
I/bthal.activity(  964): bt_power: LeAdvStat: 19:40:38:243 - 19:40:39:244, duration: 1001, le_adv_count: 2, total_le_adv_count: 9327, total_event_count: 45
D/AOC     ( 1205): A3:MSG: usf_vsc_log.cc, 83: VSC: [WO] Rejected by swing_time. Last detected 0 ms ago.
I/bt_shim_advertiser( 2277): system/main/shim/le_advertising_manager.cc:77 Unregister: in shim layer
I/bluetooth( 2277): bluetooth_private_gatt::gatt::server::isolation_manager: removing server (if any) associated with advertiser AdvertiserId(0)
I/WifiHAL ( 1017): Creating message to get link statistics; iface = 47
I/WifiHAL ( 1017): Getting cached scan results, iface handle = 0xb4000072f282ed50
E/WifiHAL ( 1017): Creating message to get cached scan results
I/WifiHAL ( 1017): In GetCachedScanResultsCommand::handleResponse
D/WifiHAL ( 1017): Start debug command: mType GET_FEATURE
I/WifiHAL ( 1017): CreateRequest mType = GET_FEATURE
D/WifiHAL ( 1017): In DebugCommand::handleResponse, mType:GET_FEATURE
D/WifiHAL ( 1017): len = 4, expected len = 4
I/HalDevMgr( 1509): bestIfaceCreationProposal is null, requestIface=STA, existingIface=[name=wlan0 type=STA]
I/pixel-thermal( 1798): charger_therm:36.001 raw data: charger_therm:36001 
I/pixel-thermal( 1798): VIRTUAL-SKIN-CHARGE:35.5373 raw data: VIRTUAL-SKIN-CHARGE:35537.3 VIRTUAL-SKIN-CHARGE-SUB-1:34632.4 VIRTUAL-SKIN-CHARGE-SUB-2:35537.3 charger_therm:36001 modem_therm:35623 quiet_therm:34621 rffe_therm:33909 soc_therm:35067 
I/pixel-thermal( 1798): VIRTUAL-SKIN-CHARGE power_budget=4731.09 err=2.46271 s_power=2200 time_elapsed_ms=7019 p=985.083 i=1600 d=-0 dt_per_min=nan compensation=0 budget transient=0 control target=2 excluded power budget=53.9927 (PARTIAL_SYSTEM_POWER: 1079.85 mW, cdev_weight: 0.050000)
I/pixel-thermal( 1798): VIRTUAL-SKIN-SPEAKER:34.8982 raw data: VIRTUAL-SKIN-SPEAKER:34898.2 VIRTUAL-SKIN-SPEAKER-SUB-1:32103.1 VIRTUAL-SKIN-SPEAKER-SUB-2:34898.2 battery:34600 gnss_tcxo_therm:35512 quiet_therm:34621 soc_therm:35067 usb_conn_therm:33820 
I/pixel-thermal( 1798): VIRTUAL-SKIN-CHARGE-WLC:35.2054 raw data: VIRTUAL-SKIN-CHARGE-WLC:35205.4 charger_therm:36001 modem_therm:35623 rffe_therm:33909 soc_therm:35067 
I/pixel-thermal( 1798): VIRTUAL-SKIN-CHARGE-WLC power_budget=2250.94 err=2.79465 s_power=1400 time_elapsed_ms=7019 p=558.929 i=400 d=0 dt_per_min=nan compensation=0 budget transient=0 control target=2 excluded power budget=107.985 (PARTIAL_SYSTEM_POWER: 1079.85 mW, cdev_weight: 0.100000)
I/bthal.activity(  964): bt_power: LeAdvStat: 19:40:40:247 - 19:40:41:251, duration: 1003, le_adv_count: 2, total_le_adv_count: 9329, total_event_count: 0
D/AidlBufferPoolAcc( 1188): evictor expired: 1, evicted: 0
D/AidlBufferPoolAcc(17230): evictor expired: 1, evicted: 0
W/ip      ( 4766): type=1400 audit(0.0:24598): avc:  denied  { bind } for  scontext=u:r:untrusted_app_34:s0:c97,c257,c512,c768 tcontext=u:r:untrusted_app_34:s0:c97,c257,c512,c768 tclass=netlink_route_socket permissive=0 app=com.tailscale.ipn
D/App     (17488): bindSocketToActiveNetwork: binding fd=111 to net=112 iface=wlan0
D/gojni   (17488): App: bindSocketToActiveNetwork: binding fd=111 to net=112 iface=wlan0
W/ip      ( 4767): type=1400 audit(0.0:24599): avc:  denied  { bind } for  scontext=u:r:untrusted_app_34:s0:c97,c257,c512,c768 tcontext=u:r:untrusted_app_34:s0:c97,c257,c512,c768 tclass=netlink_route_socket permissive=0 app=com.tailscale.ipn
I/NearbyDiscovery( 2764): (REDACTED) DiscoveryService onStartCommand action: %s
I/NearbyDiscovery( 2764): FastPairApiHandler: trigger firmware update check [CONTEXT service_id=265 ]
I/NearbyDiscovery( 2764): (REDACTED) FastPairApiHandler: Send result, package=(%s), requestType=(%s), status=(%s)
W/ip      ( 4768): type=1400 audit(0.0:24600): avc:  denied  { bind } for  scontext=u:r:untrusted_app_34:s0:c97,c257,c512,c768 tcontext=u:r:untrusted_app_34:s0:c97,c257,c512,c768 tclass=netlink_route_socket permissive=0 app=com.tailscale.ipn
D/AidlBufferPool( 1188): bufferpool2 0xb40000789dfd9b98 : 0(0 size) total buffers - 0(0 size) used buffers - 3/10 (recycle/alloc) - 7/9 (fetch/transfer)
D/AidlBufferPoolAcc( 1188): evictor expired: 2, evicted: 1
D/AidlBufferPool(17230): bufferpool2 0x79511415e8 : 0(0 size) total buffers - 0(0 size) used buffers - 2/7 (recycle/alloc) - 5/24 (fetch/transfer)
D/AidlBufferPoolAcc(17230): evictor expired: 1, evicted: 1
I/NearbyDiscovery( 2764): (REDACTED) ApFastPairScanner: isScreenOn=%s, isLocationEnabled=%s, disableLocationRequirement=%s, isDiscoveryScanningEnabled=%s, during24GhzWifiWarmingUpPeriod=%s
D/BluetoothAdapter( 2764): isLeEnabled(): ON
I/NearbyDiscovery( 2764): (REDACTED) ApFastPairScanner: eventType=%s, intReq=%s, scanning=%s, scanAllowed=%s, bleEnabled=%s, lockScanRate=%s, startScanningByLowPowerMode=%s
I/NearbyDiscovery( 2764): (REDACTED) ApFastPairScanner: Stopping scan, %s
D/BluetoothAdapter( 2764): isLeEnabled(): ON
I/NearbyDiscovery( 2764): (REDACTED) ApFastPairScanner: isScreenOn=%s, isLocationEnabled=%s, disableLocationRequirement=%s, isDiscoveryScanningEnabled=%s, during24GhzWifiWarmingUpPeriod=%s
I/NearbyDiscovery( 2764): (REDACTED) ApFastPairScanner: Start scanning internally, %s
I/bt_shim_scanner( 2277): system/main/shim/le_scanning_manager.cc:182 ScanFilterParamSetup: in shim layer, clientIf=2
D/BluetoothAdapter( 2764): isLeEnabled(): ON
I/bt_shim_scanner( 2277): system/main/shim/le_scanning_manager.cc:182 ScanFilterParamSetup: in shim layer, clientIf=2
I/bt_shim_scanner( 2277): system/main/shim/le_scanning_manager.cc:182 ScanFilterParamSetup: in shim layer, clientIf=2
I/bt_shim_scanner( 2277): system/main/shim/le_scanning_manager.cc:150 Scan: in shim layer stopped
I/bt_shim_scanner( 2277): system/main/shim/le_scanning_manager.cc:315 SetScanParameters: in shim layer, scannerId1m=3, scannerIdCoded=0
I/bt_shim_scanner( 2277): system/main/shim/le_scanning_manager.cc:150 Scan: in shim layer started
I/bt_shim_scanner( 2277): system/main/shim/le_scanning_manager.cc:144 Unregister: in shim layer, scannerId=2
I/NearbyDiscovery( 2764): (REDACTED) ApFastPairScanner: Starting %s scanning
I/bt_shim_scanner( 2277): system/main/shim/le_scanning_manager.cc:138 RegisterScanner: in shim layer, UUID=b4ef4c36-bbc2-4cd0-8c32-60d4cce17828
I/bluetooth( 2277): system/gd/hci/le_scanning_manager_impl.cc:774 stop_scan: Scanning already stopped, return. caller=configure_scan
I/bluetooth( 2277): system/gd/hci/le_address_manager.cc:269 unregister_client: Client unregistered
I/bluetooth( 2277): system/gd/hci/le_address_manager.cc:254 register_client: Client registered
D/BluetoothLeScanner( 2764): onScannerRegistered(status=0, scannerId=2): mScannerId=0
I/bthal.activity(  964): LogActivities: Disable LE Scanning, 0x2042
I/bthal.debug_central(  964): Command Complete Event of LE_SET_EXTENDED_SCAN_ENABLE, opcode:2042
I/bthal.flowcontrol(  964): HciEventPreProcess: HCI Event 0xe Opcode 0x2042 Length 6 unhandled by LeSetExtentedScanEnableEvent
I/bt_shim_scanner( 2277): system/main/shim/le_scanning_manager.cc:239 ScanFilterEnable: in shim layer
I/bt_shim_scanner( 2277): system/main/shim/le_scanning_manager.cc:215 ScanFilterAdd: in shim layer
I/bt_shim_scanner( 2277): system/main/shim/le_scanning_manager.cc:182 ScanFilterParamSetup: in shim layer, clientIf=2
I/bthal.activity(  964): LogActivities: BALANCED ScanMode
I/bt_shim_scanner( 2277): system/main/shim/le_scanning_manager.cc:215 ScanFilterAdd: in shim layer
I/bt_shim_scanner( 2277): system/main/shim/le_scanning_manager.cc:182 ScanFilterParamSetup: in shim layer, clientIf=2
I/bt_shim_scanner( 2277): system/main/shim/le_scanning_manager.cc:215 ScanFilterAdd: in shim layer
I/bt_shim_scanner( 2277): system/main/shim/le_scanning_manager.cc:182 ScanFilterParamSetup: in shim layer, clientIf=2
I/bthal.activity(  964): LogActivities: Enable LE Scanning, 0x2042
I/bthal.debug_central(  964): Command Complete Event of LE_SET_EXTENDED_SCAN_ENABLE, opcode:2042
I/bthal.flowcontrol(  964): HciEventPreProcess: HCI Event 0xe Opcode 0x2042 Length 6 unhandled by LeSetExtentedScanEnableEvent
D/BluetoothAdapter( 2764): isLeEnabled(): ON
I/bt_shim_scanner( 2277): system/main/shim/le_scanning_manager.cc:182 ScanFilterParamSetup: in shim layer, clientIf=3
I/bt_shim_scanner( 2277): system/main/shim/le_scanning_manager.cc:182 ScanFilterParamSetup: in shim layer, clientIf=3
D/BluetoothAdapter( 2764): isLeEnabled(): ON
I/bt_shim_scanner( 2277): system/main/shim/le_scanning_manager.cc:144 Unregister: in shim layer, scannerId=3
I/NearbySharing( 2764): Started scanning for FastInitiation with mode: SCAN_MODE_AMBIENT_DISCOVERY
I/bt_shim_scanner( 2277): system/main/shim/le_scanning_manager.cc:138 RegisterScanner: in shim layer, UUID=979da3b5-ff51-4bb1-9060-3702a2397b88
I/NearbySharing( 2764): FastInitiation warming period has ended
D/BluetoothLeScanner( 2764): onScannerRegistered(status=0, scannerId=3): mScannerId=0
I/bt_shim_scanner( 2277): system/main/shim/le_scanning_manager.cc:239 ScanFilterEnable: in shim layer
I/bt_shim_scanner( 2277): system/main/shim/le_scanning_manager.cc:215 ScanFilterAdd: in shim layer
I/bt_shim_scanner( 2277): system/main/shim/le_scanning_manager.cc:182 ScanFilterParamSetup: in shim layer, clientIf=3
I/bt_shim_scanner( 2277): system/main/shim/le_scanning_manager.cc:215 ScanFilterAdd: in shim layer
I/bt_shim_scanner( 2277): system/main/shim/le_scanning_manager.cc:182 ScanFilterParamSetup: in shim layer, clientIf=3
I/bthal.activity(  964): bt_power: LeAdvStat: 19:40:42:257 - 19:40:43:259, duration: 1001, le_adv_count: 2, total_le_adv_count: 9331, total_event_count: 23
I/WifiHAL ( 1017): Creating message to get link statistics; iface = 47
I/WifiHAL ( 1017): Getting cached scan results, iface handle = 0xb4000072f282ed50
E/WifiHAL ( 1017): Creating message to get cached scan results
I/WifiHAL ( 1017): In GetCachedScanResultsCommand::handleResponse
D/WifiHAL ( 1017): Start debug command: mType GET_FEATURE
I/WifiHAL ( 1017): CreateRequest mType = GET_FEATURE
D/WifiHAL ( 1017): In DebugCommand::handleResponse, mType:GET_FEATURE
D/WifiHAL ( 1017): len = 4, expected len = 4
I/HalDevMgr( 1509): bestIfaceCreationProposal is null, requestIface=STA, existingIface=[name=wlan0 type=STA]
D/TemperatureStateSource( 2309): sequence=7192 actualDelay=10001
D/TemperatureStateSource( 2309): Reading temperature: sequence=7193
I/pixel-thermal( 1798): VIRTUAL-SKIN:34.9416 raw data: VIRTUAL-SKIN:34941.6 VIRTUAL-SKIN-SUB-1:34941.6 VIRTUAL-SKIN-SUB-2:30979.6 VIRTUAL-SKIN-SUB-3:33319.6 charger_therm:36224 gnss_tcxo_therm:35512 modem_therm:35601 quiet_therm:34733 rffe_therm:33842 soc_therm:35067 usb_conn_therm:33753 
D/TemperatureStateSource( 2309): getDeviceTemperatures: sequence=7193 deviceTemperatureType=3 temperatureSource=0 temperatures=[34.94155]
D/ImpulseStateSource( 2309): Notify clients: 7431
D/TemperatureStateSource( 2309): sequence=7193 waitTime=10000
D/AOC     ( 1205): CHRE: DRAM vote count begins
D/AOC     ( 1205): CHRE: DRAM vote count ends: 0 ms
I/CHRE    (  967): @ 72744.182: [AR] inconsistent: 41.176472
D/AOC     ( 1205): A3:MSG: lsm6dsv_device.cc, 732: USF: Lsm6dsvDevice: Sensor 4: Enabled 0, odr_index 0, period_ns 0.
D/AOC     ( 1205): A3:MSG: lsm6dsv_fifo.cc, 755: USF: Lsm6dsvFifo: ODR: XL/G/T/TS: 120/60/15/15 WM: 10 Intr: 21.
D/AOC     ( 1205): A3:MSG: lsm6dsv_device.cc, 641: USF: Lsm6dsvDevice: Fifo was disabled for 436239ns.
D/AOC     ( 1205): A3:MSG: usf_sensor.cc, 1866: USF: Received start sampling request for LSM6DSV Motion Detect (active:1).
D/AOC     ( 1205): A3:MSG: lsm6dsv_device.cc, 732: USF: Lsm6dsvDevice: Sensor 3: Enabled 1, odr_index 1, period_ns 500000000.
D/AOC     ( 1205): A3:MSG: lsm6dsv_fifo.cc, 755: USF: Lsm6dsvFifo: ODR: XL/G/T/TS: 120/60/15/15 WM: 10 Intr: 21.
D/AOC     ( 1205): A3:MSG: lsm6dsv_device.cc, 641: USF: Lsm6dsvDevice: Fifo was disabled for 490071ns.
D/AOC     ( 1205): A3:MSG: usf_sensor.cc, 1866: USF: Received start sampling request for LSM6DSV Motion Detect (active:2).
D/AOC     ( 1205): A3:MSG: motion_state_sensor.cc, 328: USF: MoSt: MotionDetect sampling started with sampling ID 10770.
D/AOC     ( 1205): A3:MSG: usf_sensor.cc, 1881: USF: Received stop sampling request for LSM6DSV FreeFall Detect (active:0).
D/AOC     ( 1205): A3:MSG: lsm6dsv_device.cc, 732: USF: Lsm6dsvDevice: Sensor 5: Enabled 0, odr_index 0, period_ns 0.
D/AOC     ( 1205): A3:MSG: lsm6dsv_fifo.cc, 755: USF: Lsm6dsvFifo: ODR: XL/G/T/TS: 120/60/15/15 WM: 10 Intr: 21.
D/AOC     ( 1205): A3:MSG: lsm6dsv_device.cc, 641: USF: Lsm6dsvDevice: Fifo was disabled for 491903ns.
I/NearbyConnections( 2764): Invalidate cached hpkeKey for client 149895119
D/AOC     ( 1205): A3:MSG: usf_sensor.cc, 1866: USF: Received start sampling request for LSM6DSV Motion Detect (active:3).
D/AOC     ( 1205): A3:MSG: usf_sensor.cc, 1881: USF: Received stop sampling request for LSM6DSV Accelerometer (active:5).
I/NearbyDiscovery( 2764): (REDACTED) DiscoveryService onStartCommand action: %s
I/NearbyDiscovery( 2764): FastPairApiHandler: trigger firmware update check [CONTEXT service_id=265 ]
I/NearbyDiscovery( 2764): (REDACTED) FastPairApiHandler: Send result, package=(%s), requestType=(%s), status=(%s)
I/WifiHAL ( 1017): Creating message to get link statistics; iface = 47
I/WifiHAL ( 1017): Getting cached scan results, iface handle = 0xb4000072f282ed50
E/WifiHAL ( 1017): Creating message to get cached scan results
I/WifiHAL ( 1017): In GetCachedScanResultsCommand::handleResponse
D/WifiHAL ( 1017): Start debug command: mType GET_FEATURE
I/WifiHAL ( 1017): CreateRequest mType = GET_FEATURE
D/WifiHAL ( 1017): In DebugCommand::handleResponse, mType:GET_FEATURE
D/WifiHAL ( 1017): len = 4, expected len = 4
I/HalDevMgr( 1509): bestIfaceCreationProposal is null, requestIface=STA, existingIface=[name=wlan0 type=STA]
D/ActivityManager( 1509): freezing 28523 com.google.android.apps.photos
D/InetDiagMessage( 1509): Destroyed 0 sockets, proto=IPPROTO_TCP, family=AF_INET, states=14
D/InetDiagMessage( 1509): Destroyed 0 sockets, proto=IPPROTO_TCP, family=AF_INET6, states=14
D/InetDiagMessage( 1509): Destroyed live tcp sockets for uids={10185} in 6ms
D/ActivityManager( 1509): freezing 5840 com.google.android.apps.turbo
D/InetDiagMessage( 1509): Destroyed 0 sockets, proto=IPPROTO_TCP, family=AF_INET, states=14
D/InetDiagMessage( 1509): Destroyed 0 sockets, proto=IPPROTO_TCP, family=AF_INET6, states=14
D/InetDiagMessage( 1509): Destroyed live tcp sockets for uids={10135} in 5ms
I/NearbyPresence( 2764): (REDACTED) %s verified [==] new request %s equals to the old request
I/NearbyMediums( 2764): No BLE Fast/GATT advertisements found in the latest cycle.
I/NearbyMediums( 2764): Current Tracked Scanning Clients are : {NearbyConnections.EnvironmentMonitor, NearbySharing, NearbyConnections.TxAdvertisement}
D/AOC     ( 1205): CHRE: DRAM vote count begins
D/CHRE.HAL(  967): Received a nanoapp message from 0x476f6f676c001022 endpoint 0x8042: Type 0x3 size 8 
I/suez-nanoapp-clients(  992): Barometric peak detected: magnitude = 0.108333 hPa (bucket: 2), duration = 40.000000 ms (bucket: 3).
I/CHRE    (  967): @ 72747.078: [ip] Peak detected: magnitude = 0.108333 hpa, duration = 40.000000 ms
D/AOC     ( 1205): CHRE: DRAM vote count ends: 0 ms
I/ImeTracker( 1509): com.termux:11712: onTimeout at PHASE_SERVER_NOTIFY_IME_VISIBILITY_CHANGED_FROM_CLIENT
I/bthal.activity(  964): bt_power: LeAdvStat: 19:40:46:271 - 19:40:47:274, duration: 1003, le_adv_count: 2, total_le_adv_count: 9333, total_event_count: 0
D/AOC     ( 1205): CHRE: DRAM vote count begins
D/AOC     ( 1205): CHRE: DRAM vote count ends: 0 ms
I/CHRE    (  967): @ 72747.385: [AR] still: 35.686275
I/pixel-thermal( 1798): charger_therm:36.224 raw data: charger_therm:36224 
I/pixel-thermal( 1798): VIRTUAL-SKIN-CHARGE:35.5764 raw data: VIRTUAL-SKIN-CHARGE:35576.4 VIRTUAL-SKIN-CHARGE-SUB-1:34635.7 VIRTUAL-SKIN-CHARGE-SUB-2:35576.4 charger_therm:36224 modem_therm:35601 quiet_therm:34733 rffe_therm:33842 soc_therm:35067 
I/pixel-thermal( 1798): VIRTUAL-SKIN-CHARGE power_budget=4718.98 err=2.42358 s_power=2200 time_elapsed_ms=7019 p=969.434 i=1600 d=-0 dt_per_min=nan compensation=0 budget transient=0 control target=2 excluded power budget=50.4517 (PARTIAL_SYSTEM_POWER: 1009.03 mW, cdev_weight: 0.050000)
I/pixel-thermal( 1798): VIRTUAL-SKIN-SPEAKER:34.8295 raw data: VIRTUAL-SKIN-SPEAKER:34829.5 VIRTUAL-SKIN-SPEAKER-SUB-1:32136.2 VIRTUAL-SKIN-SPEAKER-SUB-2:34829.5 battery:34500 gnss_tcxo_therm:35512 quiet_therm:34733 soc_therm:35067 usb_conn_therm:33753 
I/pixel-thermal( 1798): VIRTUAL-SKIN-CHARGE-WLC:35.2093 raw data: VIRTUAL-SKIN-CHARGE-WLC:35209.3 charger_therm:36224 modem_therm:35601 rffe_therm:33842 soc_therm:35067 
I/pixel-thermal( 1798): VIRTUAL-SKIN-CHARGE-WLC power_budget=2257.23 err=2.79067 s_power=1400 time_elapsed_ms=7019 p=558.134 i=400 d=-0 dt_per_min=nan compensation=0 budget transient=0 control target=2 excluded power budget=100.903 (PARTIAL_SYSTEM_POWER: 1009.03 mW, cdev_weight: 0.100000)
I/bthal.activity(  964): bt_power: LeAdvStat: 19:40:48:276 - 19:40:49:278, duration: 1002, le_adv_count: 2, total_le_adv_count: 9335, total_event_count: 2
I/WifiHAL ( 1017): Creating message to get link statistics; iface = 47
I/WifiHAL ( 1017): Getting cached scan results, iface handle = 0xb4000072f282ed50
E/WifiHAL ( 1017): Creating message to get cached scan results
I/WifiHAL ( 1017): In GetCachedScanResultsCommand::handleResponse
D/WifiHAL ( 1017): Start debug command: mType GET_FEATURE
I/WifiHAL ( 1017): CreateRequest mType = GET_FEATURE
D/WifiHAL ( 1017): In DebugCommand::handleResponse, mType:GET_FEATURE
D/WifiHAL ( 1017): len = 4, expected len = 4
I/HalDevMgr( 1509): bestIfaceCreationProposal is null, requestIface=STA, existingIface=[name=wlan0 type=STA]
D/InetDiagMessage( 1509): Destroyed 0 sockets, proto=IPPROTO_TCP, family=AF_INET, states=14
D/InetDiagMessage( 1509): Destroyed 0 sockets, proto=IPPROTO_TCP, family=AF_INET6, states=14
D/InetDiagMessage( 1509): Destroyed live tcp sockets for uids={1010244} in 4ms
D/InetDiagMessage( 1509): Destroyed 0 sockets, proto=IPPROTO_TCP, family=AF_INET, states=14
D/InetDiagMessage( 1509): Destroyed 0 sockets, proto=IPPROTO_TCP, family=AF_INET6, states=14
D/InetDiagMessage( 1509): Destroyed live tcp sockets for uids={1020244} in 4ms
D/AOC     ( 1205): A3:MSG: usf_sensor.cc, 1866: USF: Received start sampling request for LSM6DSV Accelerometer (active:6).
D/AOC     ( 1205): A3:MSG: lsm6dsv_device.cc, 732: USF: Lsm6dsvDevice: Sensor 0: Enabled 1, odr_index 6, period_ns 10000000.
D/AOC     ( 1205): A3:MSG: lsm6dsv_fifo.cc, 755: USF: Lsm6dsvFifo: ODR: XL/G/T/TS: 120/60/15/15 WM: 10 Intr: 21.
D/AOC     ( 1205): A3:MSG: lsm6dsv_device.cc, 641: USF: Lsm6dsvDevice: Fifo was disabled for 610148ns.
D/AOC     ( 1205): A3:MSG: tmd3719_device.cc, 4540: USF: TMD3719: dbv:1062 leakage:0.133194 refresh_rate:60 status:1 op_hz:60 [0]
D/BoundBrokerSvc( 2764): onUnbind: Intent { act=com.google.android.gms.nearby.presence.service.START dat=chimera-action:/... xflg=0x4 cmp=com.google.android.gms/.chimera.PersistentApiServiceNoInstantApps }
I/WifiHAL ( 1017): Creating message to get link statistics; iface = 47
I/WifiHAL ( 1017): Getting cached scan results, iface handle = 0xb4000072f282ed50
E/WifiHAL ( 1017): Creating message to get cached scan results
I/WifiHAL ( 1017): In GetCachedScanResultsCommand::handleResponse
D/WifiHAL ( 1017): Start debug command: mType GET_FEATURE
I/WifiHAL ( 1017): CreateRequest mType = GET_FEATURE
D/WifiHAL ( 1017): In DebugCommand::handleResponse, mType:GET_FEATURE
D/WifiHAL ( 1017): len = 4, expected len = 4
I/HalDevMgr( 1509): bestIfaceCreationProposal is null, requestIface=STA, existingIface=[name=wlan0 type=STA]
D/BoundBrokerSvc( 2764): onUnbind: Intent { act=com.google.android.gms.libs.gmscorelogger.service.START dat=chimera-action:/... xflg=0x4 cmp=com.google.android.gms/.chimera.PersistentDirectBootAwareApiService }
D/TemperatureStateSource( 2309): sequence=7193 actualDelay=10001
D/TemperatureStateSource( 2309): Reading temperature: sequence=7194
I/pixel-thermal( 1798): VIRTUAL-SKIN:34.9086 raw data: VIRTUAL-SKIN:34908.6 VIRTUAL-SKIN-SUB-1:34908.6 VIRTUAL-SKIN-SUB-2:30992 VIRTUAL-SKIN-SUB-3:33309.7 charger_therm:36001 gnss_tcxo_therm:35467 modem_therm:35601 quiet_therm:34621 rffe_therm:33909 soc_therm:35044 usb_conn_therm:33776 
D/TemperatureStateSource( 2309): getDeviceTemperatures: sequence=7194 deviceTemperatureType=3 temperatureSource=0 temperatures=[34.908604]
D/TemperatureStateSource( 2309): sequence=7194 waitTime=10000
D/ImpulseStateSource( 2309): Notify clients: 7432
W/id.rilextension( 2438): Reducing the number of considered missed Gc histogram windows from 200 to 100
I/pixel-thermal( 1798): charger_therm:36.001 raw data: charger_therm:36001 
I/pixel-thermal( 1798): VIRTUAL-SKIN-CHARGE:35.5373 raw data: VIRTUAL-SKIN-CHARGE:35537.3 VIRTUAL-SKIN-CHARGE-SUB-1:34621.8 VIRTUAL-SKIN-CHARGE-SUB-2:35537.3 charger_therm:36001 modem_therm:35601 quiet_therm:34621 rffe_therm:33909 soc_therm:35044 
I/pixel-thermal( 1798): VIRTUAL-SKIN-CHARGE power_budget=4739.44 err=2.46271 s_power=2200 time_elapsed_ms=7028 p=985.083 i=1600 d=0 dt_per_min=nan compensation=0 budget transient=0 control target=2 excluded power budget=45.6472 (PARTIAL_SYSTEM_POWER: 912.94 mW, cdev_weight: 0.050000)
I/pixel-thermal( 1798): VIRTUAL-SKIN-SPEAKER:34.8508 raw data: VIRTUAL-SKIN-SPEAKER:34850.8 VIRTUAL-SKIN-SPEAKER-SUB-1:32082 VIRTUAL-SKIN-SPEAKER-SUB-2:34850.8 battery:34400 gnss_tcxo_therm:35467 quiet_therm:34621 soc_therm:35044 usb_conn_therm:33776 
I/pixel-thermal( 1798): VIRTUAL-SKIN-CHARGE-WLC:35.1945 raw data: VIRTUAL-SKIN-CHARGE-WLC:35194.5 charger_therm:36001 modem_therm:35601 rffe_therm:33909 soc_therm:35044 
I/pixel-thermal( 1798): VIRTUAL-SKIN-CHARGE-WLC power_budget=2269.8 err=2.80547 s_power=1400 time_elapsed_ms=7028 p=561.094 i=400 d=0 dt_per_min=nan compensation=0 budget transient=0 control target=2 excluded power budget=91.2944 (PARTIAL_SYSTEM_POWER: 912.94 mW, cdev_weight: 0.100000)
I/WifiHAL ( 1017): Creating message to get link statistics; iface = 47
I/WifiHAL ( 1017): Getting cached scan results, iface handle = 0xb4000072f282ed50
E/WifiHAL ( 1017): Creating message to get cached scan results
I/WifiHAL ( 1017): In GetCachedScanResultsCommand::handleResponse
D/WifiHAL ( 1017): Start debug command: mType GET_FEATURE
I/WifiHAL ( 1017): CreateRequest mType = GET_FEATURE
D/WifiHAL ( 1017): In DebugCommand::handleResponse, mType:GET_FEATURE
D/WifiHAL ( 1017): len = 4, expected len = 4
I/HalDevMgr( 1509): bestIfaceCreationProposal is null, requestIface=STA, existingIface=[name=wlan0 type=STA]
I/NearbyDiscovery( 2764): (REDACTED) DiscoveryService onStartCommand action: %s
I/NearbyDiscovery( 2764): FastPairApiHandler: trigger firmware update check [CONTEXT service_id=265 ]
I/NearbyDiscovery( 2764): (REDACTED) FastPairApiHandler: Send result, package=(%s), requestType=(%s), status=(%s)
I/NearbyMediums( 2764): No BLE Fast/GATT advertisements found in the latest cycle.
I/NearbyMediums( 2764): Current Tracked Scanning Clients are : {NearbyConnections.EnvironmentMonitor, NearbySharing, NearbyConnections.TxAdvertisement}
I/bthal.activity(  964): bt_power: LeAdvStat: 19:40:56:289 - 19:40:57:291, duration: 1001, le_adv_count: 2, total_le_adv_count: 9337, total_event_count: 2
W/TracingMuxer( 1204): type=1400 audit(0.0:24601): avc:  denied  { write } for  name="traced_producer" dev="tmpfs" ino=1356 scontext=u:r:gxp_logging:s0 tcontext=u:object_r:traced_producer_socket:s0 tclass=sock_file permissive=0
I/WifiHAL ( 1017): Creating message to get link statistics; iface = 47
I/WifiHAL ( 1017): Getting cached scan results, iface handle = 0xb4000072f282ed50
E/WifiHAL ( 1017): Creating message to get cached scan results
I/WifiHAL ( 1017): In GetCachedScanResultsCommand::handleResponse
D/WifiHAL ( 1017): Start debug command: mType GET_FEATURE
I/WifiHAL ( 1017): CreateRequest mType = GET_FEATURE
D/WifiHAL ( 1017): In DebugCommand::handleResponse, mType:GET_FEATURE
D/WifiHAL ( 1017): len = 4, expected len = 4
I/HalDevMgr( 1509): bestIfaceCreationProposal is null, requestIface=STA, existingIface=[name=wlan0 type=STA]
W/hwc-libdisplaycolor(  554): GetRrRegammaForRange: no match found (op_hz, hz, dbv, range_id)=(60,60,1062,7)
W/hwc-libdisplaycolor(  554): GetRrRegammaForRange: no match found (op_hz, hz, dbv, range_id)=(60,60,1062,7)
W/hwc-libdisplaycolor(  554): GetRrRegammaForRange: no match found (op_hz, hz, dbv, range_id)=(60,60,1062,7)
D/CHRE.HAL(  967): Received a nanoapp message from 0x476f6f676c001016 endpoint 0x3: Type 0x8003 size 1 
I/vendor.google.wifi_ext-service-vendor( 1017): Wifi: Resetting SAR Scenario to default
E/WifiHAL ( 1017): wifi_reset_tx_power_scenario
D/GRIL-S  ( 2315): [1684]> UPDATE_DEVICE_STATE DeviceState: Usb:0, Wifi: 1, Wifi AP: 0, Earpiece: 0, Bluetooth: 1, Wireless charging: 0, Screen: 1, Camera: 0, 0, -, -, Motion: 0, Bluetooth tethering: 0, Voice: 0, Wifi 2.4G: 0, Radio: 1, Bluetooth connected: 0, Bluetooth media: 0, Wifi Band: 2, Wifi AP Band: 0, Wifi call: 0, mmWave: 0, mCellBackhaul: 0, mHallSensor: 0, mDozeStatus: 1, mAppClassInfo: 0, mWifiCapSensorStatus: 0, mCellCapSensorStatus: 0, mBesideHeadHandStatus: 0, mSpeakerStatus: 0, mProtectiveCaseStatus: 0, mWifiSettingStatus: 0, mGpsStatus: 0
D/GRIL-S  ( 2315): [1684]< UPDATE_DEVICE_STATE 
I/WifiHAL ( 1017): Creating message to get link statistics; iface = 47
I/WifiHAL ( 1017): Getting cached scan results, iface handle = 0xb4000072f282ed50
E/WifiHAL ( 1017): Creating message to get cached scan results
I/WifiHAL ( 1017): In GetCachedScanResultsCommand::handleResponse
D/WifiHAL ( 1017): Start debug command: mType GET_FEATURE
I/WifiHAL ( 1017): CreateRequest mType = GET_FEATURE
D/WifiHAL ( 1017): In DebugCommand::handleResponse, mType:GET_FEATURE
D/WifiHAL ( 1017): len = 4, expected len = 4
I/HalDevMgr( 1509): bestIfaceCreationProposal is null, requestIface=STA, existingIface=[name=wlan0 type=STA]
I/pixel-thermal( 1798): charger_therm:35.779 raw data: charger_therm:35779 
I/pixel-thermal( 1798): VIRTUAL-SKIN-CHARGE:35.4528 raw data: VIRTUAL-SKIN-CHARGE:35452.8 VIRTUAL-SKIN-CHARGE-SUB-1:34562.8 VIRTUAL-SKIN-CHARGE-SUB-2:35452.8 charger_therm:35779 modem_therm:35490 quiet_therm:34466 rffe_therm:33931 soc_therm:35000 
I/pixel-thermal( 1798): VIRTUAL-SKIN-CHARGE power_budget=4772.89 err=2.5472 s_power=2200 time_elapsed_ms=7027 p=1018.88 i=1600 d=0 dt_per_min=nan compensation=0 budget transient=0 control target=2 excluded power budget=45.9937 (PARTIAL_SYSTEM_POWER: 919.87 mW, cdev_weight: 0.050000)
I/pixel-thermal( 1798): VIRTUAL-SKIN-SPEAKER:34.9398 raw data: VIRTUAL-SKIN-SPEAKER:34939.8 VIRTUAL-SKIN-SPEAKER-SUB-1:31995 VIRTUAL-SKIN-SPEAKER-SUB-2:34939.8 battery:34400 gnss_tcxo_therm:35378 quiet_therm:34466 soc_therm:35000 usb_conn_therm:33865 
I/pixel-thermal( 1798): VIRTUAL-SKIN-CHARGE-WLC:35.1338 raw data: VIRTUAL-SKIN-CHARGE-WLC:35133.8 charger_therm:35779 modem_therm:35490 rffe_therm:33931 soc_therm:35000 
I/pixel-thermal( 1798): VIRTUAL-SKIN-CHARGE-WLC power_budget=2281.26 err=2.86625 s_power=1400 time_elapsed_ms=7027 p=573.25 i=400 d=0 dt_per_min=nan compensation=0 budget transient=0 control target=2 excluded power budget=91.9875 (PARTIAL_SYSTEM_POWER: 919.87 mW, cdev_weight: 0.100000)
I/NearbyDiscovery( 2764): (REDACTED) DiscoveryService onStartCommand action: %s
I/NearbyDiscovery( 2764): FastPairApiHandler: trigger firmware update check [CONTEXT service_id=265 ]
I/NearbyDiscovery( 2764): (REDACTED) FastPairApiHandler: Send result, package=(%s), requestType=(%s), status=(%s)
I/ForwardSyncCache( 5289): reclaimMemory: Clearing caches
I/BugleSpam( 5289): HadesBitmapStore: Purged 0 images during memory reclamation
W/Bugle   ( 5289): TextClassifierLibManagerImpl: Reclaiming memory at level: 40
I/bthal.activity(  964): bt_power: LeAdvStat: 19:41:02:304 - 19:41:03:306, duration: 1001, le_adv_count: 2, total_le_adv_count: 9339, total_event_count: 2
D/TemperatureStateSource( 2309): sequence=7194 actualDelay=10002
D/TemperatureStateSource( 2309): Reading temperature: sequence=7195
I/pixel-thermal( 1798): VIRTUAL-SKIN:34.8478 raw data: VIRTUAL-SKIN:34847.8 VIRTUAL-SKIN-SUB-1:34847.8 VIRTUAL-SKIN-SUB-2:30924.7 VIRTUAL-SKIN-SUB-3:33278.6 charger_therm:35779 gnss_tcxo_therm:35378 modem_therm:35490 quiet_therm:34466 rffe_therm:33931 soc_therm:35000 usb_conn_therm:33865 
D/TemperatureStateSource( 2309): getDeviceTemperatures: sequence=7195 deviceTemperatureType=3 temperatureSource=0 temperatures=[34.8478]
D/TemperatureStateSource( 2309): sequence=7195 waitTime=10000
D/ImpulseStateSource( 2309): Notify clients: 7433
D/App     (17488): bindSocketToActiveNetwork: binding fd=111 to net=112 iface=wlan0
D/gojni   (17488): App: bindSocketToActiveNetwork: binding fd=111 to net=112 iface=wlan0
W/ip      ( 4780): type=1400 audit(0.0:24602): avc:  denied  { bind } for  scontext=u:r:untrusted_app_34:s0:c97,c257,c512,c768 tcontext=u:r:untrusted_app_34:s0:c97,c257,c512,c768 tclass=netlink_route_socket permissive=0 app=com.tailscale.ipn
W/ip      ( 4781): type=1400 audit(0.0:24603): avc:  denied  { bind } for  scontext=u:r:untrusted_app_34:s0:c97,c257,c512,c768 tcontext=u:r:untrusted_app_34:s0:c97,c257,c512,c768 tclass=netlink_route_socket permissive=0 app=com.tailscale.ipn
W/ip      ( 4782): type=1400 audit(0.0:24604): avc:  denied  { bind } for  scontext=u:r:untrusted_app_34:s0:c97,c257,c512,c768 tcontext=u:r:untrusted_app_34:s0:c97,c257,c512,c768 tclass=netlink_route_socket permissive=0 app=com.tailscale.ipn
I/WifiHAL ( 1017): Creating message to get link statistics; iface = 47
I/WifiHAL ( 1017): Getting cached scan results, iface handle = 0xb4000072f282ed50
E/WifiHAL ( 1017): Creating message to get cached scan results
I/WifiHAL ( 1017): In GetCachedScanResultsCommand::handleResponse
D/WifiHAL ( 1017): Start debug command: mType GET_FEATURE
I/WifiHAL ( 1017): CreateRequest mType = GET_FEATURE
D/WifiHAL ( 1017): In DebugCommand::handleResponse, mType:GET_FEATURE
D/WifiHAL ( 1017): len = 4, expected len = 4
I/HalDevMgr( 1509): bestIfaceCreationProposal is null, requestIface=STA, existingIface=[name=wlan0 type=STA]
I/pixel-thermal( 1798): usb_conn_therm:33.798 raw data: usb_conn_therm:33798 
I/pixel-thermal( 1798): VIRTUAL-USB-UI:0 raw data: USB-MINUS-CHARGER:-1825 VIRTUAL-USB-UI:0 charger_therm:35623 usb_conn_therm:33798 
I/pixel-thermal( 1798): Power rails total power: 1051.50 mW for 60024 ms
I/pixel-thermal( 1798): Power rails [VSYS_PWR_MODEM: 27.33 mW] [S8M_LLDO2: 32.34 mW] [S7M_VDD_TPU: 0.00 mW] [S6M_LLDO1: 75.74 mW] [S2M_VDD_CPUCL2: 12.70 mW] [S1M_VDD_MIF: 50.86 mW] 
I/pixel-thermal( 1798): Power rails [S5M_VDD_INT: 25.18 mW] [VSYS_PWR_DISPLAY: 111.94 mW] [L22M_DISP: 33.51 mW] [L21S_VDD2L_MEM: 3.10 mW] [S9M_VDD_CPUCL0_M: 16.66 mW] [VSYS_PWR_RFFE: 6.73 mW] 
I/pixel-thermal( 1798): Power rails [VSYS_PWR_WLAN_BT: 192.58 mW] [S4M_VDD_CPUCL0: 194.93 mW] [S11S_VDD_INT_M: 26.01 mW] [S3M_VDD_CPUCL1: 106.37 mW] [L2S_PLL_MIPI_UFS: 41.11 mW] [S1S_VDD_CAM: 19.13 mW] 
I/pixel-thermal( 1798): Power rails [S2S_VDD_G3D: 8.33 mW] [S12S_VDD_AUR: 6.47 mW] [S8S_VDD_G3D_L2: 2.47 mW] [S5S_VDDQ_MEM: 3.44 mW] [S4S_VDD2H_MEM: 43.48 mW] [S9S_VDD_AOC: 11.07 mW] 
I/pixel-thermal( 1798): CDEV log dc_icl state:10 gxp-cooling state:0 tpu_cooling state:0 usbc-port state:0 thermal-cpufreq-1 state:0 fcc state:0 thermal-gpufreq-0 state:0 thermal-cpufreq-2 state:0 thermal-cpufreq-0 state:0 
D/AOC     ( 1205): CHRE: DRAM vote count begins
D/AOC     ( 1205): CHRE: DRAM vote count ends: 0 ms
I/CHRE    (  967): @ 72766.585: [AR] inconsistent: 41.176472
I/NearbyMediums( 2764): No BLE Fast/GATT advertisements found in the latest cycle.
I/NearbyMediums( 2764): Current Tracked Scanning Clients are : {NearbyConnections.EnvironmentMonitor, NearbySharing, NearbyConnections.TxAdvertisement}
I/hwc-display(  554): Display Temperature : 33°C
I/WifiHAL ( 1017): Creating message to get link statistics; iface = 47
I/WifiHAL ( 1017): Getting cached scan results, iface handle = 0xb4000072f282ed50
E/WifiHAL ( 1017): Creating message to get cached scan results
I/WifiHAL ( 1017): In GetCachedScanResultsCommand::handleResponse
D/WifiHAL ( 1017): Start debug command: mType GET_FEATURE
I/WifiHAL ( 1017): CreateRequest mType = GET_FEATURE
D/WifiHAL ( 1017): In DebugCommand::handleResponse, mType:GET_FEATURE
D/WifiHAL ( 1017): len = 4, expected len = 4
I/HalDevMgr( 1509): bestIfaceCreationProposal is null, requestIface=STA, existingIface=[name=wlan0 type=STA]
I/pixel-thermal( 1798): charger_therm:35.623 raw data: charger_therm:35623 
I/pixel-thermal( 1798): VIRTUAL-SKIN-CHARGE:35.5082 raw data: VIRTUAL-SKIN-CHARGE:35508.2 VIRTUAL-SKIN-CHARGE-SUB-1:34529.7 VIRTUAL-SKIN-CHARGE-SUB-2:35508.2 charger_therm:35623 modem_therm:35490 quiet_therm:34510 rffe_therm:33998 soc_therm:34866 
I/pixel-thermal( 1798): VIRTUAL-SKIN-CHARGE power_budget=4751.56 err=2.49179 s_power=2200 time_elapsed_ms=7011 p=996.718 i=1600 d=-0 dt_per_min=nan compensation=0 budget transient=0 control target=2 excluded power budget=45.1609 (PARTIAL_SYSTEM_POWER: 903.22 mW, cdev_weight: 0.050000)
I/pixel-thermal( 1798): VIRTUAL-SKIN-SPEAKER:34.8745 raw data: VIRTUAL-SKIN-SPEAKER:34874.5 VIRTUAL-SKIN-SPEAKER-SUB-1:31938.9 VIRTUAL-SKIN-SPEAKER-SUB-2:34874.5 battery:34500 gnss_tcxo_therm:35289 quiet_therm:34510 soc_therm:34866 usb_conn_therm:33798 
I/pixel-thermal( 1798): VIRTUAL-SKIN-CHARGE-WLC:35.0995 raw data: VIRTUAL-SKIN-CHARGE-WLC:35099.5 charger_therm:35623 modem_therm:35490 rffe_therm:33998 soc_therm:34866 
I/pixel-thermal( 1798): VIRTUAL-SKIN-CHARGE-WLC power_budget=2289.77 err=2.90046 s_power=1400 time_elapsed_ms=7011 p=580.091 i=400 d=0 dt_per_min=nan compensation=0 budget transient=0 control target=2 excluded power budget=90.3219 (PARTIAL_SYSTEM_POWER: 903.22 mW, cdev_weight: 0.100000)
I/SharedLibrariesImpl( 1509): Start pruneUnusedStaticSharedLibraries for neededSpace: 9223372036854775807 maxCachePeriod: 604800000
I/Finsky  (25207): [100] AIM: AppInfoManager-Perf > Destroying AppInfoManager ...
D/AOC     ( 1205): CHRE: DRAM vote count begins
D/AOC     ( 1205): CHRE: DRAM vote count ends: 0 ms
I/CHRE    (  967): @ 72769.785: [AR] still: 52.549019
I/NearbyDiscovery( 2764): (REDACTED) DiscoveryService onStartCommand action: %s
I/NearbyDiscovery( 2764): FastPairApiHandler: trigger firmware update check [CONTEXT service_id=265 ]
I/NearbyDiscovery( 2764): (REDACTED) FastPairApiHandler: Send result, package=(%s), requestType=(%s), status=(%s)
D/IpClient/wlan0( 2306): addressUpdated: 240b:c010:461:d662:5cc1:215d:2e5:398e/64 on ifindex 47 flags 0x00000001 scope 0
W/AlarmManager( 2306): Unrecognized alarm listener com.android.networkstack.android.net.ip.IpClientLinkObserver$Dhcp6PdPreferredPrefixAlarmListener@2addaee
D/IpClient/wlan0( 2306): addressUpdated: fda4:1b4e:5427:0:3787:273d:6ba8:9b2d/64 on ifindex 47 flags 0x00000001 scope 0
W/AlarmManager( 2306): Unrecognized alarm listener com.android.networkstack.android.net.ip.IpClientLinkObserver$Dhcp6PdPreferredPrefixAlarmListener@2addaee
D/ApfFilter( 2306): (wlan0): Adding RA fe80::c613:75ff:fe8a:1763 -> ff02::1 1800s 240b:c010:461:d662::/64 4294967295s/4294967295s fda4:1b4e:5427::/64 4294967295s/4294967295s DNS 1800s fda4:1b4e:5427::1 RIO 1800s fda4:1b4e:5427::/48 
I/WPKTRT  ( 1148): process_address_event: 240b:c010:461:d662:b4d2:58ff:fead:f715 added to wlan0
I/WPKTRT  ( 1148): process_address_event: 240b:c010:461:d662:5cc1:215d:2e5:398e added to wlan0
I/WPKTRT  ( 1148): process_address_event: fda4:1b4e:5427:0:b4d2:58ff:fead:f715 added to wlan0
I/WPKTRT  ( 1148): process_address_event: fda4:1b4e:5427:0:3787:273d:6ba8:9b2d added to wlan0
I/ApfFilter( 2306): Past maximum program size, skipping RAs
E/WifiHAL ( 1017): Setting APF program, halHandle = 0xb4000072f282ed50
E/WifiHAL ( 1017): Set apf filter for iface = wlan0
I/WifiHAL ( 1017): createRequest: APF set program request
I/WifiHAL ( 1017): mProgramLen : 2979
I/pixel-thermal( 1798): soc_therm:34.866 raw data: soc_therm:34866 
I/WifiHAL ( 1017): Creating message to get link statistics; iface = 47
I/WifiHAL ( 1017): Getting cached scan results, iface handle = 0xb4000072f282ed50
E/WifiHAL ( 1017): Creating message to get cached scan results
I/WifiHAL ( 1017): In GetCachedScanResultsCommand::handleResponse
D/WifiHAL ( 1017): Start debug command: mType GET_FEATURE
I/WifiHAL ( 1017): CreateRequest mType = GET_FEATURE
D/WifiHAL ( 1017): In DebugCommand::handleResponse, mType:GET_FEATURE
D/WifiHAL ( 1017): len = 4, expected len = 4
I/HalDevMgr( 1509): bestIfaceCreationProposal is null, requestIface=STA, existingIface=[name=wlan0 type=STA]
I/bthal.activity(  964): bt_power: LeAdvStat: 19:41:10:325 - 19:41:11:328, duration: 1002, le_adv_count: 2, total_le_adv_count: 9341, total_event_count: 2
I/WifiHAL ( 1017): Creating message to get link statistics; iface = 47
I/WifiHAL ( 1017): Getting cached scan results, iface handle = 0xb4000072f282ed50
E/WifiHAL ( 1017): Creating message to get cached scan results
I/WifiHAL ( 1017): In GetCachedScanResultsCommand::handleResponse
D/ActivityManager( 1509): freezing 5289 com.google.android.apps.messaging
D/TemperatureStateSource( 2309): sequence=7195 actualDelay=10001
D/TemperatureStateSource( 2309): Reading temperature: sequence=7196
I/pixel-thermal( 1798): VIRTUAL-SKIN:34.667 raw data: VIRTUAL-SKIN:34666.9 VIRTUAL-SKIN-SUB-1:34666.9 VIRTUAL-SKIN-SUB-2:30821.3 VIRTUAL-SKIN-SUB-3:33231.1 charger_therm:35490 gnss_tcxo_therm:35222 modem_therm:35334 quiet_therm:34443 rffe_therm:33954 soc_therm:34799 usb_conn_therm:33776 
D/TemperatureStateSource( 2309): getDeviceTemperatures: sequence=7196 deviceTemperatureType=3 temperatureSource=0 temperatures=[34.66695]
D/TemperatureStateSource( 2309): sequence=7196 waitTime=10000
I/pixel-thermal( 1798): VIRTUAL-SKIN:34.667 raw data: VIRTUAL-SKIN:34666.9 
I/TemperatureStateSource( 2309): temperature was set
D/ImpulseStateSource( 2309): Notify clients: 7434
D/ImpulseConnection( 2309): bindService: com.google.android.apps.turbo
D/ActivityManager( 1509): sync unfroze 5840 com.google.android.apps.turbo for 6
D/ImpulseConnection( 2309): onServiceConnected: ComponentInfo{com.google.android.apps.turbo/com.google.android.apps.turbo.adaptiveplatform.impulse.ImpulseClientService} service is null false
W/ProcessStats( 1509): Tracking association SourceState{12d2682 com.google.android.pixelsystemservice/10245 ImpFg #171510} whose proc state 5 is better than process ProcessState{a2edaec com.google.android.apps.turbo/10135 pkg=com.google.android.apps.turbo} proc state 14 (6 skipped)
I/WifiHAL ( 1017): Creating message to get link statistics; iface = 47
I/WifiHAL ( 1017): Getting cached scan results, iface handle = 0xb4000072f282ed50
E/WifiHAL ( 1017): Creating message to get cached scan results
I/WifiHAL ( 1017): In GetCachedScanResultsCommand::handleResponse
D/WifiHAL ( 1017): Start debug command: mType GET_FEATURE
I/WifiHAL ( 1017): CreateRequest mType = GET_FEATURE
D/WifiHAL ( 1017): In DebugCommand::handleResponse, mType:GET_FEATURE
D/WifiHAL ( 1017): len = 4, expected len = 4
I/HalDevMgr( 1509): bestIfaceCreationProposal is null, requestIface=STA, existingIface=[name=wlan0 type=STA]
I/pixel-thermal( 1798): charger_therm:35.467 raw data: charger_therm:35467 
I/pixel-thermal( 1798): VIRTUAL-SKIN-CHARGE:35.4487 raw data: VIRTUAL-SKIN-CHARGE:35448.7 VIRTUAL-SKIN-CHARGE-SUB-1:34433.7 VIRTUAL-SKIN-CHARGE-SUB-2:35448.7 charger_therm:35467 modem_therm:35245 quiet_therm:34443 rffe_therm:33954 soc_therm:34844 
I/pixel-thermal( 1798): VIRTUAL-SKIN-CHARGE power_budget=4780.01 err=2.55127 s_power=2200 time_elapsed_ms=7013 p=1020.51 i=1600 d=0 dt_per_min=nan compensation=0 budget transient=0 control target=2 excluded power budget=40.4963 (PARTIAL_SYSTEM_POWER: 809.93 mW, cdev_weight: 0.050000)
I/pixel-thermal( 1798): VIRTUAL-SKIN-CHARGE-WLC:35.0013 raw data: VIRTUAL-SKIN-CHARGE-WLC:35001.3 charger_therm:35467 modem_therm:35245 rffe_therm:33954 soc_therm:34844 
I/pixel-thermal( 1798): VIRTUAL-SKIN-CHARGE-WLC power_budget=2318.75 err=2.99871 s_power=1400 time_elapsed_ms=7013 p=599.741 i=400 d=0 dt_per_min=nan compensation=0 budget transient=0 control target=2 excluded power budget=80.9926 (PARTIAL_SYSTEM_POWER: 809.93 mW, cdev_weight: 0.100000)
I/WifiHAL ( 1017): Creating message to get link statistics; iface = 47
I/NearbyMediums( 2764): No BLE Fast/GATT advertisements found in the latest cycle.
I/NearbyMediums( 2764): Current Tracked Scanning Clients are : {NearbyConnections.EnvironmentMonitor, NearbySharing, NearbyConnections.TxAdvertisement}
I/WifiHAL ( 1017): Getting cached scan results, iface handle = 0xb4000072f282ed50
E/WifiHAL ( 1017): Creating message to get cached scan results
I/WifiHAL ( 1017): In GetCachedScanResultsCommand::handleResponse
D/WifiHAL ( 1017): Start debug command: mType GET_FEATURE
I/WifiHAL ( 1017): CreateRequest mType = GET_FEATURE
D/WifiHAL ( 1017): In DebugCommand::handleResponse, mType:GET_FEATURE
D/WifiHAL ( 1017): len = 4, expected len = 4
I/HalDevMgr( 1509): bestIfaceCreationProposal is null, requestIface=STA, existingIface=[name=wlan0 type=STA]
I/system_server( 1509): Background young concurrent mark compact GC freed 33MB AllocSpace bytes, 3(56KB) LOS objects, 81% free, 93MB/512MB, paused 1.887ms,6.418ms total 194.786ms
I/NearbyDiscovery( 2764): (REDACTED) DiscoveryService onStartCommand action: %s
I/NearbyDiscovery( 2764): FastPairApiHandler: trigger firmware update check [CONTEXT service_id=265 ]
I/NearbyDiscovery( 2764): (REDACTED) FastPairApiHandler: Send result, package=(%s), requestType=(%s), status=(%s)
D/GRIL-S  ( 2315): [1685]> GET_STATS_ATOM_DATA, atomId: 2, keepData: false
D/GRIL-PowerStats( 2315): getModemEnergyData: task started
D/GRIL-PowerStats( 2315): getModemEnergyData: got 24 channels
D/GRIL-PowerStats( 2315): getModemEnergyData: got 24 measurements
D/GRIL-PowerStats( 2315): getModemEnergyData: task completed successfully
D/GRIL-S  ( 2315): [1685]< GET_STATS_ATOM_DATA 
I/SconeRelayMetricsApCollectorDataPlugin( 3179): SubId 2: Forced accumulation of 630049 ms for state DATA_AVAILABLE at report time. wasCellular=false
I/SconeRelayMetricsApCollectorDataPlugin( 3179): V4: Populating V3 fields
I/SconeRelayMetricsApCollectorDataPlugin( 3179): TCP RTT metrics collection is enabled.
I/SconeRelayMetricsApCollectorDataPlugin( 3179): SubId 2: Time elapsed since last PerSimDataStats.populateAndReset: 630049 ms
I/SconeTcpRttMonitor( 3179): getIpAddressesForNetwork: adding IPv4 address: 192.168.210.181
I/SconeTcpRttMonitor( 3179): getIpAddressesForNetwork: adding IPv6 address: 240b:c010:461:d662:b4d2:58ff:fead:f715
I/SconeTcpRttMonitor( 3179): getIpAddressesForNetwork: adding IPv6 address: 240b:c010:461:d662:5cc1:215d:2e5:398e
I/SconeTcpRttMonitor( 3179): getIpAddressesForNetwork: addresses for network 112: [192.168.210.181, 240b:c010:461:d662:b4d2:58ff:fead:f715, 240b:c010:461:d662:5cc1:215d:2e5:398e]
W/SconeNetworkManagerImpl( 3179): Service not available for: getTcpRttInfo
I/SconeTcpRttMonitor( 3179): No RTT entry found for DefaultNetworkIps: [192.168.210.181, 240b:c010:461:d662:b4d2:58ff:fead:f715, 240b:c010:461:d662:5cc1:215d:2e5:398e], threshold: 5000 ms
I/SconeTcpRttMonitor( 3179): Found network for transport 1: 112
I/SconeTcpRttMonitor( 3179): getIpAddressesForNetwork: adding IPv4 address: 192.168.210.181
I/SconeTcpRttMonitor( 3179): getIpAddressesForNetwork: adding IPv6 address: 240b:c010:461:d662:b4d2:58ff:fead:f715
I/SconeTcpRttMonitor( 3179): getIpAddressesForNetwork: adding IPv6 address: 240b:c010:461:d662:5cc1:215d:2e5:398e
I/SconeTcpRttMonitor( 3179): getIpAddressesForNetwork: addresses for network 112: [192.168.210.181, 240b:c010:461:d662:b4d2:58ff:fead:f715, 240b:c010:461:d662:5cc1:215d:2e5:398e]
W/SconeNetworkManagerImpl( 3179): Service not available for: getTcpRttInfo
I/SconeTcpRttMonitor( 3179): No RTT entry found for Transport: 1, Ips: [192.168.210.181, 240b:c010:461:d662:b4d2:58ff:fead:f715, 240b:c010:461:d662:5cc1:215d:2e5:398e], threshold: 5000 ms
I/SconeTcpRttMonitor( 3179): getIpAddressesForNetwork: adding IPv4 address: 192.168.210.181
I/SconeTcpRttMonitor( 3179): getIpAddressesForNetwork: adding IPv6 address: 240b:c010:461:d662:b4d2:58ff:fead:f715
I/SconeTcpRttMonitor( 3179): getIpAddressesForNetwork: adding IPv6 address: 240b:c010:461:d662:5cc1:215d:2e5:398e
I/SconeTcpRttMonitor( 3179): getIpAddressesForNetwork: addresses for network 112: [192.168.210.181, 240b:c010:461:d662:b4d2:58ff:fead:f715, 240b:c010:461:d662:5cc1:215d:2e5:398e]
W/SconeNetworkManagerImpl( 3179): Service not available for: getTcpRttInfo
I/SconeTcpRttMonitor( 3179): No RTT entry found for DefaultNetworkIps: [192.168.210.181, 240b:c010:461:d662:b4d2:58ff:fead:f715, 240b:c010:461:d662:5cc1:215d:2e5:398e], threshold: 10000 ms
I/SconeTcpRttMonitor( 3179): Found network for transport 1: 112
I/SconeTcpRttMonitor( 3179): getIpAddressesForNetwork: adding IPv4 address: 192.168.210.181
I/SconeTcpRttMonitor( 3179): getIpAddressesForNetwork: adding IPv6 address: 240b:c010:461:d662:b4d2:58ff:fead:f715
I/SconeTcpRttMonitor( 3179): getIpAddressesForNetwork: adding IPv6 address: 240b:c010:461:d662:5cc1:215d:2e5:398e
I/SconeTcpRttMonitor( 3179): getIpAddressesForNetwork: addresses for network 112: [192.168.210.181, 240b:c010:461:d662:b4d2:58ff:fead:f715, 240b:c010:461:d662:5cc1:215d:2e5:398e]
W/SconeNetworkManagerImpl( 3179): Service not available for: getTcpRttInfo
I/SconeTcpRttMonitor( 3179): No RTT entry found for Transport: 1, Ips: [192.168.210.181, 240b:c010:461:d662:b4d2:58ff:fead:f715, 240b:c010:461:d662:5cc1:215d:2e5:398e], threshold: 10000 ms
I/SconeTcpRttMonitor( 3179): getIpAddressesForNetwork: adding IPv4 address: 192.168.210.181
I/SconeTcpRttMonitor( 3179): getIpAddressesForNetwork: adding IPv6 address: 240b:c010:461:d662:b4d2:58ff:fead:f715
I/SconeTcpRttMonitor( 3179): getIpAddressesForNetwork: adding IPv6 address: 240b:c010:461:d662:5cc1:215d:2e5:398e
I/SconeTcpRttMonitor( 3179): getIpAddressesForNetwork: addresses for network 112: [192.168.210.181, 240b:c010:461:d662:b4d2:58ff:fead:f715, 240b:c010:461:d662:5cc1:215d:2e5:398e]
W/SconeNetworkManagerImpl( 3179): Service not available for: getTcpRttInfo
I/SconeTcpRttMonitor( 3179): No RTT entry found for DefaultNetworkIps: [192.168.210.181, 240b:c010:461:d662:b4d2:58ff:fead:f715, 240b:c010:461:d662:5cc1:215d:2e5:398e], threshold: 20000 ms
I/SconeTcpRttMonitor( 3179): Found network for transport 1: 112
I/SconeTcpRttMonitor( 3179): getIpAddressesForNetwork: adding IPv4 address: 192.168.210.181
I/SconeTcpRttMonitor( 3179): getIpAddressesForNetwork: adding IPv6 address: 240b:c010:461:d662:b4d2:58ff:fead:f715
I/SconeTcpRttMonitor( 3179): getIpAddressesForNetwork: adding IPv6 address: 240b:c010:461:d662:5cc1:215d:2e5:398e
I/SconeTcpRttMonitor( 3179): getIpAddressesForNetwork: addresses for network 112: [192.168.210.181, 240b:c010:461:d662:b4d2:58ff:fead:f715, 240b:c010:461:d662:5cc1:215d:2e5:398e]
W/SconeNetworkManagerImpl( 3179): Service not available for: getTcpRttInfo
I/SconeTcpRttMonitor( 3179): No RTT entry found for Transport: 1, Ips: [192.168.210.181, 240b:c010:461:d662:b4d2:58ff:fead:f715, 240b:c010:461:d662:5cc1:215d:2e5:398e], threshold: 20000 ms
I/SconeTcpRttMonitor( 3179): getIpAddressesForNetwork: adding IPv4 address: 192.168.210.181
I/SconeTcpRttMonitor( 3179): getIpAddressesForNetwork: adding IPv6 address: 240b:c010:461:d662:b4d2:58ff:fead:f715
I/SconeTcpRttMonitor( 3179): getIpAddressesForNetwork: adding IPv6 address: 240b:c010:461:d662:5cc1:215d:2e5:398e
I/SconeTcpRttMonitor( 3179): getIpAddressesForNetwork: addresses for network 112: [192.168.210.181, 240b:c010:461:d662:b4d2:58ff:fead:f715, 240b:c010:461:d662:5cc1:215d:2e5:398e]
W/SconeNetworkManagerImpl( 3179): Service not available for: getTcpRttInfo
I/SconeTcpRttMonitor( 3179): No RTT entry found for DefaultNetworkIps: [192.168.210.181, 240b:c010:461:d662:b4d2:58ff:fead:f715, 240b:c010:461:d662:5cc1:215d:2e5:398e], threshold: 30000 ms
I/SconeTcpRttMonitor( 3179): Found network for transport 1: 112
I/SconeTcpRttMonitor( 3179): getIpAddressesForNetwork: adding IPv4 address: 192.168.210.181
I/SconeTcpRttMonitor( 3179): getIpAddressesForNetwork: adding IPv6 address: 240b:c010:461:d662:b4d2:58ff:fead:f715
I/SconeTcpRttMonitor( 3179): getIpAddressesForNetwork: adding IPv6 address: 240b:c010:461:d662:5cc1:215d:2e5:398e
I/SconeTcpRttMonitor( 3179): getIpAddressesForNetwork: addresses for network 112: [192.168.210.181, 240b:c010:461:d662:b4d2:58ff:fead:f715, 240b:c010:461:d662:5cc1:215d:2e5:398e]
W/SconeNetworkManagerImpl( 3179): Service not available for: getTcpRttInfo
I/SconeTcpRttMonitor( 3179): No RTT entry found for Transport: 1, Ips: [192.168.210.181, 240b:c010:461:d662:b4d2:58ff:fead:f715, 240b:c010:461:d662:5cc1:215d:2e5:398e], threshold: 30000 ms
I/SconeTcpRttMonitor( 3179): getIpAddressesForNetwork: adding IPv4 address: 192.168.210.181
I/SconeTcpRttMonitor( 3179): getIpAddressesForNetwork: adding IPv6 address: 240b:c010:461:d662:b4d2:58ff:fead:f715
I/SconeTcpRttMonitor( 3179): getIpAddressesForNetwork: adding IPv6 address: 240b:c010:461:d662:5cc1:215d:2e5:398e
I/SconeTcpRttMonitor( 3179): getIpAddressesForNetwork: addresses for network 112: [192.168.210.181, 240b:c010:461:d662:b4d2:58ff:fead:f715, 240b:c010:461:d662:5cc1:215d:2e5:398e]
W/SconeNetworkManagerImpl( 3179): Service not available for: getTcpRttInfo
I/SconeTcpRttMonitor( 3179): No RTT entry found for DefaultNetworkIps: [192.168.210.181, 240b:c010:461:d662:b4d2:58ff:fead:f715, 240b:c010:461:d662:5cc1:215d:2e5:398e], threshold: 630049 ms
I/SconeTcpRttMonitor( 3179): Found network for transport 1: 112
I/SconeTcpRttMonitor( 3179): getIpAddressesForNetwork: adding IPv4 address: 192.168.210.181
I/SconeTcpRttMonitor( 3179): getIpAddressesForNetwork: adding IPv6 address: 240b:c010:461:d662:b4d2:58ff:fead:f715
I/SconeTcpRttMonitor( 3179): getIpAddressesForNetwork: adding IPv6 address: 240b:c010:461:d662:5cc1:215d:2e5:398e
I/SconeTcpRttMonitor( 3179): getIpAddressesForNetwork: addresses for network 112: [192.168.210.181, 240b:c010:461:d662:b4d2:58ff:fead:f715, 240b:c010:461:d662:5cc1:215d:2e5:398e]
W/SconeNetworkManagerImpl( 3179): Service not available for: getTcpRttInfo
I/SconeTcpRttMonitor( 3179): No RTT entry found for Transport: 1, Ips: [192.168.210.181, 240b:c010:461:d662:b4d2:58ff:fead:f715, 240b:c010:461:d662:5cc1:215d:2e5:398e], threshold: 630049 ms
I/SconeRelayMetricsApCollectorDataPlugin( 3179): Clearing cycle metrics for SubId 2
I/SconeRelayMetricsApCollectorDataPlugin( 3179): SubId 2: Resetting lastStateChangeElapsedMillis to 72731915 after clear.
I/SconeRelayMetricsApCollectorDataPlugin( 3179): populateAndReset completed.
I/ASvc::AudioExtension(  959): getAudioMetricDataReader
I/ASvc::AudioMetricDataReader(  959): getMicStateAtMicIndex
I/ASvc::AudioMetricDataReader(  959): getCodecCrashedCountFromLastCallEvent
I/ASvc::AudioMetricDataReader(  959): getSpeakerImpedanceAtSpeakerIndex
I/ASvc::AudioMetricDataReader(  959): getSpeakerImpedanceAtSpeakerIndex
I/SconeRelayMetricsController( 3179): isRegularStatsdLoggingEnabled: false
I/bthal.activity(  964): bt_power: LeAdvStat: 19:41:18:346 - 19:41:19:352, duration: 1005, le_adv_count: 2, total_le_adv_count: 9343, total_event_count: 0
I/WifiHAL ( 1017): Creating message to get link statistics; iface = 47
I/WifiHAL ( 1017): Getting cached scan results, iface handle = 0xb4000072f282ed50
E/WifiHAL ( 1017): Creating message to get cached scan results
I/WifiHAL ( 1017): In GetCachedScanResultsCommand::handleResponse
D/WifiHAL ( 1017): Start debug command: mType GET_FEATURE
I/WifiHAL ( 1017): CreateRequest mType = GET_FEATURE
D/WifiHAL ( 1017): In DebugCommand::handleResponse, mType:GET_FEATURE
D/WifiHAL ( 1017): len = 4, expected len = 4
I/HalDevMgr( 1509): bestIfaceCreationProposal is null, requestIface=STA, existingIface=[name=wlan0 type=STA]
I/pixel-thermal( 1798): VIRTUAL-SKIN-CHARGE:35.42 raw data: VIRTUAL-SKIN-CHARGE:35420 VIRTUAL-SKIN-CHARGE-SUB-1:34360.2 VIRTUAL-SKIN-CHARGE-SUB-2:35420 charger_therm:35356 modem_therm:35200 quiet_therm:34443 rffe_therm:33887 soc_therm:34755 
I/pixel-thermal( 1798): VIRTUAL-SKIN-CHARGE power_budget=4793.55 err=2.58002 s_power=2200 time_elapsed_ms=7013 p=1032.01 i=1600 d=0 dt_per_min=nan compensation=0 budget transient=0 control target=2 excluded power budget=38.4572 (PARTIAL_SYSTEM_POWER: 769.14 mW, cdev_weight: 0.050000)
I/pixel-thermal( 1798): VIRTUAL-SKIN-CHARGE-WLC:34.9262 raw data: VIRTUAL-SKIN-CHARGE-WLC:34926.2 charger_therm:35356 modem_therm:35200 rffe_therm:33887 soc_therm:34755 
I/pixel-thermal( 1798): VIRTUAL-SKIN-CHARGE-WLC power_budget=2337.84 err=3.07376 s_power=1400 time_elapsed_ms=7013 p=614.753 i=400 d=0 dt_per_min=nan compensation=0 budget transient=0 control target=2 excluded power budget=76.9144 (PARTIAL_SYSTEM_POWER: 769.14 mW, cdev_weight: 0.100000)
I/WifiHAL ( 1017): Creating message to get link statistics; iface = 47
I/WifiHAL ( 1017): Getting cached scan results, iface handle = 0xb4000072f282ed50
E/WifiHAL ( 1017): Creating message to get cached scan results
I/WifiHAL ( 1017): In GetCachedScanResultsCommand::handleResponse
D/WifiHAL ( 1017): Start debug command: mType GET_FEATURE
I/WifiHAL ( 1017): CreateRequest mType = GET_FEATURE
D/WifiHAL ( 1017): In DebugCommand::handleResponse, mType:GET_FEATURE
D/WifiHAL ( 1017): len = 4, expected len = 4
I/HalDevMgr( 1509): bestIfaceCreationProposal is null, requestIface=STA, existingIface=[name=wlan0 type=STA]
D/TemperatureStateSource( 2309): sequence=7196 actualDelay=10000
D/TemperatureStateSource( 2309): Reading temperature: sequence=7197
I/pixel-thermal( 1798): VIRTUAL-SKIN:34.6084 raw data: VIRTUAL-SKIN:34608.4 VIRTUAL-SKIN-SUB-1:34608.4 VIRTUAL-SKIN-SUB-2:30721.5 VIRTUAL-SKIN-SUB-3:33180.7 charger_therm:35356 gnss_tcxo_therm:35111 modem_therm:35200 quiet_therm:34443 rffe_therm:33887 soc_therm:34755 usb_conn_therm:33820 
D/TemperatureStateSource( 2309): getDeviceTemperatures: sequence=7197 deviceTemperatureType=3 temperatureSource=0 temperatures=[34.6084]
D/TemperatureStateSource( 2309): sequence=7197 waitTime=10000
D/ImpulseStateSource( 2309): Notify clients: 7435
D/AOC     ( 1205): A3:MSG: usf_sensor.cc, 1881: USF: Received stop sampling request for LSM6DSV Accelerometer (active:4).
D/AOC     ( 1205): CHRE: DRAM vote count begins
I/CHRE    (  967): @ 72785.784: [AR] ON => IDLE
D/AOC     ( 1205): CHRE: DRAM vote count ends: 0 ms
I/WifiHAL ( 1017): Creating message to get link statistics; iface = 47
I/NearbyDiscovery( 2764): (REDACTED) DiscoveryService onStartCommand action: %s
I/NearbyDiscovery( 2764): FastPairApiHandler: trigger firmware update check [CONTEXT service_id=265 ]
I/NearbyDiscovery( 2764): (REDACTED) FastPairApiHandler: Send result, package=(%s), requestType=(%s), status=(%s)
I/WifiHAL ( 1017): Getting cached scan results, iface handle = 0xb4000072f282ed50
E/WifiHAL ( 1017): Creating message to get cached scan results
I/WifiHAL ( 1017): In GetCachedScanResultsCommand::handleResponse
D/WifiHAL ( 1017): Start debug command: mType GET_FEATURE
I/WifiHAL ( 1017): CreateRequest mType = GET_FEATURE
D/WifiHAL ( 1017): In DebugCommand::handleResponse, mType:GET_FEATURE
D/WifiHAL ( 1017): len = 4, expected len = 4
I/HalDevMgr( 1509): bestIfaceCreationProposal is null, requestIface=STA, existingIface=[name=wlan0 type=STA]
I/NearbyMediums( 2764): No BLE Fast/GATT advertisements found in the latest cycle.
I/NearbyMediums( 2764): Current Tracked Scanning Clients are : {NearbyConnections.EnvironmentMonitor, NearbySharing, NearbyConnections.TxAdvertisement}
I/bthal.activity(  964): bt_power: LeAdvStat: 19:41:26:377 - 19:41:27:379, duration: 1001, le_adv_count: 2, total_le_adv_count: 9345, total_event_count: 2
W/TracingMuxer( 1204): type=1400 audit(0.0:24605): avc:  denied  { write } for  name="traced_producer" dev="tmpfs" ino=1356 scontext=u:r:gxp_logging:s0 tcontext=u:object_r:traced_producer_socket:s0 tclass=sock_file permissive=0
D/App     (17488): bindSocketToActiveNetwork: binding fd=111 to net=112 iface=wlan0
D/gojni   (17488): App: bindSocketToActiveNetwork: binding fd=111 to net=112 iface=wlan0
W/ip      ( 4791): type=1400 audit(0.0:24606): avc:  denied  { bind } for  scontext=u:r:untrusted_app_34:s0:c97,c257,c512,c768 tcontext=u:r:untrusted_app_34:s0:c97,c257,c512,c768 tclass=netlink_route_socket permissive=0 app=com.tailscale.ipn
W/ip      ( 4792): type=1400 audit(0.0:24607): avc:  denied  { bind } for  scontext=u:r:untrusted_app_34:s0:c97,c257,c512,c768 tcontext=u:r:untrusted_app_34:s0:c97,c257,c512,c768 tclass=netlink_route_socket permissive=0 app=com.tailscale.ipn
W/ip      ( 4793): type=1400 audit(0.0:24608): avc:  denied  { bind } for  scontext=u:r:untrusted_app_34:s0:c97,c257,c512,c768 tcontext=u:r:untrusted_app_34:s0:c97,c257,c512,c768 tclass=netlink_route_socket permissive=0
I/WifiHAL ( 1017): Creating message to get link statistics; iface = 47
I/WifiHAL ( 1017): Getting cached scan results, iface handle = 0xb4000072f282ed50
E/WifiHAL ( 1017): Creating message to get cached scan results
I/WifiHAL ( 1017): In GetCachedScanResultsCommand::handleResponse
D/WifiHAL ( 1017): Start debug command: mType GET_FEATURE
I/WifiHAL ( 1017): CreateRequest mType = GET_FEATURE
D/WifiHAL ( 1017): In DebugCommand::handleResponse, mType:GET_FEATURE
D/WifiHAL ( 1017): len = 4, expected len = 4
I/HalDevMgr( 1509): bestIfaceCreationProposal is null, requestIface=STA, existingIface=[name=wlan0 type=STA]
I/pixel-thermal( 1798): VIRTUAL-SKIN-CHARGE:35.38 raw data: VIRTUAL-SKIN-CHARGE:35380 VIRTUAL-SKIN-CHARGE-SUB-1:34332.7 VIRTUAL-SKIN-CHARGE-SUB-2:35380 charger_therm:35334 modem_therm:35111 quiet_therm:34377 rffe_therm:33887 soc_therm:34733 
I/pixel-thermal( 1798): VIRTUAL-SKIN-CHARGE power_budget=4807.7 err=2.62001 s_power=2200 time_elapsed_ms=7012 p=1048.01 i=1600 d=0 dt_per_min=nan compensation=0 budget transient=0 control target=2 excluded power budget=40.3027 (PARTIAL_SYSTEM_POWER: 806.05 mW, cdev_weight: 0.050000)
I/pixel-thermal( 1798): VIRTUAL-SKIN-CHARGE-WLC:34.898 raw data: VIRTUAL-SKIN-CHARGE-WLC:34898 charger_therm:35334 modem_therm:35111 rffe_therm:33887 soc_therm:34733 
I/pixel-thermal( 1798): VIRTUAL-SKIN-CHARGE-WLC power_budget=2339.79 err=3.10198 s_power=1400 time_elapsed_ms=7012 p=620.396 i=400 d=0 dt_per_min=nan compensation=0 budget transient=0 control target=2 excluded power budget=80.6054 (PARTIAL_SYSTEM_POWER: 806.05 mW, cdev_weight: 0.100000)
W/System  ( 2315): A resource failed to call close. 
W/System  ( 2315): A resource failed to call close. 
I/PlayCommon(25207): [194] Preparing logs for uploading
W/PlayCommon(25207): [194] No account for auth token provided
I/PlayCommon(25207): [194] Connecting to server: https://play.googleapis.com/play/log?format=raw&proto_v2=true
I/PlayCommon(25207): [194] Successfully uploaded logs.
I/WifiHAL ( 1017): Creating message to get link statistics; iface = 47
I/WifiHAL ( 1017): Getting cached scan results, iface handle = 0xb4000072f282ed50
E/WifiHAL ( 1017): Creating message to get cached scan results
I/WifiHAL ( 1017): In GetCachedScanResultsCommand::handleResponse
D/WifiHAL ( 1017): Start debug command: mType GET_FEATURE
I/WifiHAL ( 1017): CreateRequest mType = GET_FEATURE
D/WifiHAL ( 1017): In DebugCommand::handleResponse, mType:GET_FEATURE
D/WifiHAL ( 1017): len = 4, expected len = 4
I/HalDevMgr( 1509): bestIfaceCreationProposal is null, requestIface=STA, existingIface=[name=wlan0 type=STA]
D/TemperatureStateSource( 2309): sequence=7197 actualDelay=10002
D/TemperatureStateSource( 2309): Reading temperature: sequence=7198
I/pixel-thermal( 1798): VIRTUAL-SKIN:34.5675 raw data: VIRTUAL-SKIN:34567.4 VIRTUAL-SKIN-SUB-1:34567.4 VIRTUAL-SKIN-SUB-2:30664.7 VIRTUAL-SKIN-SUB-3:33170.8 charger_therm:35334 gnss_tcxo_therm:35022 modem_therm:35111 quiet_therm:34377 rffe_therm:33887 soc_therm:34733 usb_conn_therm:33842 
D/TemperatureStateSource( 2309): getDeviceTemperatures: sequence=7198 deviceTemperatureType=3 temperatureSource=0 temperatures=[34.56745]
D/TemperatureStateSource( 2309): sequence=7198 waitTime=10000
D/ImpulseStateSource( 2309): Notify clients: 7436
E/hwc-display(  554): [PrimaryDisplay,pid=992,blob#396,chan#0] HistogramDevice::checkQueryResult: BAD_HIST_DATA, no event is handled
D/usf_sensor_hal(  992): [p0]Histogram API error:BAD_HIST_DATA
I/NearbyDiscovery( 2764): (REDACTED) DiscoveryService onStartCommand action: %s
I/NearbyDiscovery( 2764): FastPairApiHandler: trigger firmware update check [CONTEXT service_id=265 ]
I/NearbyDiscovery( 2764): (REDACTED) FastPairApiHandler: Send result, package=(%s), requestType=(%s), status=(%s)
E/system_server( 1509): updateValue is called with a value 136092, which is lower than the previous value 136093
I/bthal.activity(  964): bt_power: LeAdvStat: 19:41:34:404 - 19:41:35:406, duration: 1001, le_adv_count: 2, total_le_adv_count: 9347, total_event_count: 2
I/WifiHAL ( 1017): Creating message to get link statistics; iface = 47
I/WifiHAL ( 1017): Getting cached scan results, iface handle = 0xb4000072f282ed50
E/WifiHAL ( 1017): Creating message to get cached scan results
I/WifiHAL ( 1017): In GetCachedScanResultsCommand::handleResponse
D/WifiHAL ( 1017): Start debug command: mType GET_FEATURE
I/WifiHAL ( 1017): CreateRequest mType = GET_FEATURE
D/WifiHAL ( 1017): In DebugCommand::handleResponse, mType:GET_FEATURE
D/WifiHAL ( 1017): len = 4, expected len = 4
I/HalDevMgr( 1509): bestIfaceCreationProposal is null, requestIface=STA, existingIface=[name=wlan0 type=STA]
W/Turbo.OnDeviceBatteryHistory( 5840): addEvents: loaded 0 battery events.
W/Turbo.OnDeviceBatteryHistory( 5840): addEvents: loaded battery events completed.
W/Turbo.EstimatedTimeRemainingProvider( 5840): queryTimeToDischarge: 9395388
D/Estimate( 2175): storeCachedEstimate
D/IpClient/wlan0( 2306): interfaceLinkStateChanged: ifindex 47 up
I/pixel-thermal( 1798): VIRTUAL-SKIN-CHARGE:35.3692 raw data: VIRTUAL-SKIN-CHARGE:35369.2 VIRTUAL-SKIN-CHARGE-SUB-1:34374.5 VIRTUAL-SKIN-CHARGE-SUB-2:35369.2 charger_therm:35334 modem_therm:35133 quiet_therm:34265 rffe_therm:34020 soc_therm:34688 
I/pixel-thermal( 1798): VIRTUAL-SKIN-CHARGE power_budget=4811.63 err=2.63083 s_power=2200 time_elapsed_ms=7019 p=1052.33 i=1600 d=0 dt_per_min=nan compensation=0 budget transient=0 control target=2 excluded power budget=40.7012 (PARTIAL_SYSTEM_POWER: 814.02 mW, cdev_weight: 0.050000)
I/pixel-thermal( 1798): VIRTUAL-SKIN-CHARGE-WLC:34.9404 raw data: VIRTUAL-SKIN-CHARGE-WLC:34940.4 charger_therm:35334 modem_therm:35133 rffe_therm:34020 soc_therm:34688 
I/pixel-thermal( 1798): VIRTUAL-SKIN-CHARGE-WLC power_budget=2330.52 err=3.05964 s_power=1400 time_elapsed_ms=7019 p=611.927 i=400 d=-0 dt_per_min=nan compensation=0 budget transient=0 control target=2 excluded power budget=81.4024 (PARTIAL_SYSTEM_POWER: 814.02 mW, cdev_weight: 0.100000)
D/AOC     ( 1205): A3:MSG: usf_vsc_log.cc, 69: VSC: [Auto Brightness] Retune sensor-0 (tout:1 drop:0): avg 96.577 -> 96.577 [wm:97.221]
D/AOC     ( 1205): A3:MSG: usf_vsc_log.cc, 69: VSC: [Auto Brightness] Retune sensor-3 (tout:1 drop:0): avg 96.514 -> 96.514 [wm:97.148]
I/NearbyMediums( 2764): No BLE Fast/GATT advertisements found in the latest cycle.
I/NearbyMediums( 2764): Current Tracked Scanning Clients are : {NearbyConnections.EnvironmentMonitor, NearbySharing, NearbyConnections.TxAdvertisement}
I/hwc-display(  554): Display Temperature : 33°C
D/BoundBrokerSvc(31472): onUnbind: Intent { act=com.google.android.gms.common.BIND_SHARED_PREFS xflg=0x4 pkg=com.google.android.gms }
I/WifiHAL ( 1017): Creating message to get link statistics; iface = 47
I/WifiHAL ( 1017): Getting cached scan results, iface handle = 0xb4000072f282ed50
E/WifiHAL ( 1017): Creating message to get cached scan results
I/WifiHAL ( 1017): In GetCachedScanResultsCommand::handleResponse
D/WifiHAL ( 1017): Start debug command: mType GET_FEATURE
I/WifiHAL ( 1017): CreateRequest mType = GET_FEATURE
D/WifiHAL ( 1017): In DebugCommand::handleResponse, mType:GET_FEATURE
D/WifiHAL ( 1017): len = 4, expected len = 4
I/HalDevMgr( 1509): bestIfaceCreationProposal is null, requestIface=STA, existingIface=[name=wlan0 type=STA]
I/WifiHAL ( 1017): Creating message to get link statistics; iface = 47
I/WifiHAL ( 1017): Getting cached scan results, iface handle = 0xb4000072f282ed50
E/WifiHAL ( 1017): Creating message to get cached scan results
I/WifiHAL ( 1017): In GetCachedScanResultsCommand::handleResponse
D/WifiHAL ( 1017): Start debug command: mType GET_FEATURE
I/WifiHAL ( 1017): CreateRequest mType = GET_FEATURE
D/WifiHAL ( 1017): In DebugCommand::handleResponse, mType:GET_FEATURE
D/WifiHAL ( 1017): len = 4, expected len = 4
I/HalDevMgr( 1509): bestIfaceCreationProposal is null, requestIface=STA, existingIface=[name=wlan0 type=STA]
I/NearbyDiscovery( 2764): (REDACTED) DiscoveryService onStartCommand action: %s
I/NearbyDiscovery( 2764): FastPairApiHandler: trigger firmware update check [CONTEXT service_id=265 ]
I/NearbyDiscovery( 2764): (REDACTED) FastPairApiHandler: Send result, package=(%s), requestType=(%s), status=(%s)
I/bthal.activity(  964): bt_power: LeAdvStat: 19:41:42:416 - 19:41:43:418, duration: 1002, le_adv_count: 2, total_le_adv_count: 9349, total_event_count: 2
D/TemperatureStateSource( 2309): sequence=7198 actualDelay=10001
D/TemperatureStateSource( 2309): Reading temperature: sequence=7199
I/pixel-thermal( 1798): VIRTUAL-SKIN:34.5681 raw data: VIRTUAL-SKIN:34568.1 VIRTUAL-SKIN-SUB-1:34568.1 VIRTUAL-SKIN-SUB-2:30640.4 VIRTUAL-SKIN-SUB-3:33179.5 charger_therm:35311 gnss_tcxo_therm:35089 modem_therm:35067 quiet_therm:34377 rffe_therm:33909 soc_therm:34710 usb_conn_therm:33842 
D/TemperatureStateSource( 2309): getDeviceTemperatures: sequence=7199 deviceTemperatureType=3 temperatureSource=0 temperatures=[34.568104]
D/TemperatureStateSource( 2309): sequence=7199 waitTime=10000
D/ImpulseStateSource( 2309): Notify clients: 7437
D/ImpulseConnection( 2309): timeout happen: com.google.android.apps.turbo
D/ImpulseConnection( 2309): unbindService for releasing a CONNECTED connection com.google.android.apps.turbo
I/pixel-thermal( 1798): VIRTUAL-SKIN-CHARGE:35.3894 raw data: VIRTUAL-SKIN-CHARGE:35389.4 VIRTUAL-SKIN-CHARGE-SUB-1:34322.2 VIRTUAL-SKIN-CHARGE-SUB-2:35389.4 charger_therm:35311 modem_therm:35067 quiet_therm:34377 rffe_therm:33909 soc_therm:34710 
I/pixel-thermal( 1798): VIRTUAL-SKIN-CHARGE power_budget=4803.39 err=2.61058 s_power=2200 time_elapsed_ms=7016 p=1044.23 i=1600 d=-0 dt_per_min=nan compensation=0 budget transient=0 control target=2 excluded power budget=40.8385 (PARTIAL_SYSTEM_POWER: 816.77 mW, cdev_weight: 0.050000)
I/pixel-thermal( 1798): VIRTUAL-SKIN-CHARGE-WLC:34.8872 raw data: VIRTUAL-SKIN-CHARGE-WLC:34887.2 charger_therm:35311 modem_therm:35067 rffe_therm:33909 soc_therm:34710 
I/pixel-thermal( 1798): VIRTUAL-SKIN-CHARGE-WLC power_budget=2340.88 err=3.11279 s_power=1400 time_elapsed_ms=7016 p=622.557 i=400 d=0 dt_per_min=nan compensation=0 budget transient=0 control target=2 excluded power budget=81.6769 (PARTIAL_SYSTEM_POWER: 816.77 mW, cdev_weight: 0.100000)
E/WakeLock( 2764): *gms_scheduler*/com.google.android.gms/.games.chimera.GamesSyncServiceMainProxy ** IS FORCE-RELEASED ON TIMEOUT ** [CONTEXT service_id=259 ]
I/WifiHAL ( 1017): Creating message to get link statistics; iface = 47
I/WifiHAL ( 1017): Getting cached scan results, iface handle = 0xb4000072f282ed50
E/WifiHAL ( 1017): Creating message to get cached scan results
I/WifiHAL ( 1017): In GetCachedScanResultsCommand::handleResponse
D/WifiHAL ( 1017): Start debug command: mType GET_FEATURE
I/WifiHAL ( 1017): CreateRequest mType = GET_FEATURE
D/WifiHAL ( 1017): In DebugCommand::handleResponse, mType:GET_FEATURE
D/WifiHAL ( 1017): len = 4, expected len = 4
I/HalDevMgr( 1509): bestIfaceCreationProposal is null, requestIface=STA, existingIface=[name=wlan0 type=STA]
D/RILClient( 1168): [OemClient]IND: (clientId = 0, msgId = 5104, dataLength = 7, channel = 1)
D/RILClient( 1168): [OemClient]IND: (clientId = 0, msgId = 2016, dataLength = 996, channel = 1)
I/SHANNON_IMS( 2398): 9197 [DATA] Received mCellStatus [ 1 ]  [  band : 0] (RilIndImsPhysicalChannelConfigs%update:44)
I/SHANNON_IMS( 2398): 9198 [NETW] #:PURP:# UNSOL {RILC_UNSOL_PHYSICAL_CHANNEL_CONFIGS} :   band : 3  (NetworkAdaptor$AdaptorChannel%onMessage:306)
D/ActivityManager( 1509): sync unfroze 18771 .ShannonImsService for 7
I/WifiHAL ( 1017): found interface wlan0
D/StateService( 3179): Country ISO: jp
I/WifiHAL ( 1017): Setting Channel Avoidance success
I/NearbyMediums( 2764): No BLE Fast/GATT advertisements found in the latest cycle.
I/NearbyMediums( 2764): Current Tracked Scanning Clients are : {NearbyConnections.EnvironmentMonitor, NearbySharing, NearbyConnections.TxAdvertisement}
D/GRIL-S  ( 2315): [1686]> SET_PREFERRED_DISPLAY_FREQ_1_4[1000000, 1102000]
D/GRIL-S  ( 2315): [1686]< SET_PREFERRED_DISPLAY_FREQ_1_4 
I/WifiHAL ( 1017): Creating message to get link statistics; iface = 47
I/WifiHAL ( 1017): Getting cached scan results, iface handle = 0xb4000072f282ed50
E/WifiHAL ( 1017): Creating message to get cached scan results
I/WifiHAL ( 1017): In GetCachedScanResultsCommand::handleResponse
D/WifiHAL ( 1017): Start debug command: mType GET_FEATURE
I/WifiHAL ( 1017): CreateRequest mType = GET_FEATURE
D/WifiHAL ( 1017): In DebugCommand::handleResponse, mType:GET_FEATURE
D/WifiHAL ( 1017): len = 4, expected len = 4
I/HalDevMgr( 1509): bestIfaceCreationProposal is null, requestIface=STA, existingIface=[name=wlan0 type=STA]
D/PowerManagerLceEstimator( 4353): Downlink cellular capacity updated to 74956 Kbps
D/PowerManagerLceEstimator( 4353): Uplink cellular capacity updated to 12280 Kbps
I/NearbyDiscovery( 2764): (REDACTED) DiscoveryService onStartCommand action: %s
I/NearbyDiscovery( 2764): FastPairApiHandler: trigger firmware update check [CONTEXT service_id=265 ]
I/NearbyDiscovery( 2764): (REDACTED) FastPairApiHandler: Send result, package=(%s), requestType=(%s), status=(%s)
E/hwc-display(  554): [PrimaryDisplay,pid=992,blob#396,chan#0] HistogramDevice::checkQueryResult: BAD_HIST_DATA, no event is handled
D/usf_sensor_hal(  992): [p0]Histogram API error:BAD_HIST_DATA
W/hwc-display(  554): [PrimaryDisplay,pid=554,blob#396] HistogramDevice::_handleDrmEvent: ignore the event(0x795ca324b8), collectStatus is NOT_STARTED
I/pixel-thermal( 1798): VIRTUAL-SKIN-CHARGE:35.3849 raw data: VIRTUAL-SKIN-CHARGE:35384.9 VIRTUAL-SKIN-CHARGE-SUB-1:34420.2 VIRTUAL-SKIN-CHARGE-SUB-2:35384.9 charger_therm:35400 modem_therm:35490 quiet_therm:34354 rffe_therm:33931 soc_therm:34666 
I/pixel-thermal( 1798): VIRTUAL-SKIN-CHARGE power_budget=4801.16 err=2.61508 s_power=2200 time_elapsed_ms=7012 p=1046.03 i=1600 d=0 dt_per_min=nan compensation=0 budget transient=0 control target=2 excluded power budget=44.8739 (PARTIAL_SYSTEM_POWER: 897.48 mW, cdev_weight: 0.050000)
I/pixel-thermal( 1798): VIRTUAL-SKIN-CHARGE-WLC:34.9877 raw data: VIRTUAL-SKIN-CHARGE-WLC:34987.7 charger_therm:35400 modem_therm:35490 rffe_therm:33931 soc_therm:34666 
I/pixel-thermal( 1798): VIRTUAL-SKIN-CHARGE-WLC power_budget=2312.72 err=3.01232 s_power=1400 time_elapsed_ms=7012 p=602.464 i=400 d=-0 dt_per_min=nan compensation=0 budget transient=0 control target=2 excluded power budget=89.7478 (PARTIAL_SYSTEM_POWER: 897.48 mW, cdev_weight: 0.100000)
I/adbd    ( 1256): adbd service requested 'shell,v2,TERM=dumb:export ANDROID_LOG_TAGS="''"; exec logcat '-d' '-v' 'brief''
I/WifiHAL ( 1017): Creating message to get link statistics; iface = 47
I/WifiHAL ( 1017): Getting cached scan results, iface handle = 0xb4000072f282ed50
E/WifiHAL ( 1017): Creating message to get cached scan results
I/WifiHAL ( 1017): In GetCachedScanResultsCommand::handleResponse
D/WifiHAL ( 1017): Start debug command: mType GET_FEATURE
I/WifiHAL ( 1017): CreateRequest mType = GET_FEATURE
D/WifiHAL ( 1017): In DebugCommand::handleResponse, mType:GET_FEATURE
D/WifiHAL ( 1017): len = 4, expected len = 4
I/HalDevMgr( 1509): bestIfaceCreationProposal is null, requestIface=STA, existingIface=[name=wlan0 type=STA]
